[Licensing::Module] Trying to connect to existing licensing client channel...
Built from '6000.3/staging' branch; Version is '6000.3.11f1 (3000ef702840) revision 3145967'; Using compiler version '194234433'; Build Type 'Release'
OS: 'Windows 11  (10.0.26200) Core' Language: 'en' Physical Memory: 32538 MB
BatchMode: 1, IsHumanControllingUs: 0, StartBugReporterOnCrash: 0, Is64bit: 1
System  architecture: x64
Process architecture: x64
Date: 2026-03-18T04:03:39Z
[Licensing::IpcConnector] Successfully connected to: "LicenseClient-ivory" at "2026-03-18T04:03:39.0443351Z"
[Licensing::Client] Code 10 while verifying Licensing Client signature (process Id: 38668, path: "E:/UnityHub/Unity Hub/UnityLicensingClient_V1/Unity.Licensing.Client.exe")
[Licensing::Module] LicensingClient has failed validation; ignoring
[Licensing::Client] Error: HandshakeResponse reported an error:
	ResponseCode: 505
	ResponseStatus: Unsupported protocol version '1.18.0'.
[Licensing::Module] Error: Failed to handshake to channel: "LicenseClient-ivory"
[Licensing::IpcConnector] LicenseClient-ivory channel disconnected successfully.
[Licensing::IpcConnector] Successfully connected to: "LicenseClient-ivory-6000.3.11" at "2026-03-18T04:03:39.0950695Z"
[Licensing::Client] Handshaking with LicensingClient:
  Version:                 1.18.0+23225a6
  Session Id:              b5b4ae2896e14662bafb649310819b78
  Correlation Id:          08972eaeac11e3935715c6a268c30fc1
  External correlation Id: 6399732669160824094
  Machine Id:              Nm+8g8ErDB6bypNONDJHEaAORQI=
[Licensing::Module] Successfully connected to LicensingClient on channel: "LicenseClient-ivory-6000.3.11" (connect: 0.00s, validation: 0.00s, handshake: 0.12s)
[Licensing::IpcConnector] Successfully connected to: "LicenseClient-ivory-6000.3.11-notifications" at "2026-03-18T04:03:39.2187978Z"
[Licensing::Module] Licensing Background thread has ended after 0.17s

COMMAND LINE ARGUMENTS:
E:\Unity\Hub\Editor\6000.3.11f1\Editor\Unity.exe
-adb2
-batchMode
-noUpm
-name
AssetImportWorker0
-projectPath
E:/Unity/Projects/FoxholeTools
-logFile
Logs/AssetImportWorker0.log
-srvPort
55459
-licensingIpc
LicenseClient-ivory
-job-worker-count
11
-background-job-worker-count
8
-gc-helper-count
1
-name
AssetImport
Successfully changed project path to: E:/Unity/Projects/FoxholeTools
E:/Unity/Projects/FoxholeTools
[UnityMemory] Configuration Parameters - Can be set up in boot.config
    "memorysetup-temp-allocator-size-nav-mesh-worker=65536"
    "memorysetup-temp-allocator-size-audio-worker=65536"
    "memorysetup-temp-allocator-size-gfx=262144"
    "memorysetup-allocator-temp-initial-block-size-main=262144"
    "memorysetup-allocator-temp-initial-block-size-worker=262144"
    "memorysetup-temp-allocator-size-background-worker=32768"
    "memorysetup-temp-allocator-size-job-worker=262144"
    "memorysetup-temp-allocator-size-preload-manager=33554432"
    "memorysetup-temp-allocator-size-gi-baking-worker=262144"
    "memorysetup-temp-allocator-size-gi-baking-worker=262144"
    "memorysetup-temp-allocator-size-gi-baking-worker=262144"
    "memorysetup-temp-allocator-size-gi-baking-worker=262144"
    "memorysetup-temp-allocator-size-gi-baking-worker=262144"
    "memorysetup-bucket-allocator-granularity=16"
    "memorysetup-bucket-allocator-bucket-count=8"
    "memorysetup-bucket-allocator-block-size=33554432"
    "memorysetup-bucket-allocator-block-count=8"
    "memorysetup-main-allocator-block-size=16777216"
    "memorysetup-thread-allocator-block-size=16777216"
    "memorysetup-gfx-main-allocator-block-size=16777216"
    "memorysetup-gfx-thread-allocator-block-size=16777216"
    "memorysetup-cache-allocator-block-size=4194304"
    "memorysetup-typetree-allocator-block-size=2097152"
    "memorysetup-profiler-bucket-allocator-granularity=16"
    "memorysetup-profiler-bucket-allocator-bucket-count=8"
    "memorysetup-profiler-bucket-allocator-block-size=33554432"
    "memorysetup-profiler-bucket-allocator-block-count=8"
    "memorysetup-profiler-allocator-block-size=16777216"
    "memorysetup-profiler-editor-allocator-block-size=1048576"
    "memorysetup-temp-allocator-size-main=16777216"
    "memorysetup-job-temp-allocator-block-size=2097152"
    "memorysetup-job-temp-allocator-block-size-background=1048576"
    "memorysetup-job-temp-allocator-reduction-small-platforms=262144"
    "memorysetup-temp-allocator-size-cloud-worker=32768"
Player connection [63960]  Target information:

Player connection [63960]  * "[IP] 192.168.0.22 [Port] 0 [Flags] 2 [Guid] 1608912493 [EditorId] 1608912493 [Version] 1048832 [Id] WindowsEditor(7,TheBlackBox) [Debug] 1 [PackageName] WindowsEditor [ProjectName] Editor" 

Player connection [63960] Host joined multi-casting on [225.0.0.222:54997]...
Player connection [63960] Host joined alternative multi-casting on [225.0.0.222:34997]...
JobSystem: Creating JobQueue using job-worker-count value 11
Input System module state changed to: Initialized.
[Physics::Module] Initialized fallback backend.
[Physics::Module] Id: 0xdecafbad
Library Redirect Path: Library/
[Physics::Module] Selected backend.
[Physics::Module] Name: PhysX
[Physics::Module] Id: 0xf2b8ea05
[Physics::Module] SDK Version: 4.1.2
[Physics::Module] Integration Version: 1.0.0
[Physics::Module] Threading Mode: Multi-Threaded
Refreshing native plugins compatible for Editor in 5.25 ms, found 4 plugins.
Preloading 0 native plugins for Editor in 0.00 ms.
Initialize engine version: 6000.3.11f1 (3000ef702840)
[Subsystems] Discovering subsystems at path E:/Unity/Hub/Editor/6000.3.11f1/Editor/Data/Resources/UnitySubsystems
[Subsystems] Discovering subsystems at path E:/Unity/Projects/FoxholeTools/Assets
GfxDevice: creating device client; kGfxThreadingModeNonThreaded
Direct3D:
    Version:  Direct3D 11.0 [level 11.1]
    Renderer: NVIDIA GeForce RTX 4090 (ID=0x2684)
    Vendor:   NVIDIA
    VRAM:     24142 MB
    Driver:   32.0.15.8180
Initialize mono
Mono path[0] = 'E:/Unity/Hub/Editor/6000.3.11f1/Editor/Data/Managed'
Mono path[1] = 'E:/Unity/Hub/Editor/6000.3.11f1/Editor/Data/MonoBleedingEdge/lib/mono/unityjit-win32'
Mono config path = 'E:/Unity/Hub/Editor/6000.3.11f1/Editor/Data/MonoBleedingEdge/etc'
Using monoOptions --debugger-agent=transport=dt_socket,embedding=1,server=y,suspend=n,address=127.0.0.1:56284
Begin MonoManager ReloadAssembly
Registering precompiled unity dll's ...
Register platform support module: E:/Unity/Hub/Editor/6000.3.11f1/Editor/Data/PlaybackEngines/WindowsStandaloneSupport/UnityEditor.WindowsStandalone.Extensions.dll
[Licensing::Client] Successfully resolved entitlement details
[Licensing::Module] License group:
  Id: F4-AKY6-PKNA-WNG4-95XJ-XXXX
  Product: Unity Personal
  Type: ULF
  Expiration: Unlimited
[Licensing::Module] License group:
  Id: 623459-UnityPersXXXX
  Product: Unity Personal
  Type: Assigned
  Expiration: Unlimited
Register platform support module: E:/Unity/Hub/Editor/6000.3.11f1/Editor/Data/PlaybackEngines/AndroidPlayer/UnityEditor.Android.Extensions.dll
Registered in 0.030160 seconds.
- Loaded All Assemblies, in  0.584 seconds
Native extension for Android target not found
Native extension for WindowsStandalone target not found
Package Manager log level set to [2]
[Package Manager] Failed to launch server process. Reason: Unity was launched with the -noUpm command-line argument
[Package Manager] Unable to send message (not connected to server process).
[Package Manager] Cannot connect to Unity Package Manager local server
ScheduleIndexationOnStartup MainProcess:False IndexOnStartup:True
Mono: successfully reloaded assembly
- Finished resetting the current domain, in  0.344 seconds
Domain Reload Profiling: 928ms
	BeginReloadAssembly (263ms)
		ExecutionOrderSort (0ms)
		DisableScriptedObjects (0ms)
		BackupInstance (0ms)
		ReleaseScriptingObjects (0ms)
		CreateAndSetChildDomain (1ms)
	RebuildCommonClasses (53ms)
	RebuildNativeTypeToScriptingClass (11ms)
	initialDomainReloadingComplete (89ms)
	LoadAllAssembliesAndSetupDomain (166ms)
		LoadAssemblies (263ms)
		RebuildTransferFunctionScriptingTraits (0ms)
		AnalyzeDomain (163ms)
			TypeCache.Refresh (161ms)
				TypeCache.ScanAssembly (147ms)
			BuildScriptInfoCaches (0ms)
			ResolveRequiredComponents (0ms)
	FinalizeReload (346ms)
		ReleaseScriptCaches (0ms)
		RebuildScriptCaches (0ms)
		SetupLoadedEditorAssemblies (308ms)
			LogAssemblyErrors (0ms)
			InitializePlatformSupportModulesInManaged (56ms)
			SetLoadedEditorAssemblies (3ms)
			BeforeProcessingInitializeOnLoad (67ms)
			ProcessInitializeOnLoadAttributes (118ms)
			ProcessInitializeOnLoadMethodAttributes (63ms)
			AfterProcessingInitializeOnLoad (0ms)
			EditorAssembliesLoaded (0ms)
		ExecutionOrderSort2 (0ms)
		AwakeInstancesAfterBackupRestoration (0ms)
========================================================================
Worker process is ready to serve import requests
Import Worker Mode flag is 0x00
Begin MonoManager ReloadAssembly
[Licensing::Client] Successfully resolved entitlement details
[Licensing::Module] License group:
  Id: F4-AKY6-PKNA-WNG4-95XJ-XXXX
  Product: Unity Personal
  Type: ULF
  Expiration: Unlimited
[Licensing::Module] License group:
  Id: 623459-UnityPersXXXX
  Product: Unity Personal
  Type: Assigned
  Expiration: Unlimited
Symbol file LoadedFromMemory is not a mono symbol file
- Loaded All Assemblies, in  1.470 seconds
Refreshing native plugins compatible for Editor in 3.59 ms, found 4 plugins.
Native extension for Android target not found
Native extension for WindowsStandalone target not found
[Package Manager] Failed to launch server process. Reason: Unity was launched with the -noUpm command-line argument
[Package Manager] Unable to send message (not connected to server process).
[Package Manager] Cannot connect to Unity Package Manager local server
[Package Manager] Failed to launch server process. Reason: Unity was launched with the -noUpm command-line argument
[Package Manager] Unable to send message (not connected to server process).
[Package Manager] Cannot connect to Unity Package Manager local server
System.Exception: Error! Visual Scripting: couldn't find visual scripting package
  at Unity.VisualScripting.PackageVersionUtility.get_version () [0x00043] in .\Library\PackageCache\com.unity.visualscripting@eb6004dcc707\Editor\VisualScripting.Core\Utilities\PackageVersionUtility.cs:31 
  at Unity.VisualScripting.BoltCoreManifest.get_version () [0x00000] in .\Library\PackageCache\com.unity.visualscripting@eb6004dcc707\Editor\VisualScripting.Core\Plugin\BoltCoreManifest.cs:11 
  at Unity.VisualScripting.PluginManifest.get_currentVersion () [0x00000] in .\Library\PackageCache\com.unity.visualscripting@eb6004dcc707\Editor\VisualScripting.Core\Plugins\PluginManifest.cs:33 
  at Unity.VisualScripting.PluginManifest.get_versionMismatch () [0x00000] in .\Library\PackageCache\com.unity.visualscripting@eb6004dcc707\Editor\VisualScripting.Core\Plugins\PluginManifest.cs:48 
  at Unity.VisualScripting.PluginContainer.Initialize () [0x00525] in .\Library\PackageCache\com.unity.visualscripting@eb6004dcc707\Editor\VisualScripting.Core\Plugins\PluginContainer.cs:208 
  at Unity.VisualScripting.PluginContainer.InitializeOnLoad () [0x00009] in .\Library\PackageCache\com.unity.visualscripting@eb6004dcc707\Editor\VisualScripting.Core\Plugins\PluginContainer.cs:32 
  at Unity.VisualScripting.VSUsageUtility.DoInitializeOnLoadCalls () [0x00034] in .\Library\PackageCache\com.unity.visualscripting@eb6004dcc707\Editor\VisualScripting.Core\Utilities\VSUsageUtility.cs:76 
  at Unity.VisualScripting.VSUsageUtility.set_isVisualScriptingUsed (System.Boolean value) [0x0002c] in .\Library\PackageCache\com.unity.visualscripting@eb6004dcc707\Editor\VisualScripting.Core\Utilities\VSUsageUtility.cs:114 
  at Unity.VisualScripting.VSUsageUtility.CheckAndSetIsVisualScriptingUsed () [0x00032] in .\Library\PackageCache\com.unity.visualscripting@eb6004dcc707\Editor\VisualScripting.Core\Utilities\VSUsageUtility.cs:48 
  at Unity.VisualScripting.VSUsageUtility..cctor () [0x00000] in .\Library\PackageCache\com.unity.visualscripting@eb6004dcc707\Editor\VisualScripting.Core\Utilities\VSUsageUtility.cs:22 
UnityEngine.Debug:ExtractStackTraceNoAlloc (byte*,int,string)
UnityEngine.StackTraceUtility:ExtractStackTrace ()
UnityEngine.DebugLogHandler:Internal_Log (UnityEngine.LogType,UnityEngine.LogOption,string,UnityEngine.Object)
UnityEngine.DebugLogHandler:LogFormat (UnityEngine.LogType,UnityEngine.Object,string,object[])
UnityEngine.Logger:Log (UnityEngine.LogType,object)
UnityEngine.Debug:LogError (object)
UnityEditor.EditorAssemblies:ProcessInitializeOnLoadAttributes (System.Type[])

Find all reader and writers took 168 milliseconds
Script Module: Unity.Timeline.dll
Weave behaviours and messages took26 milliseconds
Exception :System.IO.IOException: Sharing violation on path E:\Unity\Projects\FoxholeTools\Library\ScriptAssemblies\gpm_common.dll
  at System.IO.FileStream..ctor (System.String path, System.IO.FileMode mode, System.IO.FileAccess access, System.IO.FileShare share, System.Int32 bufferSize, System.Boolean anonymous, System.IO.FileOptions options) [0x0019e] in <41d29b352f6a475ab1bf7c6628b82790>:0 
  at System.IO.FileStream..ctor (System.String path, System.IO.FileMode mode, System.IO.FileAccess access, System.IO.FileShare share) [0x00000] in <41d29b352f6a475ab1bf7c6628b82790>:0 
  at (wrapper remoting-invoke-with-check) System.IO.FileStream..ctor(string,System.IO.FileMode,System.IO.FileAccess,System.IO.FileShare)
  at Mono.CecilX.ModuleDefinition.GetFileStream (System.String fileName, System.IO.FileMode mode, System.IO.FileAccess access, System.IO.FileShare share) [0x00006] in <9a2bc2dadc3549b3bfc74bb584d58989>:0 
  at Mono.CecilX.ModuleDefinition.ReadModule (System.String fileName, Mono.CecilX.ReaderParameters parameters) [0x00008] in <9a2bc2dadc3549b3bfc74bb584d58989>:0 
  at Mono.CecilX.AssemblyDefinition.ReadAssembly (System.String fileName, Mono.CecilX.ReaderParameters parameters) [0x00000] in <9a2bc2dadc3549b3bfc74bb584d58989>:0 
  at Mirror.Weaver.Weaver.Weave (System.String assName, System.Collections.Generic.IEnumerable`1[T] dependencies) [0x00006] in E:\Unity\Projects\FoxholeTools\Assets\Mirror\Editor\Weaver\Weaver.cs:176 
  at Mirror.Weaver.Weaver.WeaveAssembly (System.String assembly, System.Collections.Generic.IEnumerable`1[T] dependencies) [0x00006] in E:\Unity\Projects\FoxholeTools\Assets\Mirror\Editor\Weaver\Weaver.cs:247 
UnityEngine.Debug:ExtractStackTraceNoAlloc (byte*,int,string)
UnityEngine.StackTraceUtility:ExtractStackTrace ()
UnityEngine.DebugLogHandler:Internal_Log (UnityEngine.LogType,UnityEngine.LogOption,string,UnityEngine.Object)
UnityEngine.DebugLogHandler:LogFormat (UnityEngine.LogType,UnityEngine.Object,string,object[])
UnityEngine.Logger:Log (UnityEngine.LogType,object)
UnityEngine.Debug:LogError (object)
Mirror.Weaver.CompilationFinishedHook:HandleError (string) (at Assets/Mirror/Editor/Weaver/CompilationFinishedHook.cs:35)
Mirror.Weaver.Weaver:WeaveAssembly (string,System.Collections.Generic.IEnumerable`1<string>) (at Assets/Mirror/Editor/Weaver/Weaver.cs:251)
Mirror.Weaver.CompilationFinishedHook:OnCompilationFinished (string,UnityEditor.Compilation.CompilerMessage[]) (at Assets/Mirror/Editor/Weaver/CompilationFinishedHook.cs:142)
Mirror.Weaver.CompilationFinishedHook:WeaveExistingAssemblies () (at Assets/Mirror/Editor/Weaver/CompilationFinishedHook.cs:62)
Mirror.Weaver.CompilationFinishedHook:OnInitializeOnLoad () (at Assets/Mirror/Editor/Weaver/CompilationFinishedHook.cs:52)
System.Reflection.RuntimeMethodInfo:Invoke (object,System.Reflection.BindingFlags,System.Reflection.Binder,object[],System.Globalization.CultureInfo)
System.Reflection.MethodBase:Invoke (object,object[])
UnityEditor.EditorAssemblies:ProcessInitializeOnLoadMethodAttributes ()

(Filename: Assets/Mirror/Editor/Weaver/CompilationFinishedHook.cs Line: 35)

Weaving failed for: Library/ScriptAssemblies/gpm_common.dll
UnityEngine.Debug:ExtractStackTraceNoAlloc (byte*,int,string)
UnityEngine.StackTraceUtility:ExtractStackTrace ()
UnityEngine.DebugLogHandler:Internal_Log (UnityEngine.LogType,UnityEngine.LogOption,string,UnityEngine.Object)
UnityEngine.DebugLogHandler:LogFormat (UnityEngine.LogType,UnityEngine.Object,string,object[])
UnityEngine.Logger:Log (UnityEngine.LogType,object)
UnityEngine.Debug:LogError (object)
Mirror.Weaver.CompilationFinishedHook:OnCompilationFinished (string,UnityEditor.Compilation.CompilerMessage[]) (at Assets/Mirror/Editor/Weaver/CompilationFinishedHook.cs:146)
Mirror.Weaver.CompilationFinishedHook:WeaveExistingAssemblies () (at Assets/Mirror/Editor/Weaver/CompilationFinishedHook.cs:62)
Mirror.Weaver.CompilationFinishedHook:OnInitializeOnLoad () (at Assets/Mirror/Editor/Weaver/CompilationFinishedHook.cs:52)
System.Reflection.RuntimeMethodInfo:Invoke (object,System.Reflection.BindingFlags,System.Reflection.Binder,object[],System.Globalization.CultureInfo)
System.Reflection.MethodBase:Invoke (object,object[])
UnityEditor.EditorAssemblies:ProcessInitializeOnLoadMethodAttributes ()

(Filename: Assets/Mirror/Editor/Weaver/CompilationFinishedHook.cs Line: 146)

Exception :System.IO.IOException: Sharing violation on path E:\Unity\Projects\FoxholeTools\Library\ScriptAssemblies\Unity.VisualScripting.Flow.dll
  at System.IO.FileStream..ctor (System.String path, System.IO.FileMode mode, System.IO.FileAccess access, System.IO.FileShare share, System.Int32 bufferSize, System.Boolean anonymous, System.IO.FileOptions options) [0x0019e] in <41d29b352f6a475ab1bf7c6628b82790>:0 
  at System.IO.FileStream..ctor (System.String path, System.IO.FileMode mode, System.IO.FileAccess access, System.IO.FileShare share) [0x00000] in <41d29b352f6a475ab1bf7c6628b82790>:0 
  at (wrapper remoting-invoke-with-check) System.IO.FileStream..ctor(string,System.IO.FileMode,System.IO.FileAccess,System.IO.FileShare)
  at Mono.CecilX.ModuleDefinition.GetFileStream (System.String fileName, System.IO.FileMode mode, System.IO.FileAccess access, System.IO.FileShare share) [0x00006] in <9a2bc2dadc3549b3bfc74bb584d58989>:0 
  at Mono.CecilX.ModuleDefinition.ReadModule (System.String fileName, Mono.CecilX.ReaderParameters parameters) [0x00008] in <9a2bc2dadc3549b3bfc74bb584d58989>:0 
  at Mono.CecilX.AssemblyDefinition.ReadAssembly (System.String fileName, Mono.CecilX.ReaderParameters parameters) [0x00000] in <9a2bc2dadc3549b3bfc74bb584d58989>:0 
  at Mirror.Weaver.Weaver.Weave (System.String assName, System.Collections.Generic.IEnumerable`1[T] dependencies) [0x00006] in E:\Unity\Projects\FoxholeTools\Assets\Mirror\Editor\Weaver\Weaver.cs:176 
  at Mirror.Weaver.Weaver.WeaveAssembly (System.String assembly, System.Collections.Generic.IEnumerable`1[T] dependencies) [0x00006] in E:\Unity\Projects\FoxholeTools\Assets\Mirror\Editor\Weaver\Weaver.cs:247 
UnityEngine.Debug:ExtractStackTraceNoAlloc (byte*,int,string)
UnityEngine.StackTraceUtility:ExtractStackTrace ()
UnityEngine.DebugLogHandler:Internal_Log (UnityEngine.LogType,UnityEngine.LogOption,string,UnityEngine.Object)
UnityEngine.DebugLogHandler:LogFormat (UnityEngine.LogType,UnityEngine.Object,string,object[])
UnityEngine.Logger:Log (UnityEngine.LogType,object)
UnityEngine.Debug:LogError (object)
Mirror.Weaver.CompilationFinishedHook:HandleError (string) (at Assets/Mirror/Editor/Weaver/CompilationFinishedHook.cs:35)
Mirror.Weaver.Weaver:WeaveAssembly (string,System.Collections.Generic.IEnumerable`1<string>) (at Assets/Mirror/Editor/Weaver/Weaver.cs:251)
Mirror.Weaver.CompilationFinishedHook:OnCompilationFinished (string,UnityEditor.Compilation.CompilerMessage[]) (at Assets/Mirror/Editor/Weaver/CompilationFinishedHook.cs:142)
Mirror.Weaver.CompilationFinishedHook:WeaveExistingAssemblies () (at Assets/Mirror/Editor/Weaver/CompilationFinishedHook.cs:62)
Mirror.Weaver.CompilationFinishedHook:OnInitializeOnLoad () (at Assets/Mirror/Editor/Weaver/CompilationFinishedHook.cs:52)
System.Reflection.RuntimeMethodInfo:Invoke (object,System.Reflection.BindingFlags,System.Reflection.Binder,object[],System.Globalization.CultureInfo)
System.Reflection.MethodBase:Invoke (object,object[])
UnityEditor.EditorAssemblies:ProcessInitializeOnLoadMethodAttributes ()

(Filename: Assets/Mirror/Editor/Weaver/CompilationFinishedHook.cs Line: 35)

Weaving failed for: Library/ScriptAssemblies/Unity.VisualScripting.Flow.dll
UnityEngine.Debug:ExtractStackTraceNoAlloc (byte*,int,string)
UnityEngine.StackTraceUtility:ExtractStackTrace ()
UnityEngine.DebugLogHandler:Internal_Log (UnityEngine.LogType,UnityEngine.LogOption,string,UnityEngine.Object)
UnityEngine.DebugLogHandler:LogFormat (UnityEngine.LogType,UnityEngine.Object,string,object[])
UnityEngine.Logger:Log (UnityEngine.LogType,object)
UnityEngine.Debug:LogError (object)
Mirror.Weaver.CompilationFinishedHook:OnCompilationFinished (string,UnityEditor.Compilation.CompilerMessage[]) (at Assets/Mirror/Editor/Weaver/CompilationFinishedHook.cs:146)
Mirror.Weaver.CompilationFinishedHook:WeaveExistingAssemblies () (at Assets/Mirror/Editor/Weaver/CompilationFinishedHook.cs:62)
Mirror.Weaver.CompilationFinishedHook:OnInitializeOnLoad () (at Assets/Mirror/Editor/Weaver/CompilationFinishedHook.cs:52)
System.Reflection.RuntimeMethodInfo:Invoke (object,System.Reflection.BindingFlags,System.Reflection.Binder,object[],System.Globalization.CultureInfo)
System.Reflection.MethodBase:Invoke (object,object[])
UnityEditor.EditorAssemblies:ProcessInitializeOnLoadMethodAttributes ()

(Filename: Assets/Mirror/Editor/Weaver/CompilationFinishedHook.cs Line: 146)

Exception :System.IO.IOException: Sharing violation on path E:\Unity\Projects\FoxholeTools\Library\ScriptAssemblies\Unity.Mathematics.dll
  at System.IO.FileStream..ctor (System.String path, System.IO.FileMode mode, System.IO.FileAccess access, System.IO.FileShare share, System.Int32 bufferSize, System.Boolean anonymous, System.IO.FileOptions options) [0x0019e] in <41d29b352f6a475ab1bf7c6628b82790>:0 
  at System.IO.FileStream..ctor (System.String path, System.IO.FileMode mode, System.IO.FileAccess access, System.IO.FileShare share) [0x00000] in <41d29b352f6a475ab1bf7c6628b82790>:0 
  at (wrapper remoting-invoke-with-check) System.IO.FileStream..ctor(string,System.IO.FileMode,System.IO.FileAccess,System.IO.FileShare)
  at Mono.CecilX.ModuleDefinition.GetFileStream (System.String fileName, System.IO.FileMode mode, System.IO.FileAccess access, System.IO.FileShare share) [0x00006] in <9a2bc2dadc3549b3bfc74bb584d58989>:0 
  at Mono.CecilX.ModuleDefinition.ReadModule (System.String fileName, Mono.CecilX.ReaderParameters parameters) [0x00008] in <9a2bc2dadc3549b3bfc74bb584d58989>:0 
  at Mono.CecilX.AssemblyDefinition.ReadAssembly (System.String fileName, Mono.CecilX.ReaderParameters parameters) [0x00000] in <9a2bc2dadc3549b3bfc74bb584d58989>:0 
  at Mirror.Weaver.Weaver.Weave (System.String assName, System.Collections.Generic.IEnumerable`1[T] dependencies) [0x00006] in E:\Unity\Projects\FoxholeTools\Assets\Mirror\Editor\Weaver\Weaver.cs:176 
  at Mirror.Weaver.Weaver.WeaveAssembly (System.String assembly, System.Collections.Generic.IEnumerable`1[T] dependencies) [0x00006] in E:\Unity\Projects\FoxholeTools\Assets\Mirror\Editor\Weaver\Weaver.cs:247 
UnityEngine.Debug:ExtractStackTraceNoAlloc (byte*,int,string)
UnityEngine.StackTraceUtility:ExtractStackTrace ()
UnityEngine.DebugLogHandler:Internal_Log (UnityEngine.LogType,UnityEngine.LogOption,string,UnityEngine.Object)
UnityEngine.DebugLogHandler:LogFormat (UnityEngine.LogType,UnityEngine.Object,string,object[])
UnityEngine.Logger:Log (UnityEngine.LogType,object)
UnityEngine.Debug:LogError (object)
Mirror.Weaver.CompilationFinishedHook:HandleError (string) (at Assets/Mirror/Editor/Weaver/CompilationFinishedHook.cs:35)
Mirror.Weaver.Weaver:WeaveAssembly (string,System.Collections.Generic.IEnumerable`1<string>) (at Assets/Mirror/Editor/Weaver/Weaver.cs:251)
Mirror.Weaver.CompilationFinishedHook:OnCompilationFinished (string,UnityEditor.Compilation.CompilerMessage[]) (at Assets/Mirror/Editor/Weaver/CompilationFinishedHook.cs:142)
Mirror.Weaver.CompilationFinishedHook:WeaveExistingAssemblies () (at Assets/Mirror/Editor/Weaver/CompilationFinishedHook.cs:62)
Mirror.Weaver.CompilationFinishedHook:OnInitializeOnLoad () (at Assets/Mirror/Editor/Weaver/CompilationFinishedHook.cs:52)
System.Reflection.RuntimeMethodInfo:Invoke (object,System.Reflection.BindingFlags,System.Reflection.Binder,object[],System.Globalization.CultureInfo)
System.Reflection.MethodBase:Invoke (object,object[])
UnityEditor.EditorAssemblies:ProcessInitializeOnLoadMethodAttributes ()

(Filename: Assets/Mirror/Editor/Weaver/CompilationFinishedHook.cs Line: 35)

Weaving failed for: Library/ScriptAssemblies/Unity.Mathematics.dll
UnityEngine.Debug:ExtractStackTraceNoAlloc (byte*,int,string)
UnityEngine.StackTraceUtility:ExtractStackTrace ()
UnityEngine.DebugLogHandler:Internal_Log (UnityEngine.LogType,UnityEngine.LogOption,string,UnityEngine.Object)
UnityEngine.DebugLogHandler:LogFormat (UnityEngine.LogType,UnityEngine.Object,string,object[])
UnityEngine.Logger:Log (UnityEngine.LogType,object)
UnityEngine.Debug:LogError (object)
Mirror.Weaver.CompilationFinishedHook:OnCompilationFinished (string,UnityEditor.Compilation.CompilerMessage[]) (at Assets/Mirror/Editor/Weaver/CompilationFinishedHook.cs:146)
Mirror.Weaver.CompilationFinishedHook:WeaveExistingAssemblies () (at Assets/Mirror/Editor/Weaver/CompilationFinishedHook.cs:62)
Mirror.Weaver.CompilationFinishedHook:OnInitializeOnLoad () (at Assets/Mirror/Editor/Weaver/CompilationFinishedHook.cs:52)
System.Reflection.RuntimeMethodInfo:Invoke (object,System.Reflection.BindingFlags,System.Reflection.Binder,object[],System.Globalization.CultureInfo)
System.Reflection.MethodBase:Invoke (object,object[])
UnityEditor.EditorAssemblies:ProcessInitializeOnLoadMethodAttributes ()

(Filename: Assets/Mirror/Editor/Weaver/CompilationFinishedHook.cs Line: 146)

Find all reader and writers took 116 milliseconds
Script Module: UnityEngine.UI.dll
Weave behaviours and messages took45 milliseconds
Exception :System.IO.IOException: Sharing violation on path E:\Unity\Projects\FoxholeTools\Library\ScriptAssemblies\Unity.Collections.dll
  at System.IO.FileStream..ctor (System.String path, System.IO.FileMode mode, System.IO.FileAccess access, System.IO.FileShare share, System.Int32 bufferSize, System.Boolean anonymous, System.IO.FileOptions options) [0x0019e] in <41d29b352f6a475ab1bf7c6628b82790>:0 
  at System.IO.FileStream..ctor (System.String path, System.IO.FileMode mode, System.IO.FileAccess access, System.IO.FileShare share) [0x00000] in <41d29b352f6a475ab1bf7c6628b82790>:0 
  at (wrapper remoting-invoke-with-check) System.IO.FileStream..ctor(string,System.IO.FileMode,System.IO.FileAccess,System.IO.FileShare)
  at Mono.CecilX.ModuleDefinition.GetFileStream (System.String fileName, System.IO.FileMode mode, System.IO.FileAccess access, System.IO.FileShare share) [0x00006] in <9a2bc2dadc3549b3bfc74bb584d58989>:0 
  at Mono.CecilX.ModuleDefinition.ReadModule (System.String fileName, Mono.CecilX.ReaderParameters parameters) [0x00008] in <9a2bc2dadc3549b3bfc74bb584d58989>:0 
  at Mono.CecilX.AssemblyDefinition.ReadAssembly (System.String fileName, Mono.CecilX.ReaderParameters parameters) [0x00000] in <9a2bc2dadc3549b3bfc74bb584d58989>:0 
  at Mirror.Weaver.Weaver.Weave (System.String assName, System.Collections.Generic.IEnumerable`1[T] dependencies) [0x00006] in E:\Unity\Projects\FoxholeTools\Assets\Mirror\Editor\Weaver\Weaver.cs:176 
  at Mirror.Weaver.Weaver.WeaveAssembly (System.String assembly, System.Collections.Generic.IEnumerable`1[T] dependencies) [0x00006] in E:\Unity\Projects\FoxholeTools\Assets\Mirror\Editor\Weaver\Weaver.cs:247 
UnityEngine.Debug:ExtractStackTraceNoAlloc (byte*,int,string)
UnityEngine.StackTraceUtility:ExtractStackTrace ()
UnityEngine.DebugLogHandler:Internal_Log (UnityEngine.LogType,UnityEngine.LogOption,string,UnityEngine.Object)
UnityEngine.DebugLogHandler:LogFormat (UnityEngine.LogType,UnityEngine.Object,string,object[])
UnityEngine.Logger:Log (UnityEngine.LogType,object)
UnityEngine.Debug:LogError (object)
Mirror.Weaver.CompilationFinishedHook:HandleError (string) (at Assets/Mirror/Editor/Weaver/CompilationFinishedHook.cs:35)
Mirror.Weaver.Weaver:WeaveAssembly (string,System.Collections.Generic.IEnumerable`1<string>) (at Assets/Mirror/Editor/Weaver/Weaver.cs:251)
Mirror.Weaver.CompilationFinishedHook:OnCompilationFinished (string,UnityEditor.Compilation.CompilerMessage[]) (at Assets/Mirror/Editor/Weaver/CompilationFinishedHook.cs:142)
Mirror.Weaver.CompilationFinishedHook:WeaveExistingAssemblies () (at Assets/Mirror/Editor/Weaver/CompilationFinishedHook.cs:62)
Mirror.Weaver.CompilationFinishedHook:OnInitializeOnLoad () (at Assets/Mirror/Editor/Weaver/CompilationFinishedHook.cs:52)
System.Reflection.RuntimeMethodInfo:Invoke (object,System.Reflection.BindingFlags,System.Reflection.Binder,object[],System.Globalization.CultureInfo)
System.Reflection.MethodBase:Invoke (object,object[])
UnityEditor.EditorAssemblies:ProcessInitializeOnLoadMethodAttributes ()

(Filename: Assets/Mirror/Editor/Weaver/CompilationFinishedHook.cs Line: 35)

Weaving failed for: Library/ScriptAssemblies/Unity.Collections.dll
UnityEngine.Debug:ExtractStackTraceNoAlloc (byte*,int,string)
UnityEngine.StackTraceUtility:ExtractStackTrace ()
UnityEngine.DebugLogHandler:Internal_Log (UnityEngine.LogType,UnityEngine.LogOption,string,UnityEngine.Object)
UnityEngine.DebugLogHandler:LogFormat (UnityEngine.LogType,UnityEngine.Object,string,object[])
UnityEngine.Logger:Log (UnityEngine.LogType,object)
UnityEngine.Debug:LogError (object)
Mirror.Weaver.CompilationFinishedHook:OnCompilationFinished (string,UnityEditor.Compilation.CompilerMessage[]) (at Assets/Mirror/Editor/Weaver/CompilationFinishedHook.cs:146)
Mirror.Weaver.CompilationFinishedHook:WeaveExistingAssemblies () (at Assets/Mirror/Editor/Weaver/CompilationFinishedHook.cs:62)
Mirror.Weaver.CompilationFinishedHook:OnInitializeOnLoad () (at Assets/Mirror/Editor/Weaver/CompilationFinishedHook.cs:52)
System.Reflection.RuntimeMethodInfo:Invoke (object,System.Reflection.BindingFlags,System.Reflection.Binder,object[],System.Globalization.CultureInfo)
System.Reflection.MethodBase:Invoke (object,object[])
UnityEditor.EditorAssemblies:ProcessInitializeOnLoadMethodAttributes ()

(Filename: Assets/Mirror/Editor/Weaver/CompilationFinishedHook.cs Line: 146)

Exception :System.IO.IOException: Sharing violation on path E:\Unity\Projects\FoxholeTools\Library\ScriptAssemblies\Unity.2D.IK.Runtime.dll
  at System.IO.FileStream..ctor (System.String path, System.IO.FileMode mode, System.IO.FileAccess access, System.IO.FileShare share, System.Int32 bufferSize, System.Boolean anonymous, System.IO.FileOptions options) [0x0019e] in <41d29b352f6a475ab1bf7c6628b82790>:0 
  at System.IO.FileStream..ctor (System.String path, System.IO.FileMode mode, System.IO.FileAccess access, System.IO.FileShare share) [0x00000] in <41d29b352f6a475ab1bf7c6628b82790>:0 
  at (wrapper remoting-invoke-with-check) System.IO.FileStream..ctor(string,System.IO.FileMode,System.IO.FileAccess,System.IO.FileShare)
  at Mono.CecilX.ModuleDefinition.GetFileStream (System.String fileName, System.IO.FileMode mode, System.IO.FileAccess access, System.IO.FileShare share) [0x00006] in <9a2bc2dadc3549b3bfc74bb584d58989>:0 
  at Mono.CecilX.ModuleDefinition.ReadModule (System.String fileName, Mono.CecilX.ReaderParameters parameters) [0x00008] in <9a2bc2dadc3549b3bfc74bb584d58989>:0 
  at Mono.CecilX.AssemblyDefinition.ReadAssembly (System.String fileName, Mono.CecilX.ReaderParameters parameters) [0x00000] in <9a2bc2dadc3549b3bfc74bb584d58989>:0 
  at Mirror.Weaver.Weaver.Weave (System.String assName, System.Collections.Generic.IEnumerable`1[T] dependencies) [0x00006] in E:\Unity\Projects\FoxholeTools\Assets\Mirror\Editor\Weaver\Weaver.cs:176 
  at Mirror.Weaver.Weaver.WeaveAssembly (System.String assembly, System.Collections.Generic.IEnumerable`1[T] dependencies) [0x00006] in E:\Unity\Projects\FoxholeTools\Assets\Mirror\Editor\Weaver\Weaver.cs:247 
UnityEngine.Debug:ExtractStackTraceNoAlloc (byte*,int,string)
UnityEngine.StackTraceUtility:ExtractStackTrace ()
UnityEngine.DebugLogHandler:Internal_Log (UnityEngine.LogType,UnityEngine.LogOption,string,UnityEngine.Object)
UnityEngine.DebugLogHandler:LogFormat (UnityEngine.LogType,UnityEngine.Object,string,object[])
UnityEngine.Logger:Log (UnityEngine.LogType,object)
UnityEngine.Debug:LogError (object)
Mirror.Weaver.CompilationFinishedHook:HandleError (string) (at Assets/Mirror/Editor/Weaver/CompilationFinishedHook.cs:35)
Mirror.Weaver.Weaver:WeaveAssembly (string,System.Collections.Generic.IEnumerable`1<string>) (at Assets/Mirror/Editor/Weaver/Weaver.cs:251)
Mirror.Weaver.CompilationFinishedHook:OnCompilationFinished (string,UnityEditor.Compilation.CompilerMessage[]) (at Assets/Mirror/Editor/Weaver/CompilationFinishedHook.cs:142)
Mirror.Weaver.CompilationFinishedHook:WeaveExistingAssemblies () (at Assets/Mirror/Editor/Weaver/CompilationFinishedHook.cs:62)
Mirror.Weaver.CompilationFinishedHook:OnInitializeOnLoad () (at Assets/Mirror/Editor/Weaver/CompilationFinishedHook.cs:52)
System.Reflection.RuntimeMethodInfo:Invoke (object,System.Reflection.BindingFlags,System.Reflection.Binder,object[],System.Globalization.CultureInfo)
System.Reflection.MethodBase:Invoke (object,object[])
UnityEditor.EditorAssemblies:ProcessInitializeOnLoadMethodAttributes ()

(Filename: Assets/Mirror/Editor/Weaver/CompilationFinishedHook.cs Line: 35)

Weaving failed for: Library/ScriptAssemblies/Unity.2D.IK.Runtime.dll
UnityEngine.Debug:ExtractStackTraceNoAlloc (byte*,int,string)
UnityEngine.StackTraceUtility:ExtractStackTrace ()
UnityEngine.DebugLogHandler:Internal_Log (UnityEngine.LogType,UnityEngine.LogOption,string,UnityEngine.Object)
UnityEngine.DebugLogHandler:LogFormat (UnityEngine.LogType,UnityEngine.Object,string,object[])
UnityEngine.Logger:Log (UnityEngine.LogType,object)
UnityEngine.Debug:LogError (object)
Mirror.Weaver.CompilationFinishedHook:OnCompilationFinished (string,UnityEditor.Compilation.CompilerMessage[]) (at Assets/Mirror/Editor/Weaver/CompilationFinishedHook.cs:146)
Mirror.Weaver.CompilationFinishedHook:WeaveExistingAssemblies () (at Assets/Mirror/Editor/Weaver/CompilationFinishedHook.cs:62)
Mirror.Weaver.CompilationFinishedHook:OnInitializeOnLoad () (at Assets/Mirror/Editor/Weaver/CompilationFinishedHook.cs:52)
System.Reflection.RuntimeMethodInfo:Invoke (object,System.Reflection.BindingFlags,System.Reflection.Binder,object[],System.Globalization.CultureInfo)
System.Reflection.MethodBase:Invoke (object,object[])
UnityEditor.EditorAssemblies:ProcessInitializeOnLoadMethodAttributes ()

(Filename: Assets/Mirror/Editor/Weaver/CompilationFinishedHook.cs Line: 146)

Find all reader and writers took 142 milliseconds
Script Module: Unity.VisualScripting.Core.dll
Weave behaviours and messages took67 milliseconds
Exception :System.IO.IOException: Sharing violation on path E:\Unity\Projects\FoxholeTools\Library\ScriptAssemblies\Unity.Burst.dll
  at System.IO.FileStream..ctor (System.String path, System.IO.FileMode mode, System.IO.FileAccess access, System.IO.FileShare share, System.Int32 bufferSize, System.Boolean anonymous, System.IO.FileOptions options) [0x0019e] in <41d29b352f6a475ab1bf7c6628b82790>:0 
  at System.IO.FileStream..ctor (System.String path, System.IO.FileMode mode, System.IO.FileAccess access, System.IO.FileShare share) [0x00000] in <41d29b352f6a475ab1bf7c6628b82790>:0 
  at (wrapper remoting-invoke-with-check) System.IO.FileStream..ctor(string,System.IO.FileMode,System.IO.FileAccess,System.IO.FileShare)
  at Mono.CecilX.ModuleDefinition.GetFileStream (System.String fileName, System.IO.FileMode mode, System.IO.FileAccess access, System.IO.FileShare share) [0x00006] in <9a2bc2dadc3549b3bfc74bb584d58989>:0 
  at Mono.CecilX.ModuleDefinition.ReadModule (System.String fileName, Mono.CecilX.ReaderParameters parameters) [0x00008] in <9a2bc2dadc3549b3bfc74bb584d58989>:0 
  at Mono.CecilX.AssemblyDefinition.ReadAssembly (System.String fileName, Mono.CecilX.ReaderParameters parameters) [0x00000] in <9a2bc2dadc3549b3bfc74bb584d58989>:0 
  at Mirror.Weaver.Weaver.Weave (System.String assName, System.Collections.Generic.IEnumerable`1[T] dependencies) [0x00006] in E:\Unity\Projects\FoxholeTools\Assets\Mirror\Editor\Weaver\Weaver.cs:176 
  at Mirror.Weaver.Weaver.WeaveAssembly (System.String assembly, System.Collections.Generic.IEnumerable`1[T] dependencies) [0x00006] in E:\Unity\Projects\FoxholeTools\Assets\Mirror\Editor\Weaver\Weaver.cs:247 
UnityEngine.Debug:ExtractStackTraceNoAlloc (byte*,int,string)
UnityEngine.StackTraceUtility:ExtractStackTrace ()
UnityEngine.DebugLogHandler:Internal_Log (UnityEngine.LogType,UnityEngine.LogOption,string,UnityEngine.Object)
UnityEngine.DebugLogHandler:LogFormat (UnityEngine.LogType,UnityEngine.Object,string,object[])
UnityEngine.Logger:Log (UnityEngine.LogType,object)
UnityEngine.Debug:LogError (object)
Mirror.Weaver.CompilationFinishedHook:HandleError (string) (at Assets/Mirror/Editor/Weaver/CompilationFinishedHook.cs:35)
Mirror.Weaver.Weaver:WeaveAssembly (string,System.Collections.Generic.IEnumerable`1<string>) (at Assets/Mirror/Editor/Weaver/Weaver.cs:251)
Mirror.Weaver.CompilationFinishedHook:OnCompilationFinished (string,UnityEditor.Compilation.CompilerMessage[]) (at Assets/Mirror/Editor/Weaver/CompilationFinishedHook.cs:142)
Mirror.Weaver.CompilationFinishedHook:WeaveExistingAssemblies () (at Assets/Mirror/Editor/Weaver/CompilationFinishedHook.cs:62)
Mirror.Weaver.CompilationFinishedHook:OnInitializeOnLoad () (at Assets/Mirror/Editor/Weaver/CompilationFinishedHook.cs:52)
System.Reflection.RuntimeMethodInfo:Invoke (object,System.Reflection.BindingFlags,System.Reflection.Binder,object[],System.Globalization.CultureInfo)
System.Reflection.MethodBase:Invoke (object,object[])
UnityEditor.EditorAssemblies:ProcessInitializeOnLoadMethodAttributes ()

(Filename: Assets/Mirror/Editor/Weaver/CompilationFinishedHook.cs Line: 35)

Weaving failed for: Library/ScriptAssemblies/Unity.Burst.dll
UnityEngine.Debug:ExtractStackTraceNoAlloc (byte*,int,string)
UnityEngine.StackTraceUtility:ExtractStackTrace ()
UnityEngine.DebugLogHandler:Internal_Log (UnityEngine.LogType,UnityEngine.LogOption,string,UnityEngine.Object)
UnityEngine.DebugLogHandler:LogFormat (UnityEngine.LogType,UnityEngine.Object,string,object[])
UnityEngine.Logger:Log (UnityEngine.LogType,object)
UnityEngine.Debug:LogError (object)
Mirror.Weaver.CompilationFinishedHook:OnCompilationFinished (string,UnityEditor.Compilation.CompilerMessage[]) (at Assets/Mirror/Editor/Weaver/CompilationFinishedHook.cs:146)
Mirror.Weaver.CompilationFinishedHook:WeaveExistingAssemblies () (at Assets/Mirror/Editor/Weaver/CompilationFinishedHook.cs:62)
Mirror.Weaver.CompilationFinishedHook:OnInitializeOnLoad () (at Assets/Mirror/Editor/Weaver/CompilationFinishedHook.cs:52)
System.Reflection.RuntimeMethodInfo:Invoke (object,System.Reflection.BindingFlags,System.Reflection.Binder,object[],System.Globalization.CultureInfo)
System.Reflection.MethodBase:Invoke (object,object[])
UnityEditor.EditorAssemblies:ProcessInitializeOnLoadMethodAttributes ()

(Filename: Assets/Mirror/Editor/Weaver/CompilationFinishedHook.cs Line: 146)

Find all reader and writers took 164 milliseconds
Script Module: PsdPlugin.dll
Weave behaviours and messages took6 milliseconds
Exception :System.IO.IOException: Sharing violation on path E:\Unity\Projects\FoxholeTools\Library\ScriptAssemblies\gpm_webview.dll
  at System.IO.FileStream..ctor (System.String path, System.IO.FileMode mode, System.IO.FileAccess access, System.IO.FileShare share, System.Int32 bufferSize, System.Boolean anonymous, System.IO.FileOptions options) [0x0019e] in <41d29b352f6a475ab1bf7c6628b82790>:0 
  at System.IO.FileStream..ctor (System.String path, System.IO.FileMode mode, System.IO.FileAccess access, System.IO.FileShare share) [0x00000] in <41d29b352f6a475ab1bf7c6628b82790>:0 
  at (wrapper remoting-invoke-with-check) System.IO.FileStream..ctor(string,System.IO.FileMode,System.IO.FileAccess,System.IO.FileShare)
  at Mono.CecilX.ModuleDefinition.GetFileStream (System.String fileName, System.IO.FileMode mode, System.IO.FileAccess access, System.IO.FileShare share) [0x00006] in <9a2bc2dadc3549b3bfc74bb584d58989>:0 
  at Mono.CecilX.ModuleDefinition.ReadModule (System.String fileName, Mono.CecilX.ReaderParameters parameters) [0x00008] in <9a2bc2dadc3549b3bfc74bb584d58989>:0 
  at Mono.CecilX.AssemblyDefinition.ReadAssembly (System.String fileName, Mono.CecilX.ReaderParameters parameters) [0x00000] in <9a2bc2dadc3549b3bfc74bb584d58989>:0 
  at Mirror.Weaver.Weaver.Weave (System.String assName, System.Collections.Generic.IEnumerable`1[T] dependencies) [0x00006] in E:\Unity\Projects\FoxholeTools\Assets\Mirror\Editor\Weaver\Weaver.cs:176 
  at Mirror.Weaver.Weaver.WeaveAssembly (System.String assembly, System.Collections.Generic.IEnumerable`1[T] dependencies) [0x00006] in E:\Unity\Projects\FoxholeTools\Assets\Mirror\Editor\Weaver\Weaver.cs:247 
UnityEngine.Debug:ExtractStackTraceNoAlloc (byte*,int,string)
UnityEngine.StackTraceUtility:ExtractStackTrace ()
UnityEngine.DebugLogHandler:Internal_Log (UnityEngine.LogType,UnityEngine.LogOption,string,UnityEngine.Object)
UnityEngine.DebugLogHandler:LogFormat (UnityEngine.LogType,UnityEngine.Object,string,object[])
UnityEngine.Logger:Log (UnityEngine.LogType,object)
UnityEngine.Debug:LogError (object)
Mirror.Weaver.CompilationFinishedHook:HandleError (string) (at Assets/Mirror/Editor/Weaver/CompilationFinishedHook.cs:35)
Mirror.Weaver.Weaver:WeaveAssembly (string,System.Collections.Generic.IEnumerable`1<string>) (at Assets/Mirror/Editor/Weaver/Weaver.cs:251)
Mirror.Weaver.CompilationFinishedHook:OnCompilationFinished (string,UnityEditor.Compilation.CompilerMessage[]) (at Assets/Mirror/Editor/Weaver/CompilationFinishedHook.cs:142)
Mirror.Weaver.CompilationFinishedHook:WeaveExistingAssemblies () (at Assets/Mirror/Editor/Weaver/CompilationFinishedHook.cs:62)
Mirror.Weaver.CompilationFinishedHook:OnInitializeOnLoad () (at Assets/Mirror/Editor/Weaver/CompilationFinishedHook.cs:52)
System.Reflection.RuntimeMethodInfo:Invoke (object,System.Reflection.BindingFlags,System.Reflection.Binder,object[],System.Globalization.CultureInfo)
System.Reflection.MethodBase:Invoke (object,object[])
UnityEditor.EditorAssemblies:ProcessInitializeOnLoadMethodAttributes ()

(Filename: Assets/Mirror/Editor/Weaver/CompilationFinishedHook.cs Line: 35)

Weaving failed for: Library/ScriptAssemblies/gpm_webview.dll
UnityEngine.Debug:ExtractStackTraceNoAlloc (byte*,int,string)
UnityEngine.StackTraceUtility:ExtractStackTrace ()
UnityEngine.DebugLogHandler:Internal_Log (UnityEngine.LogType,UnityEngine.LogOption,string,UnityEngine.Object)
UnityEngine.DebugLogHandler:LogFormat (UnityEngine.LogType,UnityEngine.Object,string,object[])
UnityEngine.Logger:Log (UnityEngine.LogType,object)
UnityEngine.Debug:LogError (object)
Mirror.Weaver.CompilationFinishedHook:OnCompilationFinished (string,UnityEditor.Compilation.CompilerMessage[]) (at Assets/Mirror/Editor/Weaver/CompilationFinishedHook.cs:146)
Mirror.Weaver.CompilationFinishedHook:WeaveExistingAssemblies () (at Assets/Mirror/Editor/Weaver/CompilationFinishedHook.cs:62)
Mirror.Weaver.CompilationFinishedHook:OnInitializeOnLoad () (at Assets/Mirror/Editor/Weaver/CompilationFinishedHook.cs:52)
System.Reflection.RuntimeMethodInfo:Invoke (object,System.Reflection.BindingFlags,System.Reflection.Binder,object[],System.Globalization.CultureInfo)
System.Reflection.MethodBase:Invoke (object,object[])
UnityEditor.EditorAssemblies:ProcessInitializeOnLoadMethodAttributes ()

(Filename: Assets/Mirror/Editor/Weaver/CompilationFinishedHook.cs Line: 146)

Find all reader and writers took 193 milliseconds
Script Module: Unity.InternalAPIEditorBridge.001.dll
Weave behaviours and messages took2 milliseconds
Exception :System.IO.IOException: Sharing violation on path E:\Unity\Projects\FoxholeTools\Library\ScriptAssemblies\Unity.2D.SpriteShape.Runtime.dll
  at System.IO.FileStream..ctor (System.String path, System.IO.FileMode mode, System.IO.FileAccess access, System.IO.FileShare share, System.Int32 bufferSize, System.Boolean anonymous, System.IO.FileOptions options) [0x0019e] in <41d29b352f6a475ab1bf7c6628b82790>:0 
  at System.IO.FileStream..ctor (System.String path, System.IO.FileMode mode, System.IO.FileAccess access, System.IO.FileShare share) [0x00000] in <41d29b352f6a475ab1bf7c6628b82790>:0 
  at (wrapper remoting-invoke-with-check) System.IO.FileStream..ctor(string,System.IO.FileMode,System.IO.FileAccess,System.IO.FileShare)
  at Mono.CecilX.ModuleDefinition.GetFileStream (System.String fileName, System.IO.FileMode mode, System.IO.FileAccess access, System.IO.FileShare share) [0x00006] in <9a2bc2dadc3549b3bfc74bb584d58989>:0 
  at Mono.CecilX.ModuleDefinition.ReadModule (System.String fileName, Mono.CecilX.ReaderParameters parameters) [0x00008] in <9a2bc2dadc3549b3bfc74bb584d58989>:0 
  at Mono.CecilX.AssemblyDefinition.ReadAssembly (System.String fileName, Mono.CecilX.ReaderParameters parameters) [0x00000] in <9a2bc2dadc3549b3bfc74bb584d58989>:0 
  at Mirror.Weaver.Weaver.Weave (System.String assName, System.Collections.Generic.IEnumerable`1[T] dependencies) [0x00006] in E:\Unity\Projects\FoxholeTools\Assets\Mirror\Editor\Weaver\Weaver.cs:176 
  at Mirror.Weaver.Weaver.WeaveAssembly (System.String assembly, System.Collections.Generic.IEnumerable`1[T] dependencies) [0x00006] in E:\Unity\Projects\FoxholeTools\Assets\Mirror\Editor\Weaver\Weaver.cs:247 
UnityEngine.Debug:ExtractStackTraceNoAlloc (byte*,int,string)
UnityEngine.StackTraceUtility:ExtractStackTrace ()
UnityEngine.DebugLogHandler:Internal_Log (UnityEngine.LogType,UnityEngine.LogOption,string,UnityEngine.Object)
UnityEngine.DebugLogHandler:LogFormat (UnityEngine.LogType,UnityEngine.Object,string,object[])
UnityEngine.Logger:Log (UnityEngine.LogType,object)
UnityEngine.Debug:LogError (object)
Mirror.Weaver.CompilationFinishedHook:HandleError (string) (at Assets/Mirror/Editor/Weaver/CompilationFinishedHook.cs:35)
Mirror.Weaver.Weaver:WeaveAssembly (string,System.Collections.Generic.IEnumerable`1<string>) (at Assets/Mirror/Editor/Weaver/Weaver.cs:251)
Mirror.Weaver.CompilationFinishedHook:OnCompilationFinished (string,UnityEditor.Compilation.CompilerMessage[]) (at Assets/Mirror/Editor/Weaver/CompilationFinishedHook.cs:142)
Mirror.Weaver.CompilationFinishedHook:WeaveExistingAssemblies () (at Assets/Mirror/Editor/Weaver/CompilationFinishedHook.cs:62)
Mirror.Weaver.CompilationFinishedHook:OnInitializeOnLoad () (at Assets/Mirror/Editor/Weaver/CompilationFinishedHook.cs:52)
System.Reflection.RuntimeMethodInfo:Invoke (object,System.Reflection.BindingFlags,System.Reflection.Binder,object[],System.Globalization.CultureInfo)
System.Reflection.MethodBase:Invoke (object,object[])
UnityEditor.EditorAssemblies:ProcessInitializeOnLoadMethodAttributes ()

(Filename: Assets/Mirror/Editor/Weaver/CompilationFinishedHook.cs Line: 35)

Weaving failed for: Library/ScriptAssemblies/Unity.2D.SpriteShape.Runtime.dll
UnityEngine.Debug:ExtractStackTraceNoAlloc (byte*,int,string)
UnityEngine.StackTraceUtility:ExtractStackTrace ()
UnityEngine.DebugLogHandler:Internal_Log (UnityEngine.LogType,UnityEngine.LogOption,string,UnityEngine.Object)
UnityEngine.DebugLogHandler:LogFormat (UnityEngine.LogType,UnityEngine.Object,string,object[])
UnityEngine.Logger:Log (UnityEngine.LogType,object)
UnityEngine.Debug:LogError (object)
Mirror.Weaver.CompilationFinishedHook:OnCompilationFinished (string,UnityEditor.Compilation.CompilerMessage[]) (at Assets/Mirror/Editor/Weaver/CompilationFinishedHook.cs:146)
Mirror.Weaver.CompilationFinishedHook:WeaveExistingAssemblies () (at Assets/Mirror/Editor/Weaver/CompilationFinishedHook.cs:62)
Mirror.Weaver.CompilationFinishedHook:OnInitializeOnLoad () (at Assets/Mirror/Editor/Weaver/CompilationFinishedHook.cs:52)
System.Reflection.RuntimeMethodInfo:Invoke (object,System.Reflection.BindingFlags,System.Reflection.Binder,object[],System.Globalization.CultureInfo)
System.Reflection.MethodBase:Invoke (object,object[])
UnityEditor.EditorAssemblies:ProcessInitializeOnLoadMethodAttributes ()

(Filename: Assets/Mirror/Editor/Weaver/CompilationFinishedHook.cs Line: 146)

Find all reader and writers took 171 milliseconds
Script Module: Unity.InternalAPIEngineBridge.004.dll
Weave behaviours and messages took0 milliseconds
Find all reader and writers took 187 milliseconds
Script Module: ScriptablePacker.dll
Weave behaviours and messages took5 milliseconds
Exception :System.IO.IOException: Sharing violation on path E:\Unity\Projects\FoxholeTools\Library\ScriptAssemblies\gpm_manager.dll
  at System.IO.FileStream..ctor (System.String path, System.IO.FileMode mode, System.IO.FileAccess access, System.IO.FileShare share, System.Int32 bufferSize, System.Boolean anonymous, System.IO.FileOptions options) [0x0019e] in <41d29b352f6a475ab1bf7c6628b82790>:0 
  at System.IO.FileStream..ctor (System.String path, System.IO.FileMode mode, System.IO.FileAccess access, System.IO.FileShare share) [0x00000] in <41d29b352f6a475ab1bf7c6628b82790>:0 
  at (wrapper remoting-invoke-with-check) System.IO.FileStream..ctor(string,System.IO.FileMode,System.IO.FileAccess,System.IO.FileShare)
  at Mono.CecilX.ModuleDefinition.GetFileStream (System.String fileName, System.IO.FileMode mode, System.IO.FileAccess access, System.IO.FileShare share) [0x00006] in <9a2bc2dadc3549b3bfc74bb584d58989>:0 
  at Mono.CecilX.ModuleDefinition.ReadModule (System.String fileName, Mono.CecilX.ReaderParameters parameters) [0x00008] in <9a2bc2dadc3549b3bfc74bb584d58989>:0 
  at Mono.CecilX.AssemblyDefinition.ReadAssembly (System.String fileName, Mono.CecilX.ReaderParameters parameters) [0x00000] in <9a2bc2dadc3549b3bfc74bb584d58989>:0 
  at Mirror.Weaver.Weaver.Weave (System.String assName, System.Collections.Generic.IEnumerable`1[T] dependencies) [0x00006] in E:\Unity\Projects\FoxholeTools\Assets\Mirror\Editor\Weaver\Weaver.cs:176 
  at Mirror.Weaver.Weaver.WeaveAssembly (System.String assembly, System.Collections.Generic.IEnumerable`1[T] dependencies) [0x00006] in E:\Unity\Projects\FoxholeTools\Assets\Mirror\Editor\Weaver\Weaver.cs:247 
UnityEngine.Debug:ExtractStackTraceNoAlloc (byte*,int,string)
UnityEngine.StackTraceUtility:ExtractStackTrace ()
UnityEngine.DebugLogHandler:Internal_Log (UnityEngine.LogType,UnityEngine.LogOption,string,UnityEngine.Object)
UnityEngine.DebugLogHandler:LogFormat (UnityEngine.LogType,UnityEngine.Object,string,object[])
UnityEngine.Logger:Log (UnityEngine.LogType,object)
UnityEngine.Debug:LogError (object)
Mirror.Weaver.CompilationFinishedHook:HandleError (string) (at Assets/Mirror/Editor/Weaver/CompilationFinishedHook.cs:35)
Mirror.Weaver.Weaver:WeaveAssembly (string,System.Collections.Generic.IEnumerable`1<string>) (at Assets/Mirror/Editor/Weaver/Weaver.cs:251)
Mirror.Weaver.CompilationFinishedHook:OnCompilationFinished (string,UnityEditor.Compilation.CompilerMessage[]) (at Assets/Mirror/Editor/Weaver/CompilationFinishedHook.cs:142)
Mirror.Weaver.CompilationFinishedHook:WeaveExistingAssemblies () (at Assets/Mirror/Editor/Weaver/CompilationFinishedHook.cs:62)
Mirror.Weaver.CompilationFinishedHook:OnInitializeOnLoad () (at Assets/Mirror/Editor/Weaver/CompilationFinishedHook.cs:52)
System.Reflection.RuntimeMethodInfo:Invoke (object,System.Reflection.BindingFlags,System.Reflection.Binder,object[],System.Globalization.CultureInfo)
System.Reflection.MethodBase:Invoke (object,object[])
UnityEditor.EditorAssemblies:ProcessInitializeOnLoadMethodAttributes ()

(Filename: Assets/Mirror/Editor/Weaver/CompilationFinishedHook.cs Line: 35)

Weaving failed for: Library/ScriptAssemblies/gpm_manager.dll
UnityEngine.Debug:ExtractStackTraceNoAlloc (byte*,int,string)
UnityEngine.StackTraceUtility:ExtractStackTrace ()
UnityEngine.DebugLogHandler:Internal_Log (UnityEngine.LogType,UnityEngine.LogOption,string,UnityEngine.Object)
UnityEngine.DebugLogHandler:LogFormat (UnityEngine.LogType,UnityEngine.Object,string,object[])
UnityEngine.Logger:Log (UnityEngine.LogType,object)
UnityEngine.Debug:LogError (object)
Mirror.Weaver.CompilationFinishedHook:OnCompilationFinished (string,UnityEditor.Compilation.CompilerMessage[]) (at Assets/Mirror/Editor/Weaver/CompilationFinishedHook.cs:146)
Mirror.Weaver.CompilationFinishedHook:WeaveExistingAssemblies () (at Assets/Mirror/Editor/Weaver/CompilationFinishedHook.cs:62)
Mirror.Weaver.CompilationFinishedHook:OnInitializeOnLoad () (at Assets/Mirror/Editor/Weaver/CompilationFinishedHook.cs:52)
System.Reflection.RuntimeMethodInfo:Invoke (object,System.Reflection.BindingFlags,System.Reflection.Binder,object[],System.Globalization.CultureInfo)
System.Reflection.MethodBase:Invoke (object,object[])
UnityEditor.EditorAssemblies:ProcessInitializeOnLoadMethodAttributes ()

(Filename: Assets/Mirror/Editor/Weaver/CompilationFinishedHook.cs Line: 146)

Find all reader and writers took 215 milliseconds
Script Module: Unity.Burst.CodeGen.dll
Weave behaviours and messages took3 milliseconds
Exception :System.IO.IOException: Sharing violation on path E:\Unity\Projects\FoxholeTools\Library\ScriptAssemblies\Unity.AI.Navigation.dll
  at System.IO.FileStream..ctor (System.String path, System.IO.FileMode mode, System.IO.FileAccess access, System.IO.FileShare share, System.Int32 bufferSize, System.Boolean anonymous, System.IO.FileOptions options) [0x0019e] in <41d29b352f6a475ab1bf7c6628b82790>:0 
  at System.IO.FileStream..ctor (System.String path, System.IO.FileMode mode, System.IO.FileAccess access, System.IO.FileShare share) [0x00000] in <41d29b352f6a475ab1bf7c6628b82790>:0 
  at (wrapper remoting-invoke-with-check) System.IO.FileStream..ctor(string,System.IO.FileMode,System.IO.FileAccess,System.IO.FileShare)
  at Mono.CecilX.ModuleDefinition.GetFileStream (System.String fileName, System.IO.FileMode mode, System.IO.FileAccess access, System.IO.FileShare share) [0x00006] in <9a2bc2dadc3549b3bfc74bb584d58989>:0 
  at Mono.CecilX.ModuleDefinition.ReadModule (System.String fileName, Mono.CecilX.ReaderParameters parameters) [0x00008] in <9a2bc2dadc3549b3bfc74bb584d58989>:0 
  at Mono.CecilX.AssemblyDefinition.ReadAssembly (System.String fileName, Mono.CecilX.ReaderParameters parameters) [0x00000] in <9a2bc2dadc3549b3bfc74bb584d58989>:0 
  at Mirror.Weaver.Weaver.Weave (System.String assName, System.Collections.Generic.IEnumerable`1[T] dependencies) [0x00006] in E:\Unity\Projects\FoxholeTools\Assets\Mirror\Editor\Weaver\Weaver.cs:176 
  at Mirror.Weaver.Weaver.WeaveAssembly (System.String assembly, System.Collections.Generic.IEnumerable`1[T] dependencies) [0x00006] in E:\Unity\Projects\FoxholeTools\Assets\Mirror\Editor\Weaver\Weaver.cs:247 
UnityEngine.Debug:ExtractStackTraceNoAlloc (byte*,int,string)
UnityEngine.StackTraceUtility:ExtractStackTrace ()
UnityEngine.DebugLogHandler:Internal_Log (UnityEngine.LogType,UnityEngine.LogOption,string,UnityEngine.Object)
UnityEngine.DebugLogHandler:LogFormat (UnityEngine.LogType,UnityEngine.Object,string,object[])
UnityEngine.Logger:Log (UnityEngine.LogType,object)
UnityEngine.Debug:LogError (object)
Mirror.Weaver.CompilationFinishedHook:HandleError (string) (at Assets/Mirror/Editor/Weaver/CompilationFinishedHook.cs:35)
Mirror.Weaver.Weaver:WeaveAssembly (string,System.Collections.Generic.IEnumerable`1<string>) (at Assets/Mirror/Editor/Weaver/Weaver.cs:251)
Mirror.Weaver.CompilationFinishedHook:OnCompilationFinished (string,UnityEditor.Compilation.CompilerMessage[]) (at Assets/Mirror/Editor/Weaver/CompilationFinishedHook.cs:142)
Mirror.Weaver.CompilationFinishedHook:WeaveExistingAssemblies () (at Assets/Mirror/Editor/Weaver/CompilationFinishedHook.cs:62)
Mirror.Weaver.CompilationFinishedHook:OnInitializeOnLoad () (at Assets/Mirror/Editor/Weaver/CompilationFinishedHook.cs:52)
System.Reflection.RuntimeMethodInfo:Invoke (object,System.Reflection.BindingFlags,System.Reflection.Binder,object[],System.Globalization.CultureInfo)
System.Reflection.MethodBase:Invoke (object,object[])
UnityEditor.EditorAssemblies:ProcessInitializeOnLoadMethodAttributes ()

(Filename: Assets/Mirror/Editor/Weaver/CompilationFinishedHook.cs Line: 35)

Weaving failed for: Library/ScriptAssemblies/Unity.AI.Navigation.dll
UnityEngine.Debug:ExtractStackTraceNoAlloc (byte*,int,string)
UnityEngine.StackTraceUtility:ExtractStackTrace ()
UnityEngine.DebugLogHandler:Internal_Log (UnityEngine.LogType,UnityEngine.LogOption,string,UnityEngine.Object)
UnityEngine.DebugLogHandler:LogFormat (UnityEngine.LogType,UnityEngine.Object,string,object[])
UnityEngine.Logger:Log (UnityEngine.LogType,object)
UnityEngine.Debug:LogError (object)
Mirror.Weaver.CompilationFinishedHook:OnCompilationFinished (string,UnityEditor.Compilation.CompilerMessage[]) (at Assets/Mirror/Editor/Weaver/CompilationFinishedHook.cs:146)
Mirror.Weaver.CompilationFinishedHook:WeaveExistingAssemblies () (at Assets/Mirror/Editor/Weaver/CompilationFinishedHook.cs:62)
Mirror.Weaver.CompilationFinishedHook:OnInitializeOnLoad () (at Assets/Mirror/Editor/Weaver/CompilationFinishedHook.cs:52)
System.Reflection.RuntimeMethodInfo:Invoke (object,System.Reflection.BindingFlags,System.Reflection.Binder,object[],System.Globalization.CultureInfo)
System.Reflection.MethodBase:Invoke (object,object[])
UnityEditor.EditorAssemblies:ProcessInitializeOnLoadMethodAttributes ()

(Filename: Assets/Mirror/Editor/Weaver/CompilationFinishedHook.cs Line: 146)

Find all reader and writers took 151 milliseconds
Script Module: Unity.VisualScripting.State.dll
Weave behaviours and messages took2 milliseconds
Exception :System.IO.IOException: Sharing violation on path E:\Unity\Projects\FoxholeTools\Library\ScriptAssemblies\gpm_communicator.dll
  at System.IO.FileStream..ctor (System.String path, System.IO.FileMode mode, System.IO.FileAccess access, System.IO.FileShare share, System.Int32 bufferSize, System.Boolean anonymous, System.IO.FileOptions options) [0x0019e] in <41d29b352f6a475ab1bf7c6628b82790>:0 
  at System.IO.FileStream..ctor (System.String path, System.IO.FileMode mode, System.IO.FileAccess access, System.IO.FileShare share) [0x00000] in <41d29b352f6a475ab1bf7c6628b82790>:0 
  at (wrapper remoting-invoke-with-check) System.IO.FileStream..ctor(string,System.IO.FileMode,System.IO.FileAccess,System.IO.FileShare)
  at Mono.CecilX.ModuleDefinition.GetFileStream (System.String fileName, System.IO.FileMode mode, System.IO.FileAccess access, System.IO.FileShare share) [0x00006] in <9a2bc2dadc3549b3bfc74bb584d58989>:0 
  at Mono.CecilX.ModuleDefinition.ReadModule (System.String fileName, Mono.CecilX.ReaderParameters parameters) [0x00008] in <9a2bc2dadc3549b3bfc74bb584d58989>:0 
  at Mono.CecilX.AssemblyDefinition.ReadAssembly (System.String fileName, Mono.CecilX.ReaderParameters parameters) [0x00000] in <9a2bc2dadc3549b3bfc74bb584d58989>:0 
  at Mirror.Weaver.Weaver.Weave (System.String assName, System.Collections.Generic.IEnumerable`1[T] dependencies) [0x00006] in E:\Unity\Projects\FoxholeTools\Assets\Mirror\Editor\Weaver\Weaver.cs:176 
  at Mirror.Weaver.Weaver.WeaveAssembly (System.String assembly, System.Collections.Generic.IEnumerable`1[T] dependencies) [0x00006] in E:\Unity\Projects\FoxholeTools\Assets\Mirror\Editor\Weaver\Weaver.cs:247 
UnityEngine.Debug:ExtractStackTraceNoAlloc (byte*,int,string)
UnityEngine.StackTraceUtility:ExtractStackTrace ()
UnityEngine.DebugLogHandler:Internal_Log (UnityEngine.LogType,UnityEngine.LogOption,string,UnityEngine.Object)
UnityEngine.DebugLogHandler:LogFormat (UnityEngine.LogType,UnityEngine.Object,string,object[])
UnityEngine.Logger:Log (UnityEngine.LogType,object)
UnityEngine.Debug:LogError (object)
Mirror.Weaver.CompilationFinishedHook:HandleError (string) (at Assets/Mirror/Editor/Weaver/CompilationFinishedHook.cs:35)
Mirror.Weaver.Weaver:WeaveAssembly (string,System.Collections.Generic.IEnumerable`1<string>) (at Assets/Mirror/Editor/Weaver/Weaver.cs:251)
Mirror.Weaver.CompilationFinishedHook:OnCompilationFinished (string,UnityEditor.Compilation.CompilerMessage[]) (at Assets/Mirror/Editor/Weaver/CompilationFinishedHook.cs:142)
Mirror.Weaver.CompilationFinishedHook:WeaveExistingAssemblies () (at Assets/Mirror/Editor/Weaver/CompilationFinishedHook.cs:62)
Mirror.Weaver.CompilationFinishedHook:OnInitializeOnLoad () (at Assets/Mirror/Editor/Weaver/CompilationFinishedHook.cs:52)
System.Reflection.RuntimeMethodInfo:Invoke (object,System.Reflection.BindingFlags,System.Reflection.Binder,object[],System.Globalization.CultureInfo)
System.Reflection.MethodBase:Invoke (object,object[])
UnityEditor.EditorAssemblies:ProcessInitializeOnLoadMethodAttributes ()

(Filename: Assets/Mirror/Editor/Weaver/CompilationFinishedHook.cs Line: 35)

Weaving failed for: Library/ScriptAssemblies/gpm_communicator.dll
UnityEngine.Debug:ExtractStackTraceNoAlloc (byte*,int,string)
UnityEngine.StackTraceUtility:ExtractStackTrace ()
UnityEngine.DebugLogHandler:Internal_Log (UnityEngine.LogType,UnityEngine.LogOption,string,UnityEngine.Object)
UnityEngine.DebugLogHandler:LogFormat (UnityEngine.LogType,UnityEngine.Object,string,object[])
UnityEngine.Logger:Log (UnityEngine.LogType,object)
UnityEngine.Debug:LogError (object)
Mirror.Weaver.CompilationFinishedHook:OnCompilationFinished (string,UnityEditor.Compilation.CompilerMessage[]) (at Assets/Mirror/Editor/Weaver/CompilationFinishedHook.cs:146)
Mirror.Weaver.CompilationFinishedHook:WeaveExistingAssemblies () (at Assets/Mirror/Editor/Weaver/CompilationFinishedHook.cs:62)
Mirror.Weaver.CompilationFinishedHook:OnInitializeOnLoad () (at Assets/Mirror/Editor/Weaver/CompilationFinishedHook.cs:52)
System.Reflection.RuntimeMethodInfo:Invoke (object,System.Reflection.BindingFlags,System.Reflection.Binder,object[],System.Globalization.CultureInfo)
System.Reflection.MethodBase:Invoke (object,object[])
UnityEditor.EditorAssemblies:ProcessInitializeOnLoadMethodAttributes ()

(Filename: Assets/Mirror/Editor/Weaver/CompilationFinishedHook.cs Line: 146)

Find all reader and writers took 136 milliseconds
Script Module: Unity.2D.Animation.Runtime.dll
Weave behaviours and messages took10 milliseconds
Exception :System.IO.IOException: Sharing violation on path E:\Unity\Projects\FoxholeTools\Library\ScriptAssemblies\Telepathy.dll
  at System.IO.FileStream..ctor (System.String path, System.IO.FileMode mode, System.IO.FileAccess access, System.IO.FileShare share, System.Int32 bufferSize, System.Boolean anonymous, System.IO.FileOptions options) [0x0019e] in <41d29b352f6a475ab1bf7c6628b82790>:0 
  at System.IO.FileStream..ctor (System.String path, System.IO.FileMode mode, System.IO.FileAccess access, System.IO.FileShare share) [0x00000] in <41d29b352f6a475ab1bf7c6628b82790>:0 
  at (wrapper remoting-invoke-with-check) System.IO.FileStream..ctor(string,System.IO.FileMode,System.IO.FileAccess,System.IO.FileShare)
  at Mono.CecilX.ModuleDefinition.GetFileStream (System.String fileName, System.IO.FileMode mode, System.IO.FileAccess access, System.IO.FileShare share) [0x00006] in <9a2bc2dadc3549b3bfc74bb584d58989>:0 
  at Mono.CecilX.ModuleDefinition.ReadModule (System.String fileName, Mono.CecilX.ReaderParameters parameters) [0x00008] in <9a2bc2dadc3549b3bfc74bb584d58989>:0 
  at Mono.CecilX.AssemblyDefinition.ReadAssembly (System.String fileName, Mono.CecilX.ReaderParameters parameters) [0x00000] in <9a2bc2dadc3549b3bfc74bb584d58989>:0 
  at Mirror.Weaver.Weaver.Weave (System.String assName, System.Collections.Generic.IEnumerable`1[T] dependencies) [0x00006] in E:\Unity\Projects\FoxholeTools\Assets\Mirror\Editor\Weaver\Weaver.cs:176 
  at Mirror.Weaver.Weaver.WeaveAssembly (System.String assembly, System.Collections.Generic.IEnumerable`1[T] dependencies) [0x00006] in E:\Unity\Projects\FoxholeTools\Assets\Mirror\Editor\Weaver\Weaver.cs:247 
UnityEngine.Debug:ExtractStackTraceNoAlloc (byte*,int,string)
UnityEngine.StackTraceUtility:ExtractStackTrace ()
UnityEngine.DebugLogHandler:Internal_Log (UnityEngine.LogType,UnityEngine.LogOption,string,UnityEngine.Object)
UnityEngine.DebugLogHandler:LogFormat (UnityEngine.LogType,UnityEngine.Object,string,object[])
UnityEngine.Logger:Log (UnityEngine.LogType,object)
UnityEngine.Debug:LogError (object)
Mirror.Weaver.CompilationFinishedHook:HandleError (string) (at Assets/Mirror/Editor/Weaver/CompilationFinishedHook.cs:35)
Mirror.Weaver.Weaver:WeaveAssembly (string,System.Collections.Generic.IEnumerable`1<string>) (at Assets/Mirror/Editor/Weaver/Weaver.cs:251)
Mirror.Weaver.CompilationFinishedHook:OnCompilationFinished (string,UnityEditor.Compilation.CompilerMessage[]) (at Assets/Mirror/Editor/Weaver/CompilationFinishedHook.cs:142)
Mirror.Weaver.CompilationFinishedHook:WeaveExistingAssemblies () (at Assets/Mirror/Editor/Weaver/CompilationFinishedHook.cs:62)
Mirror.Weaver.CompilationFinishedHook:OnInitializeOnLoad () (at Assets/Mirror/Editor/Weaver/CompilationFinishedHook.cs:52)
System.Reflection.RuntimeMethodInfo:Invoke (object,System.Reflection.BindingFlags,System.Reflection.Binder,object[],System.Globalization.CultureInfo)
System.Reflection.MethodBase:Invoke (object,object[])
UnityEditor.EditorAssemblies:ProcessInitializeOnLoadMethodAttributes ()

(Filename: Assets/Mirror/Editor/Weaver/CompilationFinishedHook.cs Line: 35)

Weaving failed for: Library/ScriptAssemblies/Telepathy.dll
UnityEngine.Debug:ExtractStackTraceNoAlloc (byte*,int,string)
UnityEngine.StackTraceUtility:ExtractStackTrace ()
UnityEngine.DebugLogHandler:Internal_Log (UnityEngine.LogType,UnityEngine.LogOption,string,UnityEngine.Object)
UnityEngine.DebugLogHandler:LogFormat (UnityEngine.LogType,UnityEngine.Object,string,object[])
UnityEngine.Logger:Log (UnityEngine.LogType,object)
UnityEngine.Debug:LogError (object)
Mirror.Weaver.CompilationFinishedHook:OnCompilationFinished (string,UnityEditor.Compilation.CompilerMessage[]) (at Assets/Mirror/Editor/Weaver/CompilationFinishedHook.cs:146)
Mirror.Weaver.CompilationFinishedHook:WeaveExistingAssemblies () (at Assets/Mirror/Editor/Weaver/CompilationFinishedHook.cs:62)
Mirror.Weaver.CompilationFinishedHook:OnInitializeOnLoad () (at Assets/Mirror/Editor/Weaver/CompilationFinishedHook.cs:52)
System.Reflection.RuntimeMethodInfo:Invoke (object,System.Reflection.BindingFlags,System.Reflection.Binder,object[],System.Globalization.CultureInfo)
System.Reflection.MethodBase:Invoke (object,object[])
UnityEditor.EditorAssemblies:ProcessInitializeOnLoadMethodAttributes ()

(Filename: Assets/Mirror/Editor/Weaver/CompilationFinishedHook.cs Line: 146)

Find all reader and writers took 228 milliseconds
Script Module: UnityEditor.UI.dll
Weave behaviours and messages took12 milliseconds
Exception :System.IO.IOException: Sharing violation on path E:\Unity\Projects\FoxholeTools\Library\ScriptAssemblies\Unity.TextMeshPro.dll
  at System.IO.FileStream..ctor (System.String path, System.IO.FileMode mode, System.IO.FileAccess access, System.IO.FileShare share, System.Int32 bufferSize, System.Boolean anonymous, System.IO.FileOptions options) [0x0019e] in <41d29b352f6a475ab1bf7c6628b82790>:0 
  at System.IO.FileStream..ctor (System.String path, System.IO.FileMode mode, System.IO.FileAccess access, System.IO.FileShare share) [0x00000] in <41d29b352f6a475ab1bf7c6628b82790>:0 
  at (wrapper remoting-invoke-with-check) System.IO.FileStream..ctor(string,System.IO.FileMode,System.IO.FileAccess,System.IO.FileShare)
  at Mono.CecilX.ModuleDefinition.GetFileStream (System.String fileName, System.IO.FileMode mode, System.IO.FileAccess access, System.IO.FileShare share) [0x00006] in <9a2bc2dadc3549b3bfc74bb584d58989>:0 
  at Mono.CecilX.ModuleDefinition.ReadModule (System.String fileName, Mono.CecilX.ReaderParameters parameters) [0x00008] in <9a2bc2dadc3549b3bfc74bb584d58989>:0 
  at Mono.CecilX.AssemblyDefinition.ReadAssembly (System.String fileName, Mono.CecilX.ReaderParameters parameters) [0x00000] in <9a2bc2dadc3549b3bfc74bb584d58989>:0 
  at Mirror.Weaver.Weaver.Weave (System.String assName, System.Collections.Generic.IEnumerable`1[T] dependencies) [0x00006] in E:\Unity\Projects\FoxholeTools\Assets\Mirror\Editor\Weaver\Weaver.cs:176 
  at Mirror.Weaver.Weaver.WeaveAssembly (System.String assembly, System.Collections.Generic.IEnumerable`1[T] dependencies) [0x00006] in E:\Unity\Projects\FoxholeTools\Assets\Mirror\Editor\Weaver\Weaver.cs:247 
UnityEngine.Debug:ExtractStackTraceNoAlloc (byte*,int,string)
UnityEngine.StackTraceUtility:ExtractStackTrace ()
UnityEngine.DebugLogHandler:Internal_Log (UnityEngine.LogType,UnityEngine.LogOption,string,UnityEngine.Object)
UnityEngine.DebugLogHandler:LogFormat (UnityEngine.LogType,UnityEngine.Object,string,object[])
UnityEngine.Logger:Log (UnityEngine.LogType,object)
UnityEngine.Debug:LogError (object)
Mirror.Weaver.CompilationFinishedHook:HandleError (string) (at Assets/Mirror/Editor/Weaver/CompilationFinishedHook.cs:35)
Mirror.Weaver.Weaver:WeaveAssembly (string,System.Collections.Generic.IEnumerable`1<string>) (at Assets/Mirror/Editor/Weaver/Weaver.cs:251)
Mirror.Weaver.CompilationFinishedHook:OnCompilationFinished (string,UnityEditor.Compilation.CompilerMessage[]) (at Assets/Mirror/Editor/Weaver/CompilationFinishedHook.cs:142)
Mirror.Weaver.CompilationFinishedHook:WeaveExistingAssemblies () (at Assets/Mirror/Editor/Weaver/CompilationFinishedHook.cs:62)
Mirror.Weaver.CompilationFinishedHook:OnInitializeOnLoad () (at Assets/Mirror/Editor/Weaver/CompilationFinishedHook.cs:52)
System.Reflection.RuntimeMethodInfo:Invoke (object,System.Reflection.BindingFlags,System.Reflection.Binder,object[],System.Globalization.CultureInfo)
System.Reflection.MethodBase:Invoke (object,object[])
UnityEditor.EditorAssemblies:ProcessInitializeOnLoadMethodAttributes ()

(Filename: Assets/Mirror/Editor/Weaver/CompilationFinishedHook.cs Line: 35)

Weaving failed for: Library/ScriptAssemblies/Unity.TextMeshPro.dll
UnityEngine.Debug:ExtractStackTraceNoAlloc (byte*,int,string)
UnityEngine.StackTraceUtility:ExtractStackTrace ()
UnityEngine.DebugLogHandler:Internal_Log (UnityEngine.LogType,UnityEngine.LogOption,string,UnityEngine.Object)
UnityEngine.DebugLogHandler:LogFormat (UnityEngine.LogType,UnityEngine.Object,string,object[])
UnityEngine.Logger:Log (UnityEngine.LogType,object)
UnityEngine.Debug:LogError (object)
Mirror.Weaver.CompilationFinishedHook:OnCompilationFinished (string,UnityEditor.Compilation.CompilerMessage[]) (at Assets/Mirror/Editor/Weaver/CompilationFinishedHook.cs:146)
Mirror.Weaver.CompilationFinishedHook:WeaveExistingAssemblies () (at Assets/Mirror/Editor/Weaver/CompilationFinishedHook.cs:62)
Mirror.Weaver.CompilationFinishedHook:OnInitializeOnLoad () (at Assets/Mirror/Editor/Weaver/CompilationFinishedHook.cs:52)
System.Reflection.RuntimeMethodInfo:Invoke (object,System.Reflection.BindingFlags,System.Reflection.Binder,object[],System.Globalization.CultureInfo)
System.Reflection.MethodBase:Invoke (object,object[])
UnityEditor.EditorAssemblies:ProcessInitializeOnLoadMethodAttributes ()

(Filename: Assets/Mirror/Editor/Weaver/CompilationFinishedHook.cs Line: 146)

Find all reader and writers took 189 milliseconds
Script Module: Unity.InternalAPIEngineBridge.001.dll
Weave behaviours and messages took0 milliseconds
Find all reader and writers took 182 milliseconds
Script Module: Unity.AI.Navigation.Updater.dll
Weave behaviours and messages took0 milliseconds
Find all reader and writers took 223 milliseconds
Script Module: SimpleWebTransport.dll
Weave behaviours and messages took2 milliseconds
Find all reader and writers took 158 milliseconds
Script Module: kcp2k.dll
Weave behaviours and messages took1 milliseconds
Find all reader and writers took 161 milliseconds
Script Module: Unity.2D.PixelPerfect.dll
Weave behaviours and messages took0 milliseconds
Find all reader and writers took 134 milliseconds
Script Module: Unity.2D.Common.Runtime.dll
Weave behaviours and messages took4 milliseconds
Find all reader and writers took 163 milliseconds
Script Module: Unity.Multiplayer.Center.Common.dll
Weave behaviours and messages took0 milliseconds
Find all reader and writers took 190 milliseconds
Script Module: Unity.Collections.CodeGen.dll
Weave behaviours and messages took1 milliseconds
Find all reader and writers took 165 milliseconds
Script Module: UnityEditor.UI.Analytics.dll
Weave behaviours and messages took0 milliseconds
Find all reader and writers took 185 milliseconds
Script Module: ParrelSync.dll
Weave behaviours and messages took1 milliseconds
Find all reader and writers took 166 milliseconds
Script Module: Unity.VisualScripting.DocCodeExamples.dll
Weave behaviours and messages took0 milliseconds
Find all reader and writers took 134 milliseconds
Script Module: Assembly-CSharp-firstpass.dll
Weave behaviours and messages took6 milliseconds
Find all reader and writers took 164 milliseconds
Script Module: Mirror.CompilerSymbols.dll
Weave behaviours and messages took0 milliseconds
ScheduleIndexationOnStartup MainProcess:False IndexOnStartup:True
Mono: successfully reloaded assembly
- Finished resetting the current domain, in 16.276 seconds
Domain Reload Profiling: 17725ms
	BeginReloadAssembly (334ms)
		ExecutionOrderSort (0ms)
		DisableScriptedObjects (4ms)
		BackupInstance (0ms)
		ReleaseScriptingObjects (0ms)
		CreateAndSetChildDomain (23ms)
	RebuildCommonClasses (41ms)
	RebuildNativeTypeToScriptingClass (10ms)
	initialDomainReloadingComplete (56ms)
	LoadAllAssembliesAndSetupDomain (1007ms)
		LoadAssemblies (986ms)
		RebuildTransferFunctionScriptingTraits (0ms)
		AnalyzeDomain (264ms)
			TypeCache.Refresh (216ms)
				TypeCache.ScanAssembly (197ms)
			BuildScriptInfoCaches (39ms)
			ResolveRequiredComponents (5ms)
	FinalizeReload (16276ms)
		ReleaseScriptCaches (0ms)
		RebuildScriptCaches (0ms)
		SetupLoadedEditorAssemblies (16188ms)
			LogAssemblyErrors (0ms)
			InitializePlatformSupportModulesInManaged (8ms)
			SetLoadedEditorAssemblies (5ms)
			BeforeProcessingInitializeOnLoad (190ms)
			ProcessInitializeOnLoadAttributes (893ms)
			ProcessInitializeOnLoadMethodAttributes (15066ms)
			AfterProcessingInitializeOnLoad (26ms)
			EditorAssembliesLoaded (0ms)
		ExecutionOrderSort2 (0ms)
		AwakeInstancesAfterBackupRestoration (4ms)
Launched and connected shader compiler UnityShaderCompiler.exe after 0.01 seconds
Refreshing native plugins compatible for Editor in 16.16 ms, found 4 plugins.
Preloading 0 native plugins for Editor in 0.00 ms.
Unloading 0 Unused Serialized files (Serialized files now loaded: 0)
Unloading 5383 unused Assets / (1.4 MB). Loaded Objects now: 5963.
Memory consumption went from 108.7 MB to 107.2 MB.
Total: 16.007500 ms (FindLiveObjects: 0.753800 ms CreateObjectMapping: 0.407600 ms MarkObjects: 13.355000 ms  DeleteObjects: 1.489400 ms)

========================================================================
Received Import Request.
  Time since last request: 1279265.205967 seconds.
  path: Assets/Scripts/User.cs
  artifactKey: Guid(3cbbec9453601724fbd7db0bedc47dd8) Importer(2089858483,797179f86c6e516b54ff30bda720a719)
Start importing Assets/Scripts/User.cs using Guid(3cbbec9453601724fbd7db0bedc47dd8) Importer(2089858483,797179f86c6e516b54ff30bda720a719) (ScriptedImporter) -> (artifact id: '921020d1866d01671494a6d1b20d732b') in 0.0539623 seconds
Number of updated asset objects reloaded before import = 0Number of asset objects unloaded after import = 0

========================================================================
Received Import Request.
  Time since last request: 0.000015 seconds.
  path: Assets/MapToolPack/Maps Post 1.0/MapBasinSionnachHex.TGA
  artifactKey: Guid(90fe169b57573a142b0a11148714e250) Importer(2089858483,797179f86c6e516b54ff30bda720a719)
Start importing Assets/MapToolPack/Maps Post 1.0/MapBasinSionnachHex.TGA using Guid(90fe169b57573a142b0a11148714e250) Importer(2089858483,797179f86c6e516b54ff30bda720a719) (ScriptedImporter) -> (artifact id: '7162c22eb8e15ba621a833b915a95dc6') in 0.1732053 seconds
Number of updated asset objects reloaded before import = 0Number of asset objects unloaded after import = 2

========================================================================
Received Import Request.
  Time since last request: 0.000022 seconds.
  path: Assets/Scripts/DiscordAuthHandler.cs
  artifactKey: Guid(2594de6b91a70234fa8fdefbe027035e) Importer(2089858483,797179f86c6e516b54ff30bda720a719)
Start importing Assets/Scripts/DiscordAuthHandler.cs using Guid(2594de6b91a70234fa8fdefbe027035e) Importer(2089858483,797179f86c6e516b54ff30bda720a719) (ScriptedImporter) -> (artifact id: '6a9181aca380e97f1abb252351baff2f') in 0.0302056 seconds
Number of updated asset objects reloaded before import = 0Number of asset objects unloaded after import = 0

========================================================================
Received Import Request.
  Time since last request: 0.000019 seconds.
  path: Assets/MapToolPack/Icons/Icon_Bmat.png
  artifactKey: Guid(810a165ee0139814683f927b2003e876) Importer(2089858483,797179f86c6e516b54ff30bda720a719)
Start importing Assets/MapToolPack/Icons/Icon_Bmat.png using Guid(810a165ee0139814683f927b2003e876) Importer(2089858483,797179f86c6e516b54ff30bda720a719) (ScriptedImporter) -> (artifact id: 'bc13f6e98c416ab6371ae175b196ee41') in 0.027711 seconds
Number of updated asset objects reloaded before import = 0Number of asset objects unloaded after import = 2

========================================================================
Received Import Request.
  Time since last request: 0.000015 seconds.
  path: Assets/Scripts/ItemContainer.cs
  artifactKey: Guid(805ae63a4c8d0574e86d9eb724f3dd53) Importer(2089858483,797179f86c6e516b54ff30bda720a719)
Start importing Assets/Scripts/ItemContainer.cs using Guid(805ae63a4c8d0574e86d9eb724f3dd53) Importer(2089858483,797179f86c6e516b54ff30bda720a719) (ScriptedImporter) -> (artifact id: '5d395064a078ac00191d35dc9340f734') in 0.0298888 seconds
Number of updated asset objects reloaded before import = 0Number of asset objects unloaded after import = 0

========================================================================
Received Import Request.
  Time since last request: 0.000065 seconds.
  path: Assets/Scripts/DragWindow.cs
  artifactKey: Guid(bbf5cddd1bc0aa741b5672140716c329) Importer(2089858483,797179f86c6e516b54ff30bda720a719)
Start importing Assets/Scripts/DragWindow.cs using Guid(bbf5cddd1bc0aa741b5672140716c329) Importer(2089858483,797179f86c6e516b54ff30bda720a719) (ScriptedImporter) -> (artifact id: 'f61e201dad3c91986bbdff612c4b0640') in 0.0314 seconds
Number of updated asset objects reloaded before import = 0Number of asset objects unloaded after import = 0

========================================================================
Received Import Request.
  Time since last request: 0.000076 seconds.
  path: Assets/MapToolPack/Data/FoxholeItem.cs
  artifactKey: Guid(e4317ab2462b6fc4a80d91a0e0e7aea5) Importer(2089858483,797179f86c6e516b54ff30bda720a719)
Start importing Assets/MapToolPack/Data/FoxholeItem.cs using Guid(e4317ab2462b6fc4a80d91a0e0e7aea5) Importer(2089858483,797179f86c6e516b54ff30bda720a719) (ScriptedImporter) -> (artifact id: 'c6c179141a3ef64db4a2cef9c76f4b1a') in 0.0314473 seconds
Number of updated asset objects reloaded before import = 0Number of asset objects unloaded after import = 0

========================================================================
Received Import Request.
  Time since last request: 0.000055 seconds.
  path: Assets/Materials/Edging.mat
  artifactKey: Guid(5b30e19e36e732942b7297f8e41df474) Importer(2089858483,797179f86c6e516b54ff30bda720a719)
Start importing Assets/Materials/Edging.mat using Guid(5b30e19e36e732942b7297f8e41df474) Importer(2089858483,797179f86c6e516b54ff30bda720a719) (ScriptedImporter) -> (artifact id: 'faa1afa1c5b682a73129c1d6b97a66f6') in 0.2775872 seconds
Number of updated asset objects reloaded before import = 0Number of asset objects unloaded after import = 1

========================================================================
Received Import Request.
  Time since last request: 0.000018 seconds.
  path: Assets/GPM/Manager/gpm_manager.asmdef
  artifactKey: Guid(8c13331ef07d5394790513465d483463) Importer(2089858483,797179f86c6e516b54ff30bda720a719)
Start importing Assets/GPM/Manager/gpm_manager.asmdef using Guid(8c13331ef07d5394790513465d483463) Importer(2089858483,797179f86c6e516b54ff30bda720a719) (ScriptedImporter) -> (artifact id: '47b1644f94a64542a5dd6512d0e4119e') in 0.0532627 seconds
Number of updated asset objects reloaded before import = 0Number of asset objects unloaded after import = 1

========================================================================
Received Import Request.
  Time since last request: 0.000021 seconds.
  path: Assets/Scripts/MapPinXml.cs
  artifactKey: Guid(9055b30c945d2e1459e4ed0995595f96) Importer(2089858483,797179f86c6e516b54ff30bda720a719)
Start importing Assets/Scripts/MapPinXml.cs using Guid(9055b30c945d2e1459e4ed0995595f96) Importer(2089858483,797179f86c6e516b54ff30bda720a719) (ScriptedImporter) -> (artifact id: '21db07f97ec771e867d6049374408975') in 0.0298954 seconds
Number of updated asset objects reloaded before import = 0Number of asset objects unloaded after import = 0

========================================================================
Received Import Request.
  Time since last request: 0.000025 seconds.
  path: Assets/Scripts/UIManager.cs
  artifactKey: Guid(57a39421b3126df4b9a8a901ce014135) Importer(2089858483,797179f86c6e516b54ff30bda720a719)
Start importing Assets/Scripts/UIManager.cs using Guid(57a39421b3126df4b9a8a901ce014135) Importer(2089858483,797179f86c6e516b54ff30bda720a719) (ScriptedImporter) -> (artifact id: 'f821b7d9598af21b400f7997958b118a') in 0.0261342 seconds
Number of updated asset objects reloaded before import = 0Number of asset objects unloaded after import = 0

========================================================================
Received Import Request.
  Time since last request: 0.000080 seconds.
  path: Assets/MapToolPack/Data/MapIcons.cs
  artifactKey: Guid(3f7188f86f0f020478eb3fc04d52fca3) Importer(2089858483,797179f86c6e516b54ff30bda720a719)
Start importing Assets/MapToolPack/Data/MapIcons.cs using Guid(3f7188f86f0f020478eb3fc04d52fca3) Importer(2089858483,797179f86c6e516b54ff30bda720a719) (ScriptedImporter) -> (artifact id: '551f1c0dcf0743ec4471f33d582feae0') in 0.028011 seconds
Number of updated asset objects reloaded before import = 0Number of asset objects unloaded after import = 0

========================================================================
Received Import Request.
  Time since last request: 0.000071 seconds.
  path: Assets/Images/AddOrderIcon.png
  artifactKey: Guid(52208b11558a7c24fb31d2eea38cdc63) Importer(2089858483,797179f86c6e516b54ff30bda720a719)
Start importing Assets/Images/AddOrderIcon.png using Guid(52208b11558a7c24fb31d2eea38cdc63) Importer(2089858483,797179f86c6e516b54ff30bda720a719) (ScriptedImporter) -> (artifact id: 'ba9dad319e79725e2be11c4bacb54b34') in 0.0264267 seconds
Number of updated asset objects reloaded before import = 0Number of asset objects unloaded after import = 2

========================================================================
Received Import Request.
  Time since last request: 0.000061 seconds.
  path: Assets/Mirror/Version.txt
  artifactKey: Guid(c6b1f72568a9340178b4c34608fbdbc3) Importer(2089858483,797179f86c6e516b54ff30bda720a719)
Start importing Assets/Mirror/Version.txt using Guid(c6b1f72568a9340178b4c34608fbdbc3) Importer(2089858483,797179f86c6e516b54ff30bda720a719) (ScriptedImporter) -> (artifact id: '7d7d1aa7fe59cf478fc97d12844b8af7') in 0.0921406 seconds
Number of updated asset objects reloaded before import = 0Number of asset objects unloaded after import = 1

========================================================================
Received Import Request.
  Time since last request: 0.000016 seconds.
  path: Assets/Mirror/Notice.txt
  artifactKey: Guid(1a7b49ad188074707b004e7bb8824857) Importer(2089858483,797179f86c6e516b54ff30bda720a719)
Start importing Assets/Mirror/Notice.txt using Guid(1a7b49ad188074707b004e7bb8824857) Importer(2089858483,797179f86c6e516b54ff30bda720a719) (ScriptedImporter) -> (artifact id: 'c18a2cedee9feabdec366731fcadd57a') in 0.0950311 seconds
Number of updated asset objects reloaded before import = 0Number of asset objects unloaded after import = 1

========================================================================
Received Import Request.
  Time since last request: 0.000044 seconds.
  path: Assets/GPM/Common/gpm_common.asmdef
  artifactKey: Guid(f35024e18ccf59c4681527787a971c57) Importer(2089858483,797179f86c6e516b54ff30bda720a719)
Start importing Assets/GPM/Common/gpm_common.asmdef using Guid(f35024e18ccf59c4681527787a971c57) Importer(2089858483,797179f86c6e516b54ff30bda720a719) (ScriptedImporter) -> (artifact id: '6205925bd6ff013708eff7dbb15deb21') in 0.0628356 seconds
Number of updated asset objects reloaded before import = 0Number of asset objects unloaded after import = 1

========================================================================
Received Import Request.
  Time since last request: 0.000013 seconds.
  path: Assets/Images/Warden.png
  artifactKey: Guid(6e4ad89ea48158447a5ffef812b9bc83) Importer(2089858483,797179f86c6e516b54ff30bda720a719)
Start importing Assets/Images/Warden.png using Guid(6e4ad89ea48158447a5ffef812b9bc83) Importer(2089858483,797179f86c6e516b54ff30bda720a719) (ScriptedImporter) -> (artifact id: '76ce9e0d50b7ebaaa64aff0d6a5c6c8c') in 0.0841008 seconds
Number of updated asset objects reloaded before import = 0Number of asset objects unloaded after import = 2

========================================================================
Received Import Request.
  Time since last request: 0.000045 seconds.
  path: Assets/Prefabs/UserConnection.prefab
  artifactKey: Guid(f03a5d2cca32bec4894b106fe0fd9efe) Importer(2089858483,797179f86c6e516b54ff30bda720a719)
Start importing Assets/Prefabs/UserConnection.prefab using Guid(f03a5d2cca32bec4894b106fe0fd9efe) Importer(2089858483,797179f86c6e516b54ff30bda720a719) (ScriptedImporter) -> (artifact id: '26e9aa7965fe435fab615018700e1035') in 0.0420578 seconds
Number of updated asset objects reloaded before import = 0Number of asset objects unloaded after import = 6

========================================================================
Received Import Request.
  Time since last request: 0.000033 seconds.
  path: Assets/MapToolPack/MapMarkerText.prefab
  artifactKey: Guid(f382e897aa08e5147aed65bbfb801b95) Importer(2089858483,797179f86c6e516b54ff30bda720a719)
Start importing Assets/MapToolPack/MapMarkerText.prefab using Guid(f382e897aa08e5147aed65bbfb801b95) Importer(2089858483,797179f86c6e516b54ff30bda720a719) (ScriptedImporter) -> (artifact id: '716f096961325a9e8e7f383ddb6cc4c9') in 0.0957115 seconds
Number of updated asset objects reloaded before import = 0Number of asset objects unloaded after import = 10

========================================================================
Received Import Request.
  Time since last request: 0.000035 seconds.
  path: Assets/MapToolPack/Maps Post 1.0/MapAllodsBightHex.TGA
  artifactKey: Guid(eb79d057aff6d4e4f9ad0607bbb4e0b5) Importer(2089858483,797179f86c6e516b54ff30bda720a719)
Start importing Assets/MapToolPack/Maps Post 1.0/MapAllodsBightHex.TGA using Guid(eb79d057aff6d4e4f9ad0607bbb4e0b5) Importer(2089858483,797179f86c6e516b54ff30bda720a719) (ScriptedImporter) -> (artifact id: '0069384b35ac0db2723bb4625bb5ae45') in 0.0214804 seconds
Number of updated asset objects reloaded before import = 0Number of asset objects unloaded after import = 2

========================================================================
Received Import Request.
  Time since last request: 0.000028 seconds.
  path: Assets/MapToolPack/Maps Post 1.0/MapUmbralWildwoodHex.TGA
  artifactKey: Guid(4a8a22fa8febf264685ab37b9918e990) Importer(2089858483,797179f86c6e516b54ff30bda720a719)
Start importing Assets/MapToolPack/Maps Post 1.0/MapUmbralWildwoodHex.TGA using Guid(4a8a22fa8febf264685ab37b9918e990) Importer(2089858483,797179f86c6e516b54ff30bda720a719) (ScriptedImporter) -> (artifact id: '9084c3660c72992087013fc05cbd8fc2') in 0.0708726 seconds
Number of updated asset objects reloaded before import = 0Number of asset objects unloaded after import = 2

========================================================================
Received Import Request.
  Time since last request: 0.000017 seconds.
  path: Assets/MapToolPack/Maps Post 1.0/MapDrownedValeHex.TGA
  artifactKey: Guid(617c8b23d1f92354bb9d7aa29c56c055) Importer(2089858483,797179f86c6e516b54ff30bda720a719)
Start importing Assets/MapToolPack/Maps Post 1.0/MapDrownedValeHex.TGA using Guid(617c8b23d1f92354bb9d7aa29c56c055) Importer(2089858483,797179f86c6e516b54ff30bda720a719) (ScriptedImporter) -> (artifact id: '8f3f1a2d0ca96339fa127d5462ba4780') in 0.0449521 seconds
Number of updated asset objects reloaded before import = 0Number of asset objects unloaded after import = 2

========================================================================
Received Import Request.
  Time since last request: 0.000034 seconds.
  path: Assets/MapToolPack/Maps Post 1.0/MapCallahansPassageHex.TGA
  artifactKey: Guid(26fe1273c1ba2f54cb80c7b3f50e8566) Importer(2089858483,797179f86c6e516b54ff30bda720a719)
Start importing Assets/MapToolPack/Maps Post 1.0/MapCallahansPassageHex.TGA using Guid(26fe1273c1ba2f54cb80c7b3f50e8566) Importer(2089858483,797179f86c6e516b54ff30bda720a719) (ScriptedImporter) -> (artifact id: 'b1b4ab82d56669868bc21a04b2e97183') in 0.0439696 seconds
Number of updated asset objects reloaded before import = 0Number of asset objects unloaded after import = 2

========================================================================
Received Import Request.
  Time since last request: 0.000013 seconds.
  path: Assets/MapToolPack/Maps/MapAshFieldsHex.TGA
  artifactKey: Guid(247488ca4f030684c81f7c11ac0179a1) Importer(2089858483,797179f86c6e516b54ff30bda720a719)
Start importing Assets/MapToolPack/Maps/MapAshFieldsHex.TGA using Guid(247488ca4f030684c81f7c11ac0179a1) Importer(2089858483,797179f86c6e516b54ff30bda720a719) (ScriptedImporter) -> (artifact id: '040474292d736f04c0eb44e7f8604d2a') in 0.0308577 seconds
Number of updated asset objects reloaded before import = 0Number of asset objects unloaded after import = 2

========================================================================
Received Import Request.
  Time since last request: 0.000012 seconds.
  path: Assets/MapToolPack/Maps Post 1.0/MapDeadlandsHex.TGA
  artifactKey: Guid(43dbd56a04d780e42a21b42e8143873b) Importer(2089858483,797179f86c6e516b54ff30bda720a719)
Start importing Assets/MapToolPack/Maps Post 1.0/MapDeadlandsHex.TGA using Guid(43dbd56a04d780e42a21b42e8143873b) Importer(2089858483,797179f86c6e516b54ff30bda720a719) (ScriptedImporter) -> (artifact id: '655469fc43def841c8d87cd670bd89e6') in 0.0381268 seconds
Number of updated asset objects reloaded before import = 0Number of asset objects unloaded after import = 2

========================================================================
Received Import Request.
  Time since last request: 0.000024 seconds.
  path: Assets/MapToolPack/Maps Post 1.0/MapHomeRegionW.TGA
  artifactKey: Guid(259c9dcc419f76047bf3e6e3142a162f) Importer(2089858483,797179f86c6e516b54ff30bda720a719)
Start importing Assets/MapToolPack/Maps Post 1.0/MapHomeRegionW.TGA using Guid(259c9dcc419f76047bf3e6e3142a162f) Importer(2089858483,797179f86c6e516b54ff30bda720a719) (ScriptedImporter) -> (artifact id: 'ad1f99f739c74fafe529eb0b701c9244') in 0.0601884 seconds
Number of updated asset objects reloaded before import = 0Number of asset objects unloaded after import = 2

========================================================================
Received Import Request.
  Time since last request: 0.000046 seconds.
  path: Assets/MapToolPack/Maps Post 1.0/MapShackledChasmHex.TGA
  artifactKey: Guid(7f0db686eb05d6146b95706f8bda18c5) Importer(2089858483,797179f86c6e516b54ff30bda720a719)
Start importing Assets/MapToolPack/Maps Post 1.0/MapShackledChasmHex.TGA using Guid(7f0db686eb05d6146b95706f8bda18c5) Importer(2089858483,797179f86c6e516b54ff30bda720a719) (ScriptedImporter) -> (artifact id: '0925be1ba5da5b214a274e6ac671af22') in 0.0642944 seconds
Number of updated asset objects reloaded before import = 0Number of asset objects unloaded after import = 2

========================================================================
Received Import Request.
  Time since last request: 0.000014 seconds.
  path: Assets/MapToolPack/Maps Post 1.0/MapTheFingersHex.TGA
  artifactKey: Guid(c226edd4e3ecad145872fba1e2ef3b91) Importer(2089858483,797179f86c6e516b54ff30bda720a719)
Start importing Assets/MapToolPack/Maps Post 1.0/MapTheFingersHex.TGA using Guid(c226edd4e3ecad145872fba1e2ef3b91) Importer(2089858483,797179f86c6e516b54ff30bda720a719) (ScriptedImporter) -> (artifact id: '0cb036905e061a914b564869aedcf814') in 0.0311806 seconds
Number of updated asset objects reloaded before import = 0Number of asset objects unloaded after import = 2

========================================================================
Received Import Request.
  Time since last request: 0.000016 seconds.
  path: Assets/MapToolPack/Maps Post 1.0/MapMarbanHollow.TGA
  artifactKey: Guid(e438581b4e2636d45b8f646751a4034c) Importer(2089858483,797179f86c6e516b54ff30bda720a719)
Start importing Assets/MapToolPack/Maps Post 1.0/MapMarbanHollow.TGA using Guid(e438581b4e2636d45b8f646751a4034c) Importer(2089858483,797179f86c6e516b54ff30bda720a719) (ScriptedImporter) -> (artifact id: '606fa95179d69e13442e099271e8901d') in 0.0671494 seconds
Number of updated asset objects reloaded before import = 0Number of asset objects unloaded after import = 2

========================================================================
Received Import Request.
  Time since last request: 0.000013 seconds.
  path: Assets/MapToolPack/Maps Post 1.0/MapLochMorHex.TGA
  artifactKey: Guid(96c8294fd46047d48a32cac532a8c521) Importer(2089858483,797179f86c6e516b54ff30bda720a719)
Start importing Assets/MapToolPack/Maps Post 1.0/MapLochMorHex.TGA using Guid(96c8294fd46047d48a32cac532a8c521) Importer(2089858483,797179f86c6e516b54ff30bda720a719) (ScriptedImporter) -> (artifact id: '5679214cf2cb089401a2f4e94cc71653') in 0.0440955 seconds
Number of updated asset objects reloaded before import = 0Number of asset objects unloaded after import = 2

========================================================================
Received Import Request.
  Time since last request: 0.000074 seconds.
  path: Assets/MapToolPack/Maps Post 1.0/MapFarranacCoastHex.TGA
  artifactKey: Guid(91ceaa8a452fc3944a7e3069f442dfb3) Importer(2089858483,797179f86c6e516b54ff30bda720a719)
Start importing Assets/MapToolPack/Maps Post 1.0/MapFarranacCoastHex.TGA using Guid(91ceaa8a452fc3944a7e3069f442dfb3) Importer(2089858483,797179f86c6e516b54ff30bda720a719) (ScriptedImporter) -> (artifact id: '54953bf222169faf2f044b52cf0a5e47') in 0.0444119 seconds
Number of updated asset objects reloaded before import = 0Number of asset objects unloaded after import = 2

========================================================================
Received Import Request.
  Time since last request: 0.000015 seconds.
  path: Assets/MapToolPack/Maps Post 1.0/MapLinnMercyHex.TGA
  artifactKey: Guid(5b83afa9d7c19ee4c8bc07df759c008d) Importer(2089858483,797179f86c6e516b54ff30bda720a719)
Start importing Assets/MapToolPack/Maps Post 1.0/MapLinnMercyHex.TGA using Guid(5b83afa9d7c19ee4c8bc07df759c008d) Importer(2089858483,797179f86c6e516b54ff30bda720a719) (ScriptedImporter) -> (artifact id: '55c8a5799f75b985e9ec1eee6d617158') in 0.0586516 seconds
Number of updated asset objects reloaded before import = 0Number of asset objects unloaded after import = 2

========================================================================
Received Import Request.
  Time since last request: 0.000027 seconds.
  path: Assets/MapToolPack/Maps Post 1.0/MapSableportHex.TGA
  artifactKey: Guid(4a9fa532b3580a04690fbfb8f58c6537) Importer(2089858483,797179f86c6e516b54ff30bda720a719)
Start importing Assets/MapToolPack/Maps Post 1.0/MapSableportHex.TGA using Guid(4a9fa532b3580a04690fbfb8f58c6537) Importer(2089858483,797179f86c6e516b54ff30bda720a719) (ScriptedImporter) -> (artifact id: 'c1ed187d73650b98d0eadf039e215445') in 0.0330907 seconds
Number of updated asset objects reloaded before import = 0Number of asset objects unloaded after import = 2

========================================================================
Received Import Request.
  Time since last request: 0.000028 seconds.
  path: Assets/MapToolPack/Maps Post 1.0/MapTerminusHex.TGA
  artifactKey: Guid(63312d7f8ee725d4db7787a1bbecdf49) Importer(2089858483,797179f86c6e516b54ff30bda720a719)
Start importing Assets/MapToolPack/Maps Post 1.0/MapTerminusHex.TGA using Guid(63312d7f8ee725d4db7787a1bbecdf49) Importer(2089858483,797179f86c6e516b54ff30bda720a719) (ScriptedImporter) -> (artifact id: '0e399b449ce4879b87d35e2606c86e74') in 0.0748098 seconds
Number of updated asset objects reloaded before import = 0Number of asset objects unloaded after import = 2

========================================================================
Received Import Request.
  Time since last request: 0.000015 seconds.
  path: Assets/Scripts/Tooltip.cs
  artifactKey: Guid(b813f9957caa3694eb10dbbada5a3466) Importer(2089858483,797179f86c6e516b54ff30bda720a719)
Start importing Assets/Scripts/Tooltip.cs using Guid(b813f9957caa3694eb10dbbada5a3466) Importer(2089858483,797179f86c6e516b54ff30bda720a719) (ScriptedImporter) -> (artifact id: '3d80743000675c046657afb99fb67623') in 0.0377055 seconds
Number of updated asset objects reloaded before import = 0Number of asset objects unloaded after import = 0

========================================================================
Received Import Request.
  Time since last request: 0.000065 seconds.
  path: Assets/GPM/WebView/gpm_webview.asmdef
  artifactKey: Guid(fef2471e741feb54f81a6ddb4619f9e4) Importer(2089858483,797179f86c6e516b54ff30bda720a719)
Start importing Assets/GPM/WebView/gpm_webview.asmdef using Guid(fef2471e741feb54f81a6ddb4619f9e4) Importer(2089858483,797179f86c6e516b54ff30bda720a719) (ScriptedImporter) -> (artifact id: '2bdbc6cf568ff1f49c2123eadffa30a3') in 0.0664076 seconds
Number of updated asset objects reloaded before import = 0Number of asset objects unloaded after import = 1

========================================================================
Received Import Request.
  Time since last request: 0.000045 seconds.
  path: Assets/MapToolPack/Maps/MapClansheadValleyHex.TGA
  artifactKey: Guid(d32534110c8f1564cb16fb1e434546fe) Importer(2089858483,797179f86c6e516b54ff30bda720a719)
Start importing Assets/MapToolPack/Maps/MapClansheadValleyHex.TGA using Guid(d32534110c8f1564cb16fb1e434546fe) Importer(2089858483,797179f86c6e516b54ff30bda720a719) (ScriptedImporter) -> (artifact id: '1c004654c8753a8ad4e1aea8cc2f0733') in 0.0485429 seconds
Number of updated asset objects reloaded before import = 0Number of asset objects unloaded after import = 2

========================================================================
Received Import Request.
  Time since last request: 0.000044 seconds.
  path: Assets/MapToolPack/MapMarker.prefab
  artifactKey: Guid(53d41f7db9148e7498b7258a3d228d53) Importer(2089858483,797179f86c6e516b54ff30bda720a719)
Start importing Assets/MapToolPack/MapMarker.prefab using Guid(53d41f7db9148e7498b7258a3d228d53) Importer(2089858483,797179f86c6e516b54ff30bda720a719) (ScriptedImporter) -> (artifact id: 'fbaf9ae8fb4da3cbc0c1aa335859a705') in 0.0289208 seconds
Number of updated asset objects reloaded before import = 0Number of asset objects unloaded after import = 11

========================================================================
Received Import Request.
  Time since last request: 0.000014 seconds.
  path: Assets/Scripts/RequestListItem.cs
  artifactKey: Guid(69973ca3b26eb6c408d582fd871f9336) Importer(2089858483,797179f86c6e516b54ff30bda720a719)
Start importing Assets/Scripts/RequestListItem.cs using Guid(69973ca3b26eb6c408d582fd871f9336) Importer(2089858483,797179f86c6e516b54ff30bda720a719) (ScriptedImporter) -> (artifact id: '89d038c77ec383c4f81d6c6a0c99c638') in 0.1430683 seconds
Number of updated asset objects reloaded before import = 0Number of asset objects unloaded after import = 0

========================================================================
Received Import Request.
  Time since last request: 0.000056 seconds.
  path: Assets/MapToolPack/Maps Post 1.0/MapNevishLineHex.TGA
  artifactKey: Guid(431c0b229dc27d1419593dd8a11222e3) Importer(2089858483,797179f86c6e516b54ff30bda720a719)
Start importing Assets/MapToolPack/Maps Post 1.0/MapNevishLineHex.TGA using Guid(431c0b229dc27d1419593dd8a11222e3) Importer(2089858483,797179f86c6e516b54ff30bda720a719) (ScriptedImporter) -> (artifact id: '829a833fb8446219f1bbd391dbbfd547') in 0.0316263 seconds
Number of updated asset objects reloaded before import = 0Number of asset objects unloaded after import = 2

========================================================================
Received Import Request.
  Time since last request: 0.000016 seconds.
  path: Assets/Images/Cross.png
  artifactKey: Guid(547cec187be2d144a9e9ff12a5afc2c5) Importer(2089858483,797179f86c6e516b54ff30bda720a719)
Start importing Assets/Images/Cross.png using Guid(547cec187be2d144a9e9ff12a5afc2c5) Importer(2089858483,797179f86c6e516b54ff30bda720a719) (ScriptedImporter) -> (artifact id: '9233b6d96c96041a7adc183660e72b63') in 0.026311 seconds
Number of updated asset objects reloaded before import = 0Number of asset objects unloaded after import = 2

========================================================================
Received Import Request.
  Time since last request: 0.000014 seconds.
  path: Assets/MapToolPack/Icons/Petrol.png
  artifactKey: Guid(784829508a3186043ae2f89d436e7781) Importer(2089858483,797179f86c6e516b54ff30bda720a719)
Start importing Assets/MapToolPack/Icons/Petrol.png using Guid(784829508a3186043ae2f89d436e7781) Importer(2089858483,797179f86c6e516b54ff30bda720a719) (ScriptedImporter) -> (artifact id: '7f32ee268d2a62265a6fa623c02fcf54') in 0.0320175 seconds
Number of updated asset objects reloaded before import = 0Number of asset objects unloaded after import = 2

========================================================================
Received Import Request.
  Time since last request: 0.000021 seconds.
  path: Assets/MapToolPack/Maps Post 1.0/MapCallumsCapeHex.TGA
  artifactKey: Guid(99b99406980cb0d4782c3b928a2bf4ed) Importer(2089858483,797179f86c6e516b54ff30bda720a719)
Start importing Assets/MapToolPack/Maps Post 1.0/MapCallumsCapeHex.TGA using Guid(99b99406980cb0d4782c3b928a2bf4ed) Importer(2089858483,797179f86c6e516b54ff30bda720a719) (ScriptedImporter) -> (artifact id: '117400711ef597ddb9bc9b8b52671d15') in 0.0253291 seconds
Number of updated asset objects reloaded before import = 0Number of asset objects unloaded after import = 2

========================================================================
Received Import Request.
  Time since last request: 0.000013 seconds.
  path: Assets/GPM/LICENSE.txt
  artifactKey: Guid(229f2736f2b40a748bc3344ec2e25b50) Importer(2089858483,797179f86c6e516b54ff30bda720a719)
Start importing Assets/GPM/LICENSE.txt using Guid(229f2736f2b40a748bc3344ec2e25b50) Importer(2089858483,797179f86c6e516b54ff30bda720a719) (ScriptedImporter) -> (artifact id: '46b7729285031540f527bacec5470ffb') in 0.0918302 seconds
Number of updated asset objects reloaded before import = 0Number of asset objects unloaded after import = 1

========================================================================
Received Import Request.
  Time since last request: 0.000016 seconds.
  path: Assets/Scenes/SampleScene.unity
  artifactKey: Guid(2cda990e2423bbf4892e6590ba056729) Importer(2089858483,797179f86c6e516b54ff30bda720a719)
Start importing Assets/Scenes/SampleScene.unity using Guid(2cda990e2423bbf4892e6590ba056729) Importer(2089858483,797179f86c6e516b54ff30bda720a719) (ScriptedImporter) -> (artifact id: '294981eedec917b19fa39d68ba0ff400') in 0.0308733 seconds
Number of updated asset objects reloaded before import = 0Number of asset objects unloaded after import = 1

========================================================================
Received Import Request.
  Time since last request: 0.000024 seconds.
  path: Assets/Scripts/StockpileModel.cs
  artifactKey: Guid(ea5d3b8a1dd67a84dae40d61ecfd3f32) Importer(2089858483,797179f86c6e516b54ff30bda720a719)
Start importing Assets/Scripts/StockpileModel.cs using Guid(ea5d3b8a1dd67a84dae40d61ecfd3f32) Importer(2089858483,797179f86c6e516b54ff30bda720a719) (ScriptedImporter) -> (artifact id: '53805d4e174c35902fd4ccad6db02c11') in 0.0280172 seconds
Number of updated asset objects reloaded before import = 0Number of asset objects unloaded after import = 0

========================================================================
Received Import Request.
  Time since last request: 0.000058 seconds.
  path: Assets/MapToolPack/Button.prefab
  artifactKey: Guid(8f61975d916560047b86847a0117f290) Importer(2089858483,797179f86c6e516b54ff30bda720a719)
Start importing Assets/MapToolPack/Button.prefab using Guid(8f61975d916560047b86847a0117f290) Importer(2089858483,797179f86c6e516b54ff30bda720a719) (ScriptedImporter) -> (artifact id: '447087709c5e9212c6253e127c8c271d') in 0.033149 seconds
Number of updated asset objects reloaded before import = 0Number of asset objects unloaded after import = 7

========================================================================
Received Import Request.
  Time since last request: 0.000018 seconds.
  path: Assets/Images/MapIconSeaport.png
  artifactKey: Guid(fa6dc6924d34ae44fbc02e3254838b6f) Importer(2089858483,797179f86c6e516b54ff30bda720a719)
Start importing Assets/Images/MapIconSeaport.png using Guid(fa6dc6924d34ae44fbc02e3254838b6f) Importer(2089858483,797179f86c6e516b54ff30bda720a719) (ScriptedImporter) -> (artifact id: '5f0bb3ed610a95d6711c417d4b2f196d') in 0.0302909 seconds
Number of updated asset objects reloaded before import = 0Number of asset objects unloaded after import = 2

========================================================================
Received Import Request.
  Time since last request: 0.000063 seconds.
  path: Assets/MapToolPack/scr_camera_controller.cs
  artifactKey: Guid(52053cb7c3b1c6f4c98cafe7e39473ed) Importer(2089858483,797179f86c6e516b54ff30bda720a719)
Start importing Assets/MapToolPack/scr_camera_controller.cs using Guid(52053cb7c3b1c6f4c98cafe7e39473ed) Importer(2089858483,797179f86c6e516b54ff30bda720a719) (ScriptedImporter) -> (artifact id: 'ed122eeb876cf4dc561667565b28c7e5') in 0.0197372 seconds
Number of updated asset objects reloaded before import = 0Number of asset objects unloaded after import = 0

========================================================================
Received Import Request.
  Time since last request: 0.000065 seconds.
  path: Assets/MapToolPack/Scenes/SampleScene.unity
  artifactKey: Guid(ba067e917c92ecf41911e7913050621d) Importer(2089858483,797179f86c6e516b54ff30bda720a719)
Start importing Assets/MapToolPack/Scenes/SampleScene.unity using Guid(ba067e917c92ecf41911e7913050621d) Importer(2089858483,797179f86c6e516b54ff30bda720a719) (ScriptedImporter) -> (artifact id: 'b61af211d36356e615918a9b44d16953') in 0.0186778 seconds
Number of updated asset objects reloaded before import = 0Number of asset objects unloaded after import = 1

========================================================================
Received Import Request.
  Time since last request: 0.000048 seconds.
  path: Assets/MapToolPack/Maps/MapTheFingersHex.TGA
  artifactKey: Guid(45aca0f0e70e4054faaddc7bc84869ca) Importer(2089858483,797179f86c6e516b54ff30bda720a719)
Start importing Assets/MapToolPack/Maps/MapTheFingersHex.TGA using Guid(45aca0f0e70e4054faaddc7bc84869ca) Importer(2089858483,797179f86c6e516b54ff30bda720a719) (ScriptedImporter) -> (artifact id: '67d974e42e8ca294c1db2560826f4a28') in 0.0255636 seconds
Number of updated asset objects reloaded before import = 0Number of asset objects unloaded after import = 2

========================================================================
Received Import Request.
  Time since last request: 0.000016 seconds.
  path: Assets/Mirror/Editor/EditorHelper.cs
  artifactKey: Guid(dba787f167ff29c4288532af1ec3584c) Importer(2089858483,797179f86c6e516b54ff30bda720a719)
Start importing Assets/Mirror/Editor/EditorHelper.cs using Guid(dba787f167ff29c4288532af1ec3584c) Importer(2089858483,797179f86c6e516b54ff30bda720a719) (ScriptedImporter) -> (artifact id: '92639adcb065cb9064c4a726d0aacf5c') in 0.0280937 seconds
Number of updated asset objects reloaded before import = 0Number of asset objects unloaded after import = 0

========================================================================
Received Import Request.
  Time since last request: 0.000065 seconds.
  path: Assets/MapToolPack/Maps/MapNevishLineHex.TGA
  artifactKey: Guid(4f99cec047cc9f64abc0cec892274aae) Importer(2089858483,797179f86c6e516b54ff30bda720a719)
Start importing Assets/MapToolPack/Maps/MapNevishLineHex.TGA using Guid(4f99cec047cc9f64abc0cec892274aae) Importer(2089858483,797179f86c6e516b54ff30bda720a719) (ScriptedImporter) -> (artifact id: '0e302bbf6a3b02e77efeb197079344be') in 0.0289263 seconds
Number of updated asset objects reloaded before import = 0Number of asset objects unloaded after import = 2

========================================================================
Received Import Request.
  Time since last request: 0.000017 seconds.
  path: Assets/MapToolPack/Maps/MapGreatMarchHex.TGA
  artifactKey: Guid(683a9a8934187804988b17004a2bcbf5) Importer(2089858483,797179f86c6e516b54ff30bda720a719)
Start importing Assets/MapToolPack/Maps/MapGreatMarchHex.TGA using Guid(683a9a8934187804988b17004a2bcbf5) Importer(2089858483,797179f86c6e516b54ff30bda720a719) (ScriptedImporter) -> (artifact id: '1cf9d7f65f2e6d4c5b8aee8123d3a0be') in 0.0355364 seconds
Number of updated asset objects reloaded before import = 0Number of asset objects unloaded after import = 2

========================================================================
Received Import Request.
  Time since last request: 0.000020 seconds.
  path: Assets/MapToolPack/Maps/MapWestgateHex.TGA
  artifactKey: Guid(c2d05c89f913a804589cc73d77e32ff2) Importer(2089858483,797179f86c6e516b54ff30bda720a719)
Start importing Assets/MapToolPack/Maps/MapWestgateHex.TGA using Guid(c2d05c89f913a804589cc73d77e32ff2) Importer(2089858483,797179f86c6e516b54ff30bda720a719) (ScriptedImporter) -> (artifact id: '75ef71a0b56f689a6bafd0c1504e27c2') in 0.0294436 seconds
Number of updated asset objects reloaded before import = 0Number of asset objects unloaded after import = 2

========================================================================
Received Import Request.
  Time since last request: 0.000012 seconds.
  path: Assets/Mirror/Components/GUIConsole.cs
  artifactKey: Guid(9021b6cc314944290986ab6feb48db79) Importer(2089858483,797179f86c6e516b54ff30bda720a719)
Start importing Assets/Mirror/Components/GUIConsole.cs using Guid(9021b6cc314944290986ab6feb48db79) Importer(2089858483,797179f86c6e516b54ff30bda720a719) (ScriptedImporter) -> (artifact id: 'e182c8921173206b4b0e74421738bc12') in 0.0329404 seconds
Number of updated asset objects reloaded before import = 0Number of asset objects unloaded after import = 0

========================================================================
Received Import Request.
  Time since last request: 0.000061 seconds.
  path: Assets/MapToolPack/Maps/MapDrownedValeHex.TGA
  artifactKey: Guid(1b047554677ebd448b3afda3605478d5) Importer(2089858483,797179f86c6e516b54ff30bda720a719)
Start importing Assets/MapToolPack/Maps/MapDrownedValeHex.TGA using Guid(1b047554677ebd448b3afda3605478d5) Importer(2089858483,797179f86c6e516b54ff30bda720a719) (ScriptedImporter) -> (artifact id: '9c743ea44cf1d7439f2fd8bdb0eb079c') in 0.0340386 seconds
Number of updated asset objects reloaded before import = 0Number of asset objects unloaded after import = 2

========================================================================
Received Import Request.
  Time since last request: 0.000018 seconds.
  path: Assets/MapToolPack/Maps/MapUmbralWildwoodHex.TGA
  artifactKey: Guid(2abdb26a76920d945a08c39eada49ca8) Importer(2089858483,797179f86c6e516b54ff30bda720a719)
Start importing Assets/MapToolPack/Maps/MapUmbralWildwoodHex.TGA using Guid(2abdb26a76920d945a08c39eada49ca8) Importer(2089858483,797179f86c6e516b54ff30bda720a719) (ScriptedImporter) -> (artifact id: '56c4937468581fd0e0e5b15410914102') in 0.0278462 seconds
Number of updated asset objects reloaded before import = 0Number of asset objects unloaded after import = 2

========================================================================
Received Import Request.
  Time since last request: 0.000041 seconds.
  path: Assets/Images/MapIconFactory.png
  artifactKey: Guid(9b662bd0da86e964f8b1727633d7d75c) Importer(2089858483,797179f86c6e516b54ff30bda720a719)
Start importing Assets/Images/MapIconFactory.png using Guid(9b662bd0da86e964f8b1727633d7d75c) Importer(2089858483,797179f86c6e516b54ff30bda720a719) (ScriptedImporter) -> (artifact id: '856da0d84c543e135092a300b90ee0e5') in 0.0334823 seconds
Number of updated asset objects reloaded before import = 0Number of asset objects unloaded after import = 2

========================================================================
Received Import Request.
  Time since last request: 0.000018 seconds.
  path: Assets/MapToolPack/Maps/MapAllodsBightHex.TGA
  artifactKey: Guid(8c8b17c7d92f958438be2aab8ba1db2f) Importer(2089858483,797179f86c6e516b54ff30bda720a719)
Start importing Assets/MapToolPack/Maps/MapAllodsBightHex.TGA using Guid(8c8b17c7d92f958438be2aab8ba1db2f) Importer(2089858483,797179f86c6e516b54ff30bda720a719) (ScriptedImporter) -> (artifact id: '05317f713895903bb877f08dd054c51a') in 0.0344252 seconds
Number of updated asset objects reloaded before import = 0Number of asset objects unloaded after import = 2

========================================================================
Received Import Request.
  Time since last request: 0.000044 seconds.
  path: Assets/Scripts/StockpileListItem.cs
  artifactKey: Guid(a50eaf679247f8143bd211d726066d01) Importer(2089858483,797179f86c6e516b54ff30bda720a719)
Start importing Assets/Scripts/StockpileListItem.cs using Guid(a50eaf679247f8143bd211d726066d01) Importer(2089858483,797179f86c6e516b54ff30bda720a719) (ScriptedImporter) -> (artifact id: '54c78dd9e8e37a04d6ac53c43d8db9f5') in 0.0309598 seconds
Number of updated asset objects reloaded before import = 0Number of asset objects unloaded after import = 0

========================================================================
Received Import Request.
  Time since last request: 0.000059 seconds.
  path: Assets/MapToolPack/Maps/MapHomeRegionW.TGA
  artifactKey: Guid(707a1a4c667b2b34f990c0cfbcd7051f) Importer(2089858483,797179f86c6e516b54ff30bda720a719)
Start importing Assets/MapToolPack/Maps/MapHomeRegionW.TGA using Guid(707a1a4c667b2b34f990c0cfbcd7051f) Importer(2089858483,797179f86c6e516b54ff30bda720a719) (ScriptedImporter) -> (artifact id: '304b36835e911d34e6958c341f2e5616') in 0.0321898 seconds
Number of updated asset objects reloaded before import = 0Number of asset objects unloaded after import = 2

========================================================================
Received Import Request.
  Time since last request: 0.000012 seconds.
  path: Assets/MapToolPack/Maps/MapHeartlandsHex.TGA
  artifactKey: Guid(5d300f0399b91af4792ae331d50fd99d) Importer(2089858483,797179f86c6e516b54ff30bda720a719)
Start importing Assets/MapToolPack/Maps/MapHeartlandsHex.TGA using Guid(5d300f0399b91af4792ae331d50fd99d) Importer(2089858483,797179f86c6e516b54ff30bda720a719) (ScriptedImporter) -> (artifact id: 'd795b7de1ddf35c8c0d755be10a00bd3') in 0.033437 seconds
Number of updated asset objects reloaded before import = 0Number of asset objects unloaded after import = 2

========================================================================
Received Import Request.
  Time since last request: 0.000033 seconds.
  path: Assets/MapToolPack/Maps/MapShackledChasmHex.TGA
  artifactKey: Guid(4290886c6bd4c7c40845fa7a150d92a3) Importer(2089858483,797179f86c6e516b54ff30bda720a719)
Start importing Assets/MapToolPack/Maps/MapShackledChasmHex.TGA using Guid(4290886c6bd4c7c40845fa7a150d92a3) Importer(2089858483,797179f86c6e516b54ff30bda720a719) (ScriptedImporter) -> (artifact id: '0f46a7c4076418e88009501a96603ee6') in 0.027052 seconds
Number of updated asset objects reloaded before import = 0Number of asset objects unloaded after import = 2

========================================================================
Received Import Request.
  Time since last request: 0.000031 seconds.
  path: Assets/Mirror/Authenticators/Mirror.Authenticators.asmdef
  artifactKey: Guid(e720aa64e3f58fb4880566a322584340) Importer(2089858483,797179f86c6e516b54ff30bda720a719)
Start importing Assets/Mirror/Authenticators/Mirror.Authenticators.asmdef using Guid(e720aa64e3f58fb4880566a322584340) Importer(2089858483,797179f86c6e516b54ff30bda720a719) (ScriptedImporter) -> (artifact id: 'd1a2f1c40ccc94dbf998a8edba2f23a1') in 0.0617303 seconds
Number of updated asset objects reloaded before import = 0Number of asset objects unloaded after import = 1

========================================================================
Received Import Request.
  Time since last request: 0.000019 seconds.
  path: Assets/Scripts/Log.cs
  artifactKey: Guid(86557a6917d5e4b4e89a6afc75bb6a3d) Importer(2089858483,797179f86c6e516b54ff30bda720a719)
Start importing Assets/Scripts/Log.cs using Guid(86557a6917d5e4b4e89a6afc75bb6a3d) Importer(2089858483,797179f86c6e516b54ff30bda720a719) (ScriptedImporter) -> (artifact id: '82d4d52527acf6553c567bebe711cb5c') in 0.0241004 seconds
Number of updated asset objects reloaded before import = 0Number of asset objects unloaded after import = 0

========================================================================
Received Import Request.
  Time since last request: 0.000053 seconds.
  path: Assets/Mirror/Components/NetworkTransformBase.cs
  artifactKey: Guid(2e77294d8ccbc4e7cb8ca2bd0d3e99ea) Importer(2089858483,797179f86c6e516b54ff30bda720a719)
Start importing Assets/Mirror/Components/NetworkTransformBase.cs using Guid(2e77294d8ccbc4e7cb8ca2bd0d3e99ea) Importer(2089858483,797179f86c6e516b54ff30bda720a719) (ScriptedImporter) -> (artifact id: '933aa366916364a2199feb9c8a412cad') in 0.0281872 seconds
Number of updated asset objects reloaded before import = 0Number of asset objects unloaded after import = 0

========================================================================
Received Import Request.
  Time since last request: 0.000108 seconds.
  path: Assets/MapToolPack/Maps/MapViperPitHex.TGA
  artifactKey: Guid(f442a167fc765cf4396e7744ea404cdd) Importer(2089858483,797179f86c6e516b54ff30bda720a719)
Start importing Assets/MapToolPack/Maps/MapViperPitHex.TGA using Guid(f442a167fc765cf4396e7744ea404cdd) Importer(2089858483,797179f86c6e516b54ff30bda720a719) (ScriptedImporter) -> (artifact id: '8bc16ac7bd79e0ab1d80acce851cbb82') in 0.029729 seconds
Number of updated asset objects reloaded before import = 0Number of asset objects unloaded after import = 2

========================================================================
Received Import Request.
  Time since last request: 0.000015 seconds.
  path: Assets/MapToolPack/Maps Post 1.0/MapGodcroftsHex.TGA
  artifactKey: Guid(87a899ef3c5264d4bacb12cb076c9113) Importer(2089858483,797179f86c6e516b54ff30bda720a719)
Start importing Assets/MapToolPack/Maps Post 1.0/MapGodcroftsHex.TGA using Guid(87a899ef3c5264d4bacb12cb076c9113) Importer(2089858483,797179f86c6e516b54ff30bda720a719) (ScriptedImporter) -> (artifact id: 'e086d2b1dfd5ab2fa966214512b98146') in 0.037318 seconds
Number of updated asset objects reloaded before import = 0Number of asset objects unloaded after import = 2

========================================================================
Received Import Request.
  Time since last request: 0.000019 seconds.
  path: Assets/Mirror/Authenticators/TimeoutAuthenticator.cs
  artifactKey: Guid(24d8269a07b8e4edfa374753a91c946e) Importer(2089858483,797179f86c6e516b54ff30bda720a719)
Start importing Assets/Mirror/Authenticators/TimeoutAuthenticator.cs using Guid(24d8269a07b8e4edfa374753a91c946e) Importer(2089858483,797179f86c6e516b54ff30bda720a719) (ScriptedImporter) -> (artifact id: 'f9450fb4925f557c8cdb0f43a82f784e') in 0.031101 seconds
Number of updated asset objects reloaded before import = 0Number of asset objects unloaded after import = 0

========================================================================
Received Import Request.
  Time since last request: 0.000047 seconds.
  path: Assets/Mirror/Components/NetworkRoomManager.cs
  artifactKey: Guid(615e6c6589cf9e54cad646b5a11e0529) Importer(2089858483,797179f86c6e516b54ff30bda720a719)
Start importing Assets/Mirror/Components/NetworkRoomManager.cs using Guid(615e6c6589cf9e54cad646b5a11e0529) Importer(2089858483,797179f86c6e516b54ff30bda720a719) (ScriptedImporter) -> (artifact id: '6c159d66204791bc84fdb37ba6a08cff') in 0.0333697 seconds
Number of updated asset objects reloaded before import = 0Number of asset objects unloaded after import = 0

========================================================================
Received Import Request.
  Time since last request: 0.000016 seconds.
  path: Assets/MapToolPack/Maps/MapTempestIslandHex.TGA
  artifactKey: Guid(d5815ac9811550448883ce07d63805f7) Importer(2089858483,797179f86c6e516b54ff30bda720a719)
Start importing Assets/MapToolPack/Maps/MapTempestIslandHex.TGA using Guid(d5815ac9811550448883ce07d63805f7) Importer(2089858483,797179f86c6e516b54ff30bda720a719) (ScriptedImporter) -> (artifact id: '1c7c6c368a479544a60cd921dab892ae') in 0.0302581 seconds
Number of updated asset objects reloaded before import = 0Number of asset objects unloaded after import = 2

========================================================================
Received Import Request.
  Time since last request: 0.000043 seconds.
  path: Assets/Mirror/Components/NetworkAnimator.cs
  artifactKey: Guid(7f6f3bf89aa97405989c802ba270f815) Importer(2089858483,797179f86c6e516b54ff30bda720a719)
Start importing Assets/Mirror/Components/NetworkAnimator.cs using Guid(7f6f3bf89aa97405989c802ba270f815) Importer(2089858483,797179f86c6e516b54ff30bda720a719) (ScriptedImporter) -> (artifact id: 'fb56f111742f8b020220cb44037870ef') in 0.0274695 seconds
Number of updated asset objects reloaded before import = 0Number of asset objects unloaded after import = 0

========================================================================
Received Import Request.
  Time since last request: 0.000050 seconds.
  path: Assets/MapToolPack/Maps/MapReachingTrailHex.TGA
  artifactKey: Guid(95e6232e12b427640a50d90050a4b8db) Importer(2089858483,797179f86c6e516b54ff30bda720a719)
Start importing Assets/MapToolPack/Maps/MapReachingTrailHex.TGA using Guid(95e6232e12b427640a50d90050a4b8db) Importer(2089858483,797179f86c6e516b54ff30bda720a719) (ScriptedImporter) -> (artifact id: '7683b3eb68e1852ae5c92b89c56af077') in 0.027913 seconds
Number of updated asset objects reloaded before import = 0Number of asset objects unloaded after import = 2

========================================================================
Received Import Request.
  Time since last request: 0.000026 seconds.
  path: Assets/MapToolPack/Maps/MapFarranacCoastHex.TGA
  artifactKey: Guid(1a664de167e66244da6dc183e6069249) Importer(2089858483,797179f86c6e516b54ff30bda720a719)
Start importing Assets/MapToolPack/Maps/MapFarranacCoastHex.TGA using Guid(1a664de167e66244da6dc183e6069249) Importer(2089858483,797179f86c6e516b54ff30bda720a719) (ScriptedImporter) -> (artifact id: 'ef40b78e90483a1692fa52a9e4bbd3b0') in 0.0335362 seconds
Number of updated asset objects reloaded before import = 0Number of asset objects unloaded after import = 2

========================================================================
Received Import Request.
  Time since last request: 0.000308 seconds.
  path: Assets/Mirror/Components/NetworkProximityChecker.cs
  artifactKey: Guid(1731d8de2d0c84333b08ebe1e79f4118) Importer(2089858483,797179f86c6e516b54ff30bda720a719)
Start importing Assets/Mirror/Components/NetworkProximityChecker.cs using Guid(1731d8de2d0c84333b08ebe1e79f4118) Importer(2089858483,797179f86c6e516b54ff30bda720a719) (ScriptedImporter) -> (artifact id: 'b0e10c6ce266f2021d676cf7a1d7d14a') in 0.0387781 seconds
Number of updated asset objects reloaded before import = 0Number of asset objects unloaded after import = 0

========================================================================
Received Import Request.
  Time since last request: 0.000058 seconds.
  path: Assets/MapToolPack/Data/MapData.cs
  artifactKey: Guid(2595fdc2cf57fa145837fa331b653cc3) Importer(2089858483,797179f86c6e516b54ff30bda720a719)
Start importing Assets/MapToolPack/Data/MapData.cs using Guid(2595fdc2cf57fa145837fa331b653cc3) Importer(2089858483,797179f86c6e516b54ff30bda720a719) (ScriptedImporter) -> (artifact id: '59488ad9da566b8936058b3fe859bc7a') in 0.0866103 seconds
Number of updated asset objects reloaded before import = 0Number of asset objects unloaded after import = 0

========================================================================
Received Import Request.
  Time since last request: 0.000013 seconds.
  path: Assets/Scripts/NewAccBtn.cs
  artifactKey: Guid(87f05426aa6b31847808ab3a3d737c35) Importer(2089858483,797179f86c6e516b54ff30bda720a719)
Start importing Assets/Scripts/NewAccBtn.cs using Guid(87f05426aa6b31847808ab3a3d737c35) Importer(2089858483,797179f86c6e516b54ff30bda720a719) (ScriptedImporter) -> (artifact id: '8eeac9b7f7149a4eec72ce7d8bcd9691') in 0.0519648 seconds
Number of updated asset objects reloaded before import = 0Number of asset objects unloaded after import = 0

========================================================================
Received Import Request.
  Time since last request: 0.000067 seconds.
  path: Assets/MapToolPack/Maps/MapEndlessShoreHex.TGA
  artifactKey: Guid(b1b619f33d992394cac65d89f7d94586) Importer(2089858483,797179f86c6e516b54ff30bda720a719)
Start importing Assets/MapToolPack/Maps/MapEndlessShoreHex.TGA using Guid(b1b619f33d992394cac65d89f7d94586) Importer(2089858483,797179f86c6e516b54ff30bda720a719) (ScriptedImporter) -> (artifact id: '288bc2a86145648150bac5a01ba72cef') in 0.0687536 seconds
Number of updated asset objects reloaded before import = 0Number of asset objects unloaded after import = 2

========================================================================
Received Import Request.
  Time since last request: 0.000018 seconds.
  path: Assets/MapToolPack/Maps Post 1.0/MapOarbreakerHex.TGA
  artifactKey: Guid(8f141ddd015eacf48a10acdd266e5af6) Importer(2089858483,797179f86c6e516b54ff30bda720a719)
Start importing Assets/MapToolPack/Maps Post 1.0/MapOarbreakerHex.TGA using Guid(8f141ddd015eacf48a10acdd266e5af6) Importer(2089858483,797179f86c6e516b54ff30bda720a719) (ScriptedImporter) -> (artifact id: '1279c38d06989ea1e0676f7571e56bf0') in 0.0514762 seconds
Number of updated asset objects reloaded before import = 0Number of asset objects unloaded after import = 2

========================================================================
Received Import Request.
  Time since last request: 0.000028 seconds.
  path: Assets/Scripts/LoginController.cs
  artifactKey: Guid(70eeb8cf20bda04479aa0ca1b27b287a) Importer(2089858483,797179f86c6e516b54ff30bda720a719)
Start importing Assets/Scripts/LoginController.cs using Guid(70eeb8cf20bda04479aa0ca1b27b287a) Importer(2089858483,797179f86c6e516b54ff30bda720a719) (ScriptedImporter) -> (artifact id: '6af141736e38ea1c6b173b2e25cce277') in 0.0447813 seconds
Number of updated asset objects reloaded before import = 0Number of asset objects unloaded after import = 0

========================================================================
Received Import Request.
  Time since last request: 0.000076 seconds.
  path: Assets/Scripts/RequestPopup.cs
  artifactKey: Guid(9d1daa50d05f09d448c22dac49f91977) Importer(2089858483,797179f86c6e516b54ff30bda720a719)
Start importing Assets/Scripts/RequestPopup.cs using Guid(9d1daa50d05f09d448c22dac49f91977) Importer(2089858483,797179f86c6e516b54ff30bda720a719) (ScriptedImporter) -> (artifact id: '17f7d0ed80a2bf355103eb0e654d076f') in 0.1408375 seconds
Number of updated asset objects reloaded before import = 0Number of asset objects unloaded after import = 0

========================================================================
Received Import Request.
  Time since last request: 0.000058 seconds.
  path: Assets/Images/Shiv_Defiance.png
  artifactKey: Guid(a41d8561fcd0e264bb3e25311b5bd3c4) Importer(2089858483,797179f86c6e516b54ff30bda720a719)
Start importing Assets/Images/Shiv_Defiance.png using Guid(a41d8561fcd0e264bb3e25311b5bd3c4) Importer(2089858483,797179f86c6e516b54ff30bda720a719) (ScriptedImporter) -> (artifact id: '03274b1b6ed0ef81b5f097638bcbc491') in 0.0522031 seconds
Number of updated asset objects reloaded before import = 0Number of asset objects unloaded after import = 2

========================================================================
Received Import Request.
  Time since last request: 0.000040 seconds.
  path: Assets/Mirror/Runtime/NetworkManager.cs
  artifactKey: Guid(8aab4c8111b7c411b9b92cf3dbc5bd4e) Importer(2089858483,797179f86c6e516b54ff30bda720a719)
Start importing Assets/Mirror/Runtime/NetworkManager.cs using Guid(8aab4c8111b7c411b9b92cf3dbc5bd4e) Importer(2089858483,797179f86c6e516b54ff30bda720a719) (ScriptedImporter) -> (artifact id: 'aebef1d3d940b91b35ec679e7a1c0480') in 0.0896475 seconds
Number of updated asset objects reloaded before import = 0Number of asset objects unloaded after import = 0

========================================================================
Received Import Request.
  Time since last request: 0.000083 seconds.
  path: Assets/Prefabs/UI/ItemRequestBtn.prefab
  artifactKey: Guid(792f88b677d80614786791bc013e33c0) Importer(2089858483,797179f86c6e516b54ff30bda720a719)
Start importing Assets/Prefabs/UI/ItemRequestBtn.prefab using Guid(792f88b677d80614786791bc013e33c0) Importer(2089858483,797179f86c6e516b54ff30bda720a719) (ScriptedImporter) -> (artifact id: '7dc710220a6d62bbc49f831316fff7dc') in 0.0640941 seconds
Number of updated asset objects reloaded before import = 0Number of asset objects unloaded after import = 12

========================================================================
Received Import Request.
  Time since last request: 0.000015 seconds.
  path: Assets/Mirror/Runtime/Extensions.cs
  artifactKey: Guid(decf32fd053744d18f35712b7a6f5116) Importer(2089858483,797179f86c6e516b54ff30bda720a719)
Start importing Assets/Mirror/Runtime/Extensions.cs using Guid(decf32fd053744d18f35712b7a6f5116) Importer(2089858483,797179f86c6e516b54ff30bda720a719) (ScriptedImporter) -> (artifact id: 'd05e36f84b74acf8614293bd3184a455') in 0.0625197 seconds
Number of updated asset objects reloaded before import = 0Number of asset objects unloaded after import = 0

========================================================================
Received Import Request.
  Time since last request: 0.000100 seconds.
  path: Assets/Mirror/Runtime/NetworkVisibility.cs
  artifactKey: Guid(c08f1a030234d49d391d7223a8592f15) Importer(2089858483,797179f86c6e516b54ff30bda720a719)
Start importing Assets/Mirror/Runtime/NetworkVisibility.cs using Guid(c08f1a030234d49d391d7223a8592f15) Importer(2089858483,797179f86c6e516b54ff30bda720a719) (ScriptedImporter) -> (artifact id: '204e1ce66c3e9ece20ffcc16aa08d015') in 0.078494 seconds
Number of updated asset objects reloaded before import = 0Number of asset objects unloaded after import = 0

========================================================================
Received Import Request.
  Time since last request: 0.000047 seconds.
  path: Assets/Mirror/Examples/Mirror.Examples.asmdef
  artifactKey: Guid(fecf25954bb196642ab50657689761d6) Importer(2089858483,797179f86c6e516b54ff30bda720a719)
Start importing Assets/Mirror/Examples/Mirror.Examples.asmdef using Guid(fecf25954bb196642ab50657689761d6) Importer(2089858483,797179f86c6e516b54ff30bda720a719) (ScriptedImporter) -> (artifact id: '5acf1d2eb25f572341b85bd34856db9a') in 0.074084 seconds
Number of updated asset objects reloaded before import = 0Number of asset objects unloaded after import = 1

========================================================================
Received Import Request.
  Time since last request: 0.000045 seconds.
  path: Assets/Mirror/Runtime/NetworkTime.cs
  artifactKey: Guid(09a0c241fc4a5496dbf4a0ab6e9a312c) Importer(2089858483,797179f86c6e516b54ff30bda720a719)
Start importing Assets/Mirror/Runtime/NetworkTime.cs using Guid(09a0c241fc4a5496dbf4a0ab6e9a312c) Importer(2089858483,797179f86c6e516b54ff30bda720a719) (ScriptedImporter) -> (artifact id: '7ee63cb366fb452ba6d12c3e21401beb') in 0.1081703 seconds
Number of updated asset objects reloaded before import = 0Number of asset objects unloaded after import = 0

========================================================================
Received Import Request.
  Time since last request: 0.000094 seconds.
  path: Assets/Mirror/Runtime/NetworkConnectionToServer.cs
  artifactKey: Guid(761977cbf38a34ded9dd89de45445675) Importer(2089858483,797179f86c6e516b54ff30bda720a719)
Start importing Assets/Mirror/Runtime/NetworkConnectionToServer.cs using Guid(761977cbf38a34ded9dd89de45445675) Importer(2089858483,797179f86c6e516b54ff30bda720a719) (ScriptedImporter) -> (artifact id: 'ae7c6bee4327695dd445c6412b13cb10') in 0.0524534 seconds
Number of updated asset objects reloaded before import = 0Number of asset objects unloaded after import = 0

========================================================================
Received Import Request.
  Time since last request: 0.000071 seconds.
  path: Assets/Mirror/Runtime/NetworkLoop.cs
  artifactKey: Guid(2c6cec4e279774b919386e05545317b8) Importer(2089858483,797179f86c6e516b54ff30bda720a719)
Start importing Assets/Mirror/Runtime/NetworkLoop.cs using Guid(2c6cec4e279774b919386e05545317b8) Importer(2089858483,797179f86c6e516b54ff30bda720a719) (ScriptedImporter) -> (artifact id: '2773007f6a2040a78a62c3bf2ec59d67') in 0.0501229 seconds
Number of updated asset objects reloaded before import = 0Number of asset objects unloaded after import = 0

========================================================================
Received Import Request.
  Time since last request: 0.000068 seconds.
  path: Assets/Plugins/Unity-mongo-csharp-driver-dlls-master/MongoDB.Bson.dll
  artifactKey: Guid(cdc61982e8f08e241aa3c4b3501eca7a) Importer(2089858483,797179f86c6e516b54ff30bda720a719)
Start importing Assets/Plugins/Unity-mongo-csharp-driver-dlls-master/MongoDB.Bson.dll using Guid(cdc61982e8f08e241aa3c4b3501eca7a) Importer(2089858483,797179f86c6e516b54ff30bda720a719) (ScriptedImporter) -> (artifact id: 'a2a498e9b6a876fb5e7891aa9afe4204') in 0.0846961 seconds
Number of updated asset objects reloaded before import = 0Number of asset objects unloaded after import = 0

========================================================================
Received Import Request.
  Time since last request: 0.000054 seconds.
  path: Assets/Mirror/Runtime/Attributes.cs
  artifactKey: Guid(c04c722ee2ffd49c8a56ab33667b10b0) Importer(2089858483,797179f86c6e516b54ff30bda720a719)
Start importing Assets/Mirror/Runtime/Attributes.cs using Guid(c04c722ee2ffd49c8a56ab33667b10b0) Importer(2089858483,797179f86c6e516b54ff30bda720a719) (ScriptedImporter) -> (artifact id: 'e022dfe8f8645ee160b9651dd7239a3f') in 0.0654537 seconds
Number of updated asset objects reloaded before import = 0Number of asset objects unloaded after import = 0

========================================================================
Received Import Request.
  Time since last request: 0.000035 seconds.
  path: Assets/Plugins/Unity-mongo-csharp-driver-dlls-master/DnsClient.dll
  artifactKey: Guid(14d5adf79f093d4438dd7b6affc4c545) Importer(2089858483,797179f86c6e516b54ff30bda720a719)
Start importing Assets/Plugins/Unity-mongo-csharp-driver-dlls-master/DnsClient.dll using Guid(14d5adf79f093d4438dd7b6affc4c545) Importer(2089858483,797179f86c6e516b54ff30bda720a719) (ScriptedImporter) -> (artifact id: '302c0f3acd7b5de7eb584770c61e83d7') in 0.0750079 seconds
Number of updated asset objects reloaded before import = 0Number of asset objects unloaded after import = 0

========================================================================
Received Import Request.
  Time since last request: 0.000050 seconds.
  path: Assets/Mirror/Runtime/AssemblyInfo.cs
  artifactKey: Guid(e28d5f410e25b42e6a76a2ffc10e4675) Importer(2089858483,797179f86c6e516b54ff30bda720a719)
Start importing Assets/Mirror/Runtime/AssemblyInfo.cs using Guid(e28d5f410e25b42e6a76a2ffc10e4675) Importer(2089858483,797179f86c6e516b54ff30bda720a719) (ScriptedImporter) -> (artifact id: 'c2d9c83aa66068616d10593b3433d902') in 0.0795336 seconds
Number of updated asset objects reloaded before import = 0Number of asset objects unloaded after import = 0

========================================================================
Received Import Request.
  Time since last request: 0.000076 seconds.
  path: Assets/Prefabs/UI/StockpileListItem.prefab
  artifactKey: Guid(a56f97508df69e54781d1a144dd8f001) Importer(2089858483,797179f86c6e516b54ff30bda720a719)
Start importing Assets/Prefabs/UI/StockpileListItem.prefab using Guid(a56f97508df69e54781d1a144dd8f001) Importer(2089858483,797179f86c6e516b54ff30bda720a719) (ScriptedImporter) -> (artifact id: '9235df40c487b26e94eb106ddb74148c') in 0.1370616 seconds
Number of updated asset objects reloaded before import = 0Number of asset objects unloaded after import = 29

========================================================================
Received Import Request.
  Time since last request: 0.000017 seconds.
  path: Assets/Mirror/Runtime/NetworkServer.cs
  artifactKey: Guid(a5f5ec068f5604c32b160bc49ee97b75) Importer(2089858483,797179f86c6e516b54ff30bda720a719)
Start importing Assets/Mirror/Runtime/NetworkServer.cs using Guid(a5f5ec068f5604c32b160bc49ee97b75) Importer(2089858483,797179f86c6e516b54ff30bda720a719) (ScriptedImporter) -> (artifact id: 'b57b8660ad06778d8bdafc9ce0864b8c') in 0.0839555 seconds
Number of updated asset objects reloaded before import = 0Number of asset objects unloaded after import = 0

========================================================================
Received Import Request.
  Time since last request: 0.000068 seconds.
  path: Assets/Prefabs/UI/RequestElement.prefab
  artifactKey: Guid(5be574b3aa88f7546a9eec2023eff8bf) Importer(2089858483,797179f86c6e516b54ff30bda720a719)
Start importing Assets/Prefabs/UI/RequestElement.prefab using Guid(5be574b3aa88f7546a9eec2023eff8bf) Importer(2089858483,797179f86c6e516b54ff30bda720a719) (ScriptedImporter) -> (artifact id: 'fa81291ff05994d1e582102fc5802613') in 0.076713 seconds
Number of updated asset objects reloaded before import = 0Number of asset objects unloaded after import = 24

========================================================================
Received Import Request.
  Time since last request: 0.000015 seconds.
  path: Assets/Plugins/Unity-mongo-csharp-driver-dlls-master/MongoDB.Driver.dll
  artifactKey: Guid(2bc3c0f66ccb0744cb5264e4a9ea3b88) Importer(2089858483,797179f86c6e516b54ff30bda720a719)
Start importing Assets/Plugins/Unity-mongo-csharp-driver-dlls-master/MongoDB.Driver.dll using Guid(2bc3c0f66ccb0744cb5264e4a9ea3b88) Importer(2089858483,797179f86c6e516b54ff30bda720a719) (ScriptedImporter) -> (artifact id: 'd8fcbe6b1d910ffb5790f9f9852f9141') in 0.0782798 seconds
Number of updated asset objects reloaded before import = 0Number of asset objects unloaded after import = 0

========================================================================
Received Import Request.
  Time since last request: 0.000080 seconds.
  path: Assets/Unity.VisualScripting.Generated/VisualScripting.Core/ProjectSettings.asset
  artifactKey: Guid(c362d8dd7b75e8349a41cb2e5b97c3a8) Importer(2089858483,797179f86c6e516b54ff30bda720a719)
Start importing Assets/Unity.VisualScripting.Generated/VisualScripting.Core/ProjectSettings.asset using Guid(c362d8dd7b75e8349a41cb2e5b97c3a8) Importer(2089858483,797179f86c6e516b54ff30bda720a719) (ScriptedImporter) -> (artifact id: 'c0ab110e53c182ffc51ad829b3c2818c') in 0.0547569 seconds
Number of updated asset objects reloaded before import = 0Number of asset objects unloaded after import = 1

========================================================================
Received Import Request.
  Time since last request: 0.000019 seconds.
  path: Assets/GPM/Communicator/Scripts/GpmCommunicator.cs
  artifactKey: Guid(e9eaeed6c97d75046a0c4ac5af62ad42) Importer(2089858483,797179f86c6e516b54ff30bda720a719)
Start importing Assets/GPM/Communicator/Scripts/GpmCommunicator.cs using Guid(e9eaeed6c97d75046a0c4ac5af62ad42) Importer(2089858483,797179f86c6e516b54ff30bda720a719) (ScriptedImporter) -> (artifact id: 'ea64875259d748c6b7fde3afa5e8514b') in 0.0465152 seconds
Number of updated asset objects reloaded before import = 0Number of asset objects unloaded after import = 0

========================================================================
Received Import Request.
  Time since last request: 0.000087 seconds.
  path: Assets/TextMesh Pro/Shaders/TMP_SDF-URP Unlit.shadergraph
  artifactKey: Guid(124c112a6e8f1a54e8b0870e881b56d8) Importer(2089858483,797179f86c6e516b54ff30bda720a719)
Start importing Assets/TextMesh Pro/Shaders/TMP_SDF-URP Unlit.shadergraph using Guid(124c112a6e8f1a54e8b0870e881b56d8) Importer(2089858483,797179f86c6e516b54ff30bda720a719) (ScriptedImporter) -> (artifact id: '70e632a3247f6274a41629d896391423') in 0.0550224 seconds
Number of updated asset objects reloaded before import = 0Number of asset objects unloaded after import = 1

========================================================================
Received Import Request.
  Time since last request: 0.000014 seconds.
  path: Assets/GPM/Common/Util/XmlHelper.cs
  artifactKey: Guid(e4bb9c039604edd448647ade894cb4c0) Importer(2089858483,797179f86c6e516b54ff30bda720a719)
Start importing Assets/GPM/Common/Util/XmlHelper.cs using Guid(e4bb9c039604edd448647ade894cb4c0) Importer(2089858483,797179f86c6e516b54ff30bda720a719) (ScriptedImporter) -> (artifact id: 'eb70fd1c2386abf6eddca49d170c4902') in 0.0962262 seconds
Number of updated asset objects reloaded before import = 0Number of asset objects unloaded after import = 0

========================================================================
Received Import Request.
  Time since last request: 0.000053 seconds.
  path: Assets/GPM/Common/Multilanguage/GpmMultilanguage.cs
  artifactKey: Guid(b4622af67162b9e4a9e7ef5be839fc49) Importer(2089858483,797179f86c6e516b54ff30bda720a719)
Start importing Assets/GPM/Common/Multilanguage/GpmMultilanguage.cs using Guid(b4622af67162b9e4a9e7ef5be839fc49) Importer(2089858483,797179f86c6e516b54ff30bda720a719) (ScriptedImporter) -> (artifact id: '31d3db60db5937d98a71e62529d5602a') in 0.112522 seconds
Number of updated asset objects reloaded before import = 0Number of asset objects unloaded after import = 0

========================================================================
Received Import Request.
  Time since last request: 0.000047 seconds.
  path: Assets/GPM/Common/Util/GpmFileUtil.cs
  artifactKey: Guid(39dd1173430dc3a40b3613c360b4d518) Importer(2089858483,797179f86c6e516b54ff30bda720a719)
Start importing Assets/GPM/Common/Util/GpmFileUtil.cs using Guid(39dd1173430dc3a40b3613c360b4d518) Importer(2089858483,797179f86c6e516b54ff30bda720a719) (ScriptedImporter) -> (artifact id: 'aedb90eefa6afa14374e8ae5827a2afc') in 0.0700701 seconds
Number of updated asset objects reloaded before import = 0Number of asset objects unloaded after import = 0

========================================================================
Received Import Request.
  Time since last request: 0.000068 seconds.
  path: Assets/GPM/Common/Multilanguage/GpmMultilanguageDefine.cs
  artifactKey: Guid(66924678e93b204489583ea3a9aafba3) Importer(2089858483,797179f86c6e516b54ff30bda720a719)
Start importing Assets/GPM/Common/Multilanguage/GpmMultilanguageDefine.cs using Guid(66924678e93b204489583ea3a9aafba3) Importer(2089858483,797179f86c6e516b54ff30bda720a719) (ScriptedImporter) -> (artifact id: 'dca01111b7aca6eff3183d878c2bf109') in 0.0775332 seconds
Number of updated asset objects reloaded before import = 0Number of asset objects unloaded after import = 0

========================================================================
Received Import Request.
  Time since last request: 0.000073 seconds.
  path: Assets/TextMesh Pro/Sprites/EmojiOne.png
  artifactKey: Guid(dffef66376be4fa480fb02b19edbe903) Importer(2089858483,797179f86c6e516b54ff30bda720a719)
Start importing Assets/TextMesh Pro/Sprites/EmojiOne.png using Guid(dffef66376be4fa480fb02b19edbe903) Importer(2089858483,797179f86c6e516b54ff30bda720a719) (ScriptedImporter) -> (artifact id: 'a75f1fd77de45ef5d2fa6b6c12a2d357') in 0.0830107 seconds
Number of updated asset objects reloaded before import = 0Number of asset objects unloaded after import = 1

========================================================================
Received Import Request.
  Time since last request: 0.000017 seconds.
  path: Assets/GPM/WebView/Scripts/GpmWebView.cs
  artifactKey: Guid(ecd0522775df53a4a88d7b96ae2321e5) Importer(2089858483,797179f86c6e516b54ff30bda720a719)
Start importing Assets/GPM/WebView/Scripts/GpmWebView.cs using Guid(ecd0522775df53a4a88d7b96ae2321e5) Importer(2089858483,797179f86c6e516b54ff30bda720a719) (ScriptedImporter) -> (artifact id: '9507e77a065fd6483cf5a901066e2891') in 0.0654002 seconds
Number of updated asset objects reloaded before import = 0Number of asset objects unloaded after import = 0

========================================================================
Received Import Request.
  Time since last request: 0.000026 seconds.
  path: Assets/GPM/Common/Util/GpmPathUtil.cs
  artifactKey: Guid(cd0c31f89bfaa474bbb048c46c3d9f70) Importer(2089858483,797179f86c6e516b54ff30bda720a719)
Start importing Assets/GPM/Common/Util/GpmPathUtil.cs using Guid(cd0c31f89bfaa474bbb048c46c3d9f70) Importer(2089858483,797179f86c6e516b54ff30bda720a719) (ScriptedImporter) -> (artifact id: '10c28a646bae39b7c8223b23361274fc') in 0.0569146 seconds
Number of updated asset objects reloaded before import = 0Number of asset objects unloaded after import = 0

========================================================================
Received Import Request.
  Time since last request: 0.000065 seconds.
  path: Assets/GPM/Manager/Editor/GpmManagerVersion.cs
  artifactKey: Guid(440c7c942c9ef0449a5c7631f748a6bb) Importer(2089858483,797179f86c6e516b54ff30bda720a719)
Start importing Assets/GPM/Manager/Editor/GpmManagerVersion.cs using Guid(440c7c942c9ef0449a5c7631f748a6bb) Importer(2089858483,797179f86c6e516b54ff30bda720a719) (ScriptedImporter) -> (artifact id: '8c66d3711458a8bbeb51b91094d741d8') in 0.0802985 seconds
Number of updated asset objects reloaded before import = 0Number of asset objects unloaded after import = 0

========================================================================
Received Import Request.
  Time since last request: 0.000041 seconds.
  path: Assets/GPM/WebView/Scripts/GpmWebViewCallback.cs
  artifactKey: Guid(0461e7a7430d45e4d80926dcaed1b301) Importer(2089858483,797179f86c6e516b54ff30bda720a719)
Start importing Assets/GPM/WebView/Scripts/GpmWebViewCallback.cs using Guid(0461e7a7430d45e4d80926dcaed1b301) Importer(2089858483,797179f86c6e516b54ff30bda720a719) (ScriptedImporter) -> (artifact id: '9eb6a0b39bacef244509d166b5921f1d') in 0.0482899 seconds
Number of updated asset objects reloaded before import = 0Number of asset objects unloaded after import = 0

========================================================================
Received Import Request.
  Time since last request: 0.000103 seconds.
  path: Assets/TextMesh Pro/Sprites/EmojiOne Attribution.txt
  artifactKey: Guid(381dcb09d5029d14897e55f98031fca5) Importer(2089858483,797179f86c6e516b54ff30bda720a719)
Start importing Assets/TextMesh Pro/Sprites/EmojiOne Attribution.txt using Guid(381dcb09d5029d14897e55f98031fca5) Importer(2089858483,797179f86c6e516b54ff30bda720a719) (ScriptedImporter) -> (artifact id: 'e62f1dfc7f06ec4e4657b2476032cd2f') in 0.2113014 seconds
Number of updated asset objects reloaded before import = 0Number of asset objects unloaded after import = 1

========================================================================
Received Import Request.
  Time since last request: 0.000021 seconds.
  path: Assets/TextMesh Pro/Shaders/TMP_SDF-HDRP UNLIT.shadergraph
  artifactKey: Guid(f63d574838ccfb44f84acc05fed0af48) Importer(2089858483,797179f86c6e516b54ff30bda720a719)
Start importing Assets/TextMesh Pro/Shaders/TMP_SDF-HDRP UNLIT.shadergraph using Guid(f63d574838ccfb44f84acc05fed0af48) Importer(2089858483,797179f86c6e516b54ff30bda720a719) (ScriptedImporter) -> (artifact id: '8aed0a4d89e311073c0ae945da848dcc') in 0.0785695 seconds
Number of updated asset objects reloaded before import = 0Number of asset objects unloaded after import = 1

========================================================================
Received Import Request.
  Time since last request: 0.000017 seconds.
  path: Assets/Prefabs/UI/EmptyWindow.prefab
  artifactKey: Guid(44ce30c93e345584c89a7d6d4928aad0) Importer(2089858483,797179f86c6e516b54ff30bda720a719)
Start importing Assets/Prefabs/UI/EmptyWindow.prefab using Guid(44ce30c93e345584c89a7d6d4928aad0) Importer(2089858483,797179f86c6e516b54ff30bda720a719) (ScriptedImporter) -> (artifact id: '734514c4227ac6f05d92e077696d53e0') in 0.07357 seconds
Number of updated asset objects reloaded before import = 0Number of asset objects unloaded after import = 30

========================================================================
Received Import Request.
  Time since last request: 0.000014 seconds.
  path: Assets/Images/Resources/SmallArms/Loughcaster.png
  artifactKey: Guid(eef207b72b8809d43ba555254ac751b3) Importer(2089858483,797179f86c6e516b54ff30bda720a719)
Start importing Assets/Images/Resources/SmallArms/Loughcaster.png using Guid(eef207b72b8809d43ba555254ac751b3) Importer(2089858483,797179f86c6e516b54ff30bda720a719) (ScriptedImporter) -> (artifact id: 'bcc69fdf225c2b19f9a27ca4f329e14f') in 0.0702655 seconds
Number of updated asset objects reloaded before import = 0Number of asset objects unloaded after import = 2

========================================================================
Received Import Request.
  Time since last request: 0.000015 seconds.
  path: Assets/Images/Resources/Shells/30mm.png
  artifactKey: Guid(15a9e3f661af3d84b80ed370c7b45362) Importer(2089858483,797179f86c6e516b54ff30bda720a719)
Start importing Assets/Images/Resources/Shells/30mm.png using Guid(15a9e3f661af3d84b80ed370c7b45362) Importer(2089858483,797179f86c6e516b54ff30bda720a719) (ScriptedImporter) -> (artifact id: '9e38e61048b7f4d6bc673045200e32a0') in 0.0404279 seconds
Number of updated asset objects reloaded before import = 0Number of asset objects unloaded after import = 2

========================================================================
Received Import Request.
  Time since last request: 0.000028 seconds.
  path: Assets/Images/Resources/SmallArms/Blakerow.png
  artifactKey: Guid(5436cd2122f6bdb4295731a2b2fb0500) Importer(2089858483,797179f86c6e516b54ff30bda720a719)
Start importing Assets/Images/Resources/SmallArms/Blakerow.png using Guid(5436cd2122f6bdb4295731a2b2fb0500) Importer(2089858483,797179f86c6e516b54ff30bda720a719) (ScriptedImporter) -> (artifact id: '34038291b48ceb7b4a4de2708cdcdbff') in 0.0381598 seconds
Number of updated asset objects reloaded before import = 0Number of asset objects unloaded after import = 2

========================================================================
Received Import Request.
  Time since last request: 0.000019 seconds.
  path: Assets/Images/Resources/Supplies/AssMat4.png
  artifactKey: Guid(f30ff65d4c2137f49b6a1b16e0cc20af) Importer(2089858483,797179f86c6e516b54ff30bda720a719)
Start importing Assets/Images/Resources/Supplies/AssMat4.png using Guid(f30ff65d4c2137f49b6a1b16e0cc20af) Importer(2089858483,797179f86c6e516b54ff30bda720a719) (ScriptedImporter) -> (artifact id: '9c9a5bfc2f7b9e92f822e48c64a53617') in 0.0853475 seconds
Number of updated asset objects reloaded before import = 0Number of asset objects unloaded after import = 2

========================================================================
Received Import Request.
  Time since last request: 0.000016 seconds.
  path: Assets/Images/Resources/HeavyArms/WillowsBane.png
  artifactKey: Guid(e48eeb48c4d3a3a498697174317146ee) Importer(2089858483,797179f86c6e516b54ff30bda720a719)
Start importing Assets/Images/Resources/HeavyArms/WillowsBane.png using Guid(e48eeb48c4d3a3a498697174317146ee) Importer(2089858483,797179f86c6e516b54ff30bda720a719) (ScriptedImporter) -> (artifact id: 'ed8d63e33ff1c98fcc61016c8ad4cb6d') in 0.0899388 seconds
Number of updated asset objects reloaded before import = 0Number of asset objects unloaded after import = 2

========================================================================
Received Import Request.
  Time since last request: 0.000018 seconds.
  path: Assets/Images/Resources/Shells/94.5mm.png
  artifactKey: Guid(8c1c1d4d1191e3a468e904654864325e) Importer(2089858483,797179f86c6e516b54ff30bda720a719)
Start importing Assets/Images/Resources/Shells/94.5mm.png using Guid(8c1c1d4d1191e3a468e904654864325e) Importer(2089858483,797179f86c6e516b54ff30bda720a719) (ScriptedImporter) -> (artifact id: '2308dd81a3cecc075b84c39b69d70290') in 0.0689762 seconds
Number of updated asset objects reloaded before import = 0Number of asset objects unloaded after import = 2

========================================================================
Received Import Request.
  Time since last request: 0.000022 seconds.
  path: Assets/Images/Resources/Shells/40mm.png
  artifactKey: Guid(28358cae1019dcc43bc4030af98f3b68) Importer(2089858483,797179f86c6e516b54ff30bda720a719)
Start importing Assets/Images/Resources/Shells/40mm.png using Guid(28358cae1019dcc43bc4030af98f3b68) Importer(2089858483,797179f86c6e516b54ff30bda720a719) (ScriptedImporter) -> (artifact id: '492812207c132bf596a96d12cd4e6466') in 0.0981427 seconds
Number of updated asset objects reloaded before import = 0Number of asset objects unloaded after import = 2

========================================================================
Received Import Request.
  Time since last request: 0.000036 seconds.
  path: Assets/Images/Resources/Supplies/BMats.png
  artifactKey: Guid(08bcc30a4d1aaac41b4ac4ee70e88f63) Importer(2089858483,797179f86c6e516b54ff30bda720a719)
Start importing Assets/Images/Resources/Supplies/BMats.png using Guid(08bcc30a4d1aaac41b4ac4ee70e88f63) Importer(2089858483,797179f86c6e516b54ff30bda720a719) (ScriptedImporter) -> (artifact id: '69d5453b1ab8c685fe2834201e132d97') in 0.0950806 seconds
Number of updated asset objects reloaded before import = 0Number of asset objects unloaded after import = 2

========================================================================
Received Import Request.
  Time since last request: 0.000015 seconds.
  path: Assets/Images/Resources/SmallArms/Hawthorne.png
  artifactKey: Guid(618bfb8e2e134764ea8916898a919d9b) Importer(2089858483,797179f86c6e516b54ff30bda720a719)
Start importing Assets/Images/Resources/SmallArms/Hawthorne.png using Guid(618bfb8e2e134764ea8916898a919d9b) Importer(2089858483,797179f86c6e516b54ff30bda720a719) (ScriptedImporter) -> (artifact id: '480e829785f86f980e2f2ac0d2f0c81f') in 0.1022377 seconds
Number of updated asset objects reloaded before import = 0Number of asset objects unloaded after import = 2

========================================================================
Received Import Request.
  Time since last request: 0.000019 seconds.
  path: Assets/Images/Resources/SmallArms/Sampo.png
  artifactKey: Guid(d4b1c39606c1dc5409f1c65f901b288d) Importer(2089858483,797179f86c6e516b54ff30bda720a719)
Start importing Assets/Images/Resources/SmallArms/Sampo.png using Guid(d4b1c39606c1dc5409f1c65f901b288d) Importer(2089858483,797179f86c6e516b54ff30bda720a719) (ScriptedImporter) -> (artifact id: '1664d8c84a489be0fe20bba7a5ba02d1') in 0.0582702 seconds
Number of updated asset objects reloaded before import = 0Number of asset objects unloaded after import = 2

========================================================================
Received Import Request.
  Time since last request: 0.000050 seconds.
  path: Assets/Images/Resources/SmallArms/Fiddler.png
  artifactKey: Guid(d0d11a8e5a2aadd439cea211f57f47b7) Importer(2089858483,797179f86c6e516b54ff30bda720a719)
Start importing Assets/Images/Resources/SmallArms/Fiddler.png using Guid(d0d11a8e5a2aadd439cea211f57f47b7) Importer(2089858483,797179f86c6e516b54ff30bda720a719) (ScriptedImporter) -> (artifact id: '552ca038bb00383bdcb47b057e3891e6') in 0.0980177 seconds
Number of updated asset objects reloaded before import = 0Number of asset objects unloaded after import = 2

========================================================================
Received Import Request.
  Time since last request: 0.000163 seconds.
  path: Assets/Images/Resources/Shells/150mm.png
  artifactKey: Guid(4a8f20f8ad94dec448b131572d0a9001) Importer(2089858483,797179f86c6e516b54ff30bda720a719)
Start importing Assets/Images/Resources/Shells/150mm.png using Guid(4a8f20f8ad94dec448b131572d0a9001) Importer(2089858483,797179f86c6e516b54ff30bda720a719) (ScriptedImporter) -> (artifact id: 'd6d2e7e4abf9fdda7bf0bba4b83885b7') in 0.0593622 seconds
Number of updated asset objects reloaded before import = 0Number of asset objects unloaded after import = 2

========================================================================
Received Import Request.
  Time since last request: 0.000013 seconds.
  path: Assets/Prefabs/UI/MapContextMenu.prefab
  artifactKey: Guid(3a82be0bd5a39ad44a67e3f9e0b7671f) Importer(2089858483,797179f86c6e516b54ff30bda720a719)
Start importing Assets/Prefabs/UI/MapContextMenu.prefab using Guid(3a82be0bd5a39ad44a67e3f9e0b7671f) Importer(2089858483,797179f86c6e516b54ff30bda720a719) (ScriptedImporter) -> (artifact id: '5627ea5453496dbdf4176ce6345171f6') in 0.0840196 seconds
Number of updated asset objects reloaded before import = 0Number of asset objects unloaded after import = 85

========================================================================
Received Import Request.
  Time since last request: 0.000017 seconds.
  path: Assets/Resources/Fonts/NanumGothic-Bold.ttf
  artifactKey: Guid(69d6e97525adf1e4b987e22f85dec309) Importer(2089858483,797179f86c6e516b54ff30bda720a719)
Start importing Assets/Resources/Fonts/NanumGothic-Bold.ttf using Guid(69d6e97525adf1e4b987e22f85dec309) Importer(2089858483,797179f86c6e516b54ff30bda720a719) (ScriptedImporter) -> (artifact id: 'ce1735c5a3edcc04b76aa1307df885d0') in 0.0391017 seconds
Number of updated asset objects reloaded before import = 0Number of asset objects unloaded after import = 3

========================================================================
Received Import Request.
  Time since last request: 0.000021 seconds.
  path: Assets/Mirror/Icon/MirrorIcon.png
  artifactKey: Guid(7453abfe9e8b2c04a8a47eb536fe21eb) Importer(2089858483,797179f86c6e516b54ff30bda720a719)
Start importing Assets/Mirror/Icon/MirrorIcon.png using Guid(7453abfe9e8b2c04a8a47eb536fe21eb) Importer(2089858483,797179f86c6e516b54ff30bda720a719) (ScriptedImporter) -> (artifact id: '0062cf26ca462e0a21c72437b9287325') in 0.0978837 seconds
Number of updated asset objects reloaded before import = 0Number of asset objects unloaded after import = 1

========================================================================
Received Import Request.
  Time since last request: 0.000013 seconds.
  path: Assets/Images/Resources/Utility/RadioBackpack.png
  artifactKey: Guid(7b6f013fc95c40b42913188251b49500) Importer(2089858483,797179f86c6e516b54ff30bda720a719)
Start importing Assets/Images/Resources/Utility/RadioBackpack.png using Guid(7b6f013fc95c40b42913188251b49500) Importer(2089858483,797179f86c6e516b54ff30bda720a719) (ScriptedImporter) -> (artifact id: 'e422af34b222d2f838e283c32da2697a') in 0.0516426 seconds
Number of updated asset objects reloaded before import = 0Number of asset objects unloaded after import = 2

========================================================================
Received Import Request.
  Time since last request: 0.000015 seconds.
  path: Assets/Images/Resources/Supplies/CMat.png
  artifactKey: Guid(a792bf9143fe4314089a6e222197c13e) Importer(2089858483,797179f86c6e516b54ff30bda720a719)
Start importing Assets/Images/Resources/Supplies/CMat.png using Guid(a792bf9143fe4314089a6e222197c13e) Importer(2089858483,797179f86c6e516b54ff30bda720a719) (ScriptedImporter) -> (artifact id: '414355694a6e2b64a3bd29fbeeef6ea1') in 0.0896262 seconds
Number of updated asset objects reloaded before import = 0Number of asset objects unloaded after import = 2

========================================================================
Received Import Request.
  Time since last request: 0.000014 seconds.
  path: Assets/Images/Resources/Uniforms/ArmourUniform.png
  artifactKey: Guid(471ecdba4c5a0f9468fd42bd23adfb69) Importer(2089858483,797179f86c6e516b54ff30bda720a719)
Start importing Assets/Images/Resources/Uniforms/ArmourUniform.png using Guid(471ecdba4c5a0f9468fd42bd23adfb69) Importer(2089858483,797179f86c6e516b54ff30bda720a719) (ScriptedImporter) -> (artifact id: '11466b610ddeeed3749cc59e725c249f') in 0.1028816 seconds
Number of updated asset objects reloaded before import = 0Number of asset objects unloaded after import = 2

========================================================================
Received Import Request.
  Time since last request: 0.000100 seconds.
  path: Assets/Images/Resources/Supplies/Gravel.png
  artifactKey: Guid(8c3ab0eb33b3b7d42b847c2545e1bdd0) Importer(2089858483,797179f86c6e516b54ff30bda720a719)
Start importing Assets/Images/Resources/Supplies/Gravel.png using Guid(8c3ab0eb33b3b7d42b847c2545e1bdd0) Importer(2089858483,797179f86c6e516b54ff30bda720a719) (ScriptedImporter) -> (artifact id: '37f74f64d1e3aed6f3b3ca354b5a156d') in 0.1195351 seconds
Number of updated asset objects reloaded before import = 0Number of asset objects unloaded after import = 2

========================================================================
Received Import Request.
  Time since last request: 0.000014 seconds.
  path: Assets/Images/Resources/Supplies/EMats.png
  artifactKey: Guid(5b61d5143a898434385ee1c024e115d6) Importer(2089858483,797179f86c6e516b54ff30bda720a719)
Start importing Assets/Images/Resources/Supplies/EMats.png using Guid(5b61d5143a898434385ee1c024e115d6) Importer(2089858483,797179f86c6e516b54ff30bda720a719) (ScriptedImporter) -> (artifact id: '75414ba31b8428d3d84844d731777b2c') in 0.1078967 seconds
Number of updated asset objects reloaded before import = 0Number of asset objects unloaded after import = 2

========================================================================
Received Import Request.
  Time since last request: 0.000018 seconds.
  path: Assets/Images/Resources/Utility/Tripod.png
  artifactKey: Guid(a0aa12d281e84294ab1d36f904cf8f8e) Importer(2089858483,797179f86c6e516b54ff30bda720a719)
Start importing Assets/Images/Resources/Utility/Tripod.png using Guid(a0aa12d281e84294ab1d36f904cf8f8e) Importer(2089858483,797179f86c6e516b54ff30bda720a719) (ScriptedImporter) -> (artifact id: 'f150b34c69a9142764b1c7b5fa53ea69') in 0.1019375 seconds
Number of updated asset objects reloaded before import = 0Number of asset objects unloaded after import = 2

========================================================================
Received Import Request.
  Time since last request: 0.000021 seconds.
  path: Assets/Images/Resources/Utility/ListeningKit.png
  artifactKey: Guid(c0e40963f0f993a4295ab82d495a83f9) Importer(2089858483,797179f86c6e516b54ff30bda720a719)
Start importing Assets/Images/Resources/Utility/ListeningKit.png using Guid(c0e40963f0f993a4295ab82d495a83f9) Importer(2089858483,797179f86c6e516b54ff30bda720a719) (ScriptedImporter) -> (artifact id: '367f878cf907ad8d4220464b94bdf573') in 0.1233015 seconds
Number of updated asset objects reloaded before import = 0Number of asset objects unloaded after import = 2

========================================================================
Received Import Request.
  Time since last request: 0.000015 seconds.
  path: Assets/Images/Resources/Utility/Wrench.png
  artifactKey: Guid(d740a300540fb804e8c02d757f31d4ca) Importer(2089858483,797179f86c6e516b54ff30bda720a719)
Start importing Assets/Images/Resources/Utility/Wrench.png using Guid(d740a300540fb804e8c02d757f31d4ca) Importer(2089858483,797179f86c6e516b54ff30bda720a719) (ScriptedImporter) -> (artifact id: '1d77b710426cbe73fcb065cdd4ba27bb') in 0.0554701 seconds
Number of updated asset objects reloaded before import = 0Number of asset objects unloaded after import = 2

========================================================================
Received Import Request.
  Time since last request: 0.000113 seconds.
  path: Assets/Images/Resources/Utility/WaterBucket.png
  artifactKey: Guid(d20c2d1d45df804488002d8c187e9ab2) Importer(2089858483,797179f86c6e516b54ff30bda720a719)
Start importing Assets/Images/Resources/Utility/WaterBucket.png using Guid(d20c2d1d45df804488002d8c187e9ab2) Importer(2089858483,797179f86c6e516b54ff30bda720a719) (ScriptedImporter) -> (artifact id: 'c5ae0f97f0b1b2e2fc4e9ecebff466e5') in 0.1295798 seconds
Number of updated asset objects reloaded before import = 0Number of asset objects unloaded after import = 2

========================================================================
Received Import Request.
  Time since last request: 0.000014 seconds.
  path: Assets/Images/Resources/Utility/HavocCharge.png
  artifactKey: Guid(bac215434fa1a834c9b76df5f5174981) Importer(2089858483,797179f86c6e516b54ff30bda720a719)
Start importing Assets/Images/Resources/Utility/HavocCharge.png using Guid(bac215434fa1a834c9b76df5f5174981) Importer(2089858483,797179f86c6e516b54ff30bda720a719) (ScriptedImporter) -> (artifact id: '1e9d48bc92f6bfe635559f0c91dfde0b') in 0.0485761 seconds
Number of updated asset objects reloaded before import = 0Number of asset objects unloaded after import = 2

========================================================================
Received Import Request.
  Time since last request: 0.000034 seconds.
  path: Assets/Images/Resources/Supplies/RMats.png
  artifactKey: Guid(6f8d06e046e580c488f11bda9950231a) Importer(2089858483,797179f86c6e516b54ff30bda720a719)
Start importing Assets/Images/Resources/Supplies/RMats.png using Guid(6f8d06e046e580c488f11bda9950231a) Importer(2089858483,797179f86c6e516b54ff30bda720a719) (ScriptedImporter) -> (artifact id: '8883662b959cb18c0c22604309c04151') in 0.1172355 seconds
Number of updated asset objects reloaded before import = 0Number of asset objects unloaded after import = 2

========================================================================
Received Import Request.
  Time since last request: 0.000015 seconds.
  path: Assets/Images/Resources/Supplies/PCMat.png
  artifactKey: Guid(b1ff9bc52b0b80947b850ff5727ff857) Importer(2089858483,797179f86c6e516b54ff30bda720a719)
Start importing Assets/Images/Resources/Supplies/PCMat.png using Guid(b1ff9bc52b0b80947b850ff5727ff857) Importer(2089858483,797179f86c6e516b54ff30bda720a719) (ScriptedImporter) -> (artifact id: '976446f5fa561b182a48dc341df6a999') in 0.16878 seconds
Number of updated asset objects reloaded before import = 0Number of asset objects unloaded after import = 2

========================================================================
Received Import Request.
  Time since last request: 0.000015 seconds.
  path: Assets/MapToolPack/Resources/MapIcons/MapIconForwardBase1Colonial.TGA
  artifactKey: Guid(ea29266916273c845b9ce18be89c76e1) Importer(2089858483,797179f86c6e516b54ff30bda720a719)
Start importing Assets/MapToolPack/Resources/MapIcons/MapIconForwardBase1Colonial.TGA using Guid(ea29266916273c845b9ce18be89c76e1) Importer(2089858483,797179f86c6e516b54ff30bda720a719) (ScriptedImporter) -> (artifact id: 'e1c627afc056d70e4c0107952b0ab81e') in 0.0455753 seconds
Number of updated asset objects reloaded before import = 0Number of asset objects unloaded after import = 2

========================================================================
Received Import Request.
  Time since last request: 0.000049 seconds.
  path: Assets/MapToolPack/Resources/MapIcons/MapIconForwardBase2Warden.TGA
  artifactKey: Guid(6353718c2fcb6d64689ed0a6aaf4fe33) Importer(2089858483,797179f86c6e516b54ff30bda720a719)
Start importing Assets/MapToolPack/Resources/MapIcons/MapIconForwardBase2Warden.TGA using Guid(6353718c2fcb6d64689ed0a6aaf4fe33) Importer(2089858483,797179f86c6e516b54ff30bda720a719) (ScriptedImporter) -> (artifact id: 'efe59e89651ce01b4e3d673d522131aa') in 0.0899536 seconds
Number of updated asset objects reloaded before import = 0Number of asset objects unloaded after import = 2

========================================================================
Received Import Request.
  Time since last request: 0.000018 seconds.
  path: Assets/MapToolPack/Resources/MapIcons/MapIconStaticBase3Colonial.TGA
  artifactKey: Guid(f49e36a9c8025224ca07387af7030af6) Importer(2089858483,797179f86c6e516b54ff30bda720a719)
Start importing Assets/MapToolPack/Resources/MapIcons/MapIconStaticBase3Colonial.TGA using Guid(f49e36a9c8025224ca07387af7030af6) Importer(2089858483,797179f86c6e516b54ff30bda720a719) (ScriptedImporter) -> (artifact id: 'd1cadd29a0474c89bced573eec7836a5') in 0.0898788 seconds
Number of updated asset objects reloaded before import = 0Number of asset objects unloaded after import = 2

========================================================================
Received Import Request.
  Time since last request: 0.000059 seconds.
  path: Assets/MapToolPack/Resources/MapIcons/MapIconKeep.TGA
  artifactKey: Guid(7f5e2bd1ee9ac424b8912a8104e07855) Importer(2089858483,797179f86c6e516b54ff30bda720a719)
Start importing Assets/MapToolPack/Resources/MapIcons/MapIconKeep.TGA using Guid(7f5e2bd1ee9ac424b8912a8104e07855) Importer(2089858483,797179f86c6e516b54ff30bda720a719) (ScriptedImporter) -> (artifact id: 'd651cf1cb7590fffabc26f2c2d2146ec') in 0.0807366 seconds
Number of updated asset objects reloaded before import = 0Number of asset objects unloaded after import = 2

========================================================================
Received Import Request.
  Time since last request: 0.000017 seconds.
  path: Assets/MapToolPack/Resources/MapIcons/MapIconSulfurMine.TGA
  artifactKey: Guid(908b20dd6c5728a448ee43c3f375e44c) Importer(2089858483,797179f86c6e516b54ff30bda720a719)
Start importing Assets/MapToolPack/Resources/MapIcons/MapIconSulfurMine.TGA using Guid(908b20dd6c5728a448ee43c3f375e44c) Importer(2089858483,797179f86c6e516b54ff30bda720a719) (ScriptedImporter) -> (artifact id: '3ae20f6239717805726fb33600bd36fb') in 0.1640576 seconds
Number of updated asset objects reloaded before import = 0Number of asset objects unloaded after import = 2

========================================================================
Received Import Request.
  Time since last request: 0.000025 seconds.
  path: Assets/MapToolPack/Resources/MapIcons/MapIconForwardBase3Colonial.png
  artifactKey: Guid(03321aa3bbba1b047be328a4e3ea206c) Importer(2089858483,797179f86c6e516b54ff30bda720a719)
Start importing Assets/MapToolPack/Resources/MapIcons/MapIconForwardBase3Colonial.png using Guid(03321aa3bbba1b047be328a4e3ea206c) Importer(2089858483,797179f86c6e516b54ff30bda720a719) (ScriptedImporter) -> (artifact id: '23bbbca79a2e70d0ccaabec39c8152cc') in 0.0974655 seconds
Number of updated asset objects reloaded before import = 0Number of asset objects unloaded after import = 2

========================================================================
Received Import Request.
  Time since last request: 0.000015 seconds.
  path: Assets/MapToolPack/Resources/MapIcons/MapIconStaticBase2Warden.TGA
  artifactKey: Guid(f023940bb9c527346a761a69d7b0219d) Importer(2089858483,797179f86c6e516b54ff30bda720a719)
Start importing Assets/MapToolPack/Resources/MapIcons/MapIconStaticBase2Warden.TGA using Guid(f023940bb9c527346a761a69d7b0219d) Importer(2089858483,797179f86c6e516b54ff30bda720a719) (ScriptedImporter) -> (artifact id: '3ba3c54c286852f5ebba2bac185cd167') in 0.0908112 seconds
Number of updated asset objects reloaded before import = 0Number of asset objects unloaded after import = 2

========================================================================
Received Import Request.
  Time since last request: 0.000039 seconds.
  path: Assets/MapToolPack/Resources/MapIcons/MapIconTechCenterWarden.TGA
  artifactKey: Guid(ad67325b7fbe3424fb8a579815f91747) Importer(2089858483,797179f86c6e516b54ff30bda720a719)
Start importing Assets/MapToolPack/Resources/MapIcons/MapIconTechCenterWarden.TGA using Guid(ad67325b7fbe3424fb8a579815f91747) Importer(2089858483,797179f86c6e516b54ff30bda720a719) (ScriptedImporter) -> (artifact id: '7e20f7a2a0f6d91f0d269b8fe46c18c2') in 0.0891302 seconds
Number of updated asset objects reloaded before import = 0Number of asset objects unloaded after import = 2

========================================================================
Received Import Request.
  Time since last request: 0.000020 seconds.
  path: Assets/MapToolPack/Resources/MapIcons/MapIconObservationTowerWarden.TGA
  artifactKey: Guid(f07c161069e0a5c4bbce067f02b18fe8) Importer(2089858483,797179f86c6e516b54ff30bda720a719)
Start importing Assets/MapToolPack/Resources/MapIcons/MapIconObservationTowerWarden.TGA using Guid(f07c161069e0a5c4bbce067f02b18fe8) Importer(2089858483,797179f86c6e516b54ff30bda720a719) (ScriptedImporter) -> (artifact id: 'b648bd08dfff56b0e0e3f0f97f07bd7a') in 0.1160328 seconds
Number of updated asset objects reloaded before import = 0Number of asset objects unloaded after import = 2

========================================================================
Received Import Request.
  Time since last request: 0.000023 seconds.
  path: Assets/MapToolPack/Resources/MapIcons/MapIconStaticBase2.TGA
  artifactKey: Guid(26255a8380e332e409cacf2b46377528) Importer(2089858483,797179f86c6e516b54ff30bda720a719)
Start importing Assets/MapToolPack/Resources/MapIcons/MapIconStaticBase2.TGA using Guid(26255a8380e332e409cacf2b46377528) Importer(2089858483,797179f86c6e516b54ff30bda720a719) (ScriptedImporter) -> (artifact id: '2a242a55842a53fe89408679fbfb6788') in 0.0802604 seconds
Number of updated asset objects reloaded before import = 0Number of asset objects unloaded after import = 2

========================================================================
Received Import Request.
  Time since last request: 0.000014 seconds.
  path: Assets/MapToolPack/Resources/MapIcons/MapIconTownHallWarden.TGA
  artifactKey: Guid(8c8436d11c504dd4bad9058424036182) Importer(2089858483,797179f86c6e516b54ff30bda720a719)
Start importing Assets/MapToolPack/Resources/MapIcons/MapIconTownHallWarden.TGA using Guid(8c8436d11c504dd4bad9058424036182) Importer(2089858483,797179f86c6e516b54ff30bda720a719) (ScriptedImporter) -> (artifact id: '443b84238731b1757d6ae99e0b998540') in 0.0967098 seconds
Number of updated asset objects reloaded before import = 0Number of asset objects unloaded after import = 2

========================================================================
Received Import Request.
  Time since last request: 0.000032 seconds.
  path: Assets/MapToolPack/Resources/MapIcons/MapIconVictoryColonial.TGA
  artifactKey: Guid(ef8652ecb72a24c4e857f5ae4ceba5ef) Importer(2089858483,797179f86c6e516b54ff30bda720a719)
Start importing Assets/MapToolPack/Resources/MapIcons/MapIconVictoryColonial.TGA using Guid(ef8652ecb72a24c4e857f5ae4ceba5ef) Importer(2089858483,797179f86c6e516b54ff30bda720a719) (ScriptedImporter) -> (artifact id: '8446e30fd66507adc8495aa1d1cf9475') in 0.0809237 seconds
Number of updated asset objects reloaded before import = 0Number of asset objects unloaded after import = 2

========================================================================
Received Import Request.
  Time since last request: 0.000015 seconds.
  path: Assets/Mirror/Examples/Basic/README.md
  artifactKey: Guid(67177defd4d334a549e535f10506cc66) Importer(2089858483,797179f86c6e516b54ff30bda720a719)
Start importing Assets/Mirror/Examples/Basic/README.md using Guid(67177defd4d334a549e535f10506cc66) Importer(2089858483,797179f86c6e516b54ff30bda720a719) (ScriptedImporter) -> (artifact id: 'e07763ce827b7bf957b503cc1fd5f243') in 0.1556089 seconds
Number of updated asset objects reloaded before import = 0Number of asset objects unloaded after import = 1

========================================================================
Received Import Request.
  Time since last request: 0.000035 seconds.
  path: Assets/MapToolPack/TextMesh Pro/Sprites/EmojiOne.png
  artifactKey: Guid(10fec2826ea0fe8488afb0ab03c3d668) Importer(2089858483,797179f86c6e516b54ff30bda720a719)
Start importing Assets/MapToolPack/TextMesh Pro/Sprites/EmojiOne.png using Guid(10fec2826ea0fe8488afb0ab03c3d668) Importer(2089858483,797179f86c6e516b54ff30bda720a719) (ScriptedImporter) -> (artifact id: '5ead4316dd95f340e734ab82691619b7') in 0.0999395 seconds
Number of updated asset objects reloaded before import = 0Number of asset objects unloaded after import = 1

========================================================================
Received Import Request.
  Time since last request: 0.000013 seconds.
  path: Assets/Mirror/Examples/MultipleAdditiveScenes/README.md
  artifactKey: Guid(915d7b115a88c7c409dadf5bfc543737) Importer(2089858483,797179f86c6e516b54ff30bda720a719)
Start importing Assets/Mirror/Examples/MultipleAdditiveScenes/README.md using Guid(915d7b115a88c7c409dadf5bfc543737) Importer(2089858483,797179f86c6e516b54ff30bda720a719) (ScriptedImporter) -> (artifact id: 'fe252eabc93a5ea6ebd2dcbb2b46944d') in 0.2535081 seconds
Number of updated asset objects reloaded before import = 0Number of asset objects unloaded after import = 1

========================================================================
Received Import Request.
  Time since last request: 0.000017 seconds.
  path: Assets/MapToolPack/TextMesh Pro/Resources/TMP Settings.asset
  artifactKey: Guid(fabd03d0a898139479cb0cd33259e9cb) Importer(2089858483,797179f86c6e516b54ff30bda720a719)
Start importing Assets/MapToolPack/TextMesh Pro/Resources/TMP Settings.asset using Guid(fabd03d0a898139479cb0cd33259e9cb) Importer(2089858483,797179f86c6e516b54ff30bda720a719) (ScriptedImporter) -> (artifact id: '47e76553198e6695128eedd6941a5dbe') in 0.0610203 seconds
Number of updated asset objects reloaded before import = 0Number of asset objects unloaded after import = 1

========================================================================
Received Import Request.
  Time since last request: 0.000021 seconds.
  path: Assets/Mirror/Components/Discovery/ServerResponse.cs
  artifactKey: Guid(36f97227fdf2d7a4e902db5bfc43039c) Importer(2089858483,797179f86c6e516b54ff30bda720a719)
Start importing Assets/Mirror/Components/Discovery/ServerResponse.cs using Guid(36f97227fdf2d7a4e902db5bfc43039c) Importer(2089858483,797179f86c6e516b54ff30bda720a719) (ScriptedImporter) -> (artifact id: '681bc511071c9bf2aaafa93116127ec9') in 0.1473422 seconds
Number of updated asset objects reloaded before import = 0Number of asset objects unloaded after import = 0

========================================================================
Received Import Request.
  Time since last request: 0.000016 seconds.
  path: Assets/Mirror/Components/Experimental/NetworkLerpRigidbody.cs
  artifactKey: Guid(7f032128052c95a46afb0ddd97d994cc) Importer(2089858483,797179f86c6e516b54ff30bda720a719)
Start importing Assets/Mirror/Components/Experimental/NetworkLerpRigidbody.cs using Guid(7f032128052c95a46afb0ddd97d994cc) Importer(2089858483,797179f86c6e516b54ff30bda720a719) (ScriptedImporter) -> (artifact id: '5e45ae0d3cdf44be9d8acc6efc158acc') in 0.102315 seconds
Number of updated asset objects reloaded before import = 0Number of asset objects unloaded after import = 0

========================================================================
Received Import Request.
  Time since last request: 0.000047 seconds.
  path: Assets/MapToolPack/scr_ui_display_controller.cs
  artifactKey: Guid(cd0d6cc80b3b2eb4bbc6abe8651bc411) Importer(2089858483,797179f86c6e516b54ff30bda720a719)
Start importing Assets/MapToolPack/scr_ui_display_controller.cs using Guid(cd0d6cc80b3b2eb4bbc6abe8651bc411) Importer(2089858483,797179f86c6e516b54ff30bda720a719) (ScriptedImporter) -> (artifact id: '1cb7a07ae56007de4668e6f6c1094732') in 0.1201364 seconds
Number of updated asset objects reloaded before import = 0Number of asset objects unloaded after import = 0

========================================================================
Received Import Request.
  Time since last request: 0.000052 seconds.
  path: Assets/GPM/Common/Indicator/Scripts/GpmIndicatorData.cs
  artifactKey: Guid(7d3819ec58b179641a4ea7c38ceae464) Importer(2089858483,797179f86c6e516b54ff30bda720a719)
Start importing Assets/GPM/Common/Indicator/Scripts/GpmIndicatorData.cs using Guid(7d3819ec58b179641a4ea7c38ceae464) Importer(2089858483,797179f86c6e516b54ff30bda720a719) (ScriptedImporter) -> (artifact id: '0e36e4fea22801de397d0c42a4d91454') in 0.1009481 seconds
Number of updated asset objects reloaded before import = 0Number of asset objects unloaded after import = 0

========================================================================
Received Import Request.
  Time since last request: 0.000023 seconds.
  path: Assets/ParrelSync/ParrelSync/Editor/UpdateChecker.cs
  artifactKey: Guid(d3453b3f1a20ea148b5028f8556a7be5) Importer(2089858483,797179f86c6e516b54ff30bda720a719)
Start importing Assets/ParrelSync/ParrelSync/Editor/UpdateChecker.cs using Guid(d3453b3f1a20ea148b5028f8556a7be5) Importer(2089858483,797179f86c6e516b54ff30bda720a719) (ScriptedImporter) -> (artifact id: '6edb54e0f61251bbffd726eefab73ce7') in 0.0538007 seconds
Number of updated asset objects reloaded before import = 0Number of asset objects unloaded after import = 0

========================================================================
Received Import Request.
  Time since last request: 0.000013 seconds.
  path: Assets/ParrelSync/ParrelSync/Editor/Preferences.cs
  artifactKey: Guid(24641be1c0410a745b529e61b508679f) Importer(2089858483,797179f86c6e516b54ff30bda720a719)
Start importing Assets/ParrelSync/ParrelSync/Editor/Preferences.cs using Guid(24641be1c0410a745b529e61b508679f) Importer(2089858483,797179f86c6e516b54ff30bda720a719) (ScriptedImporter) -> (artifact id: '0d6a2c7e7089a850a21e24769c918939') in 0.1225195 seconds
Number of updated asset objects reloaded before import = 0Number of asset objects unloaded after import = 0

========================================================================
Received Import Request.
  Time since last request: 0.000172 seconds.
  path: Assets/Mirror/Runtime/Empty/LogFilter.cs
  artifactKey: Guid(f6928b080072948f7b2909b4025fcc79) Importer(2089858483,797179f86c6e516b54ff30bda720a719)
Start importing Assets/Mirror/Runtime/Empty/LogFilter.cs using Guid(f6928b080072948f7b2909b4025fcc79) Importer(2089858483,797179f86c6e516b54ff30bda720a719) (ScriptedImporter) -> (artifact id: '5e10a3f5891dc9d81893f6e3f130711b') in 0.0978064 seconds
Number of updated asset objects reloaded before import = 0Number of asset objects unloaded after import = 0

========================================================================
Received Import Request.
  Time since last request: 0.000057 seconds.
  path: Assets/ParrelSync/ParrelSync/Editor/ClonesManager.cs
  artifactKey: Guid(6148e48ed6b61d748b187d06d3687b83) Importer(2089858483,797179f86c6e516b54ff30bda720a719)
Start importing Assets/ParrelSync/ParrelSync/Editor/ClonesManager.cs using Guid(6148e48ed6b61d748b187d06d3687b83) Importer(2089858483,797179f86c6e516b54ff30bda720a719) (ScriptedImporter) -> (artifact id: '9a5a14771aad411f0c079952ce0898b9') in 0.0811338 seconds
Number of updated asset objects reloaded before import = 0Number of asset objects unloaded after import = 0

========================================================================
Received Import Request.
  Time since last request: 0.000049 seconds.
  path: Assets/Mirror/Runtime/Transport/Transport.cs
  artifactKey: Guid(cfffcac25d6d64ced9de620159e221b8) Importer(2089858483,797179f86c6e516b54ff30bda720a719)
Start importing Assets/Mirror/Runtime/Transport/Transport.cs using Guid(cfffcac25d6d64ced9de620159e221b8) Importer(2089858483,797179f86c6e516b54ff30bda720a719) (ScriptedImporter) -> (artifact id: '1641ff532b76d9e89e7ec5d5c7ec9f65') in 0.0957286 seconds
Number of updated asset objects reloaded before import = 0Number of asset objects unloaded after import = 0

========================================================================
Received Import Request.
  Time since last request: 0.000088 seconds.
  path: Assets/TextMesh Pro/Resources/Fonts & Materials/LiberationSans SDF.asset
  artifactKey: Guid(8f586378b4e144a9851e7b34d9b748ee) Importer(2089858483,797179f86c6e516b54ff30bda720a719)
Start importing Assets/TextMesh Pro/Resources/Fonts & Materials/LiberationSans SDF.asset using Guid(8f586378b4e144a9851e7b34d9b748ee) Importer(2089858483,797179f86c6e516b54ff30bda720a719) (ScriptedImporter) -> (artifact id: '1f5ce541eb4317cef11ee9efb7feca1d') in 0.1056519 seconds
Number of updated asset objects reloaded before import = 0Number of asset objects unloaded after import = 3

========================================================================
Received Import Request.
  Time since last request: 0.000017 seconds.
  path: Assets/TextMesh Pro/Resources/Fonts & Materials/LiberationSans SDF - Fallback.asset
  artifactKey: Guid(2e498d1c8094910479dc3e1b768306a4) Importer(2089858483,797179f86c6e516b54ff30bda720a719)
Start importing Assets/TextMesh Pro/Resources/Fonts & Materials/LiberationSans SDF - Fallback.asset using Guid(2e498d1c8094910479dc3e1b768306a4) Importer(2089858483,797179f86c6e516b54ff30bda720a719) (ScriptedImporter) -> (artifact id: '3b7ba44f7334f10a861c9681a9cf42d7') in 0.0935755 seconds
Number of updated asset objects reloaded before import = 0Number of asset objects unloaded after import = 3

========================================================================
Received Import Request.
  Time since last request: 0.000034 seconds.
  path: Assets/Prefabs/UI/MapMarkerWindow.prefab
  artifactKey: Guid(3137c85690e058740acd546bb2a9a636) Importer(2089858483,797179f86c6e516b54ff30bda720a719)
Start importing Assets/Prefabs/UI/MapMarkerWindow.prefab using Guid(3137c85690e058740acd546bb2a9a636) Importer(2089858483,797179f86c6e516b54ff30bda720a719) (ScriptedImporter) -> (artifact id: 'dce7f408bb59f8fe8d358e4bd7dca964') in 0.1523545 seconds
Number of updated asset objects reloaded before import = 0Number of asset objects unloaded after import = 349

========================================================================
Received Import Request.
  Time since last request: 0.000014 seconds.
  path: Assets/GPM/WebView/Scripts/Editor/GpmWebViewAndroidPostBuildProcessor.cs
  artifactKey: Guid(19cc3621a677ebe4daf3c6bea2b1f786) Importer(2089858483,797179f86c6e516b54ff30bda720a719)
Start importing Assets/GPM/WebView/Scripts/Editor/GpmWebViewAndroidPostBuildProcessor.cs using Guid(19cc3621a677ebe4daf3c6bea2b1f786) Importer(2089858483,797179f86c6e516b54ff30bda720a719) (ScriptedImporter) -> (artifact id: '6f60c586e92d73aa13888bffae94e17c') in 0.0749055 seconds
Number of updated asset objects reloaded before import = 0Number of asset objects unloaded after import = 0

========================================================================
Received Import Request.
  Time since last request: 0.000050 seconds.
  path: Assets/GPM/Common/ThirdParty/MessagePack/StringEncoding.cs
  artifactKey: Guid(e199226a89862fc4798d014146e094cd) Importer(2089858483,797179f86c6e516b54ff30bda720a719)
Start importing Assets/GPM/Common/ThirdParty/MessagePack/StringEncoding.cs using Guid(e199226a89862fc4798d014146e094cd) Importer(2089858483,797179f86c6e516b54ff30bda720a719) (ScriptedImporter) -> (artifact id: '19e4fc48fd7cbc51afcdfe7b3e9f2bc2') in 0.0960604 seconds
Number of updated asset objects reloaded before import = 0Number of asset objects unloaded after import = 0

========================================================================
Received Import Request.
  Time since last request: 0.000066 seconds.
  path: Assets/GPM/Manager/Editor/UI/GpmManagerWindow.cs
  artifactKey: Guid(993bee3e2d52c6845bc29fe0dcb3c0fb) Importer(2089858483,797179f86c6e516b54ff30bda720a719)
Start importing Assets/GPM/Manager/Editor/UI/GpmManagerWindow.cs using Guid(993bee3e2d52c6845bc29fe0dcb3c0fb) Importer(2089858483,797179f86c6e516b54ff30bda720a719) (ScriptedImporter) -> (artifact id: '1480896d837b68f1fc67abef0c2ebc6c') in 0.1144078 seconds
Number of updated asset objects reloaded before import = 0Number of asset objects unloaded after import = 0

========================================================================
Received Import Request.
  Time since last request: 0.000035 seconds.
  path: Assets/GPM/Manager/Editor/Util/ManagerConfig.cs
  artifactKey: Guid(c2a5ef7e20bde5c4b9ddb68b95e7929e) Importer(2089858483,797179f86c6e516b54ff30bda720a719)
Start importing Assets/GPM/Manager/Editor/Util/ManagerConfig.cs using Guid(c2a5ef7e20bde5c4b9ddb68b95e7929e) Importer(2089858483,797179f86c6e516b54ff30bda720a719) (ScriptedImporter) -> (artifact id: 'b693d926991bc1b0ce6da7386340c47a') in 0.1153102 seconds
Number of updated asset objects reloaded before import = 0Number of asset objects unloaded after import = 0

========================================================================
Received Import Request.
  Time since last request: 0.000050 seconds.
  path: Assets/GPM/Common/ThirdParty/MessagePack/MessagePackSerializer.cs
  artifactKey: Guid(89e79a5654644e849b753a9463bd088e) Importer(2089858483,797179f86c6e516b54ff30bda720a719)
Start importing Assets/GPM/Common/ThirdParty/MessagePack/MessagePackSerializer.cs using Guid(89e79a5654644e849b753a9463bd088e) Importer(2089858483,797179f86c6e516b54ff30bda720a719) (ScriptedImporter) -> (artifact id: '722a924783e71f43cba272d8e6a97ef8') in 0.2674335 seconds
Number of updated asset objects reloaded before import = 0Number of asset objects unloaded after import = 0

========================================================================
Received Import Request.
  Time since last request: 0.000044 seconds.
  path: Assets/GPM/Manager/Editor/Constant/ManagerError.cs
  artifactKey: Guid(710085e1de45899449db48d20f68b1d3) Importer(2089858483,797179f86c6e516b54ff30bda720a719)
Start importing Assets/GPM/Manager/Editor/Constant/ManagerError.cs using Guid(710085e1de45899449db48d20f68b1d3) Importer(2089858483,797179f86c6e516b54ff30bda720a719) (ScriptedImporter) -> (artifact id: '7daca5c963701ac82516113808d46f8d') in 0.060161 seconds
Number of updated asset objects reloaded before import = 0Number of asset objects unloaded after import = 0

========================================================================
Received Import Request.
  Time since last request: 0.000035 seconds.
  path: Assets/GPM/Communicator/Scripts/VO/GpmCommunicatorVO.cs
  artifactKey: Guid(cd073b334b8f80546a05f870ba556802) Importer(2089858483,797179f86c6e516b54ff30bda720a719)
Start importing Assets/GPM/Communicator/Scripts/VO/GpmCommunicatorVO.cs using Guid(cd073b334b8f80546a05f870ba556802) Importer(2089858483,797179f86c6e516b54ff30bda720a719) (ScriptedImporter) -> (artifact id: '14bc97f34999a8c6a172f748dfc827e5') in 0.12004 seconds
Number of updated asset objects reloaded before import = 0Number of asset objects unloaded after import = 0

========================================================================
Received Import Request.
  Time since last request: 0.000053 seconds.
  path: Assets/Mirror/Editor/Weaver/Processors/SyncVarProcessor.cs
  artifactKey: Guid(f52c39bddd95d42b88f9cd554dfd9198) Importer(2089858483,797179f86c6e516b54ff30bda720a719)
Start importing Assets/Mirror/Editor/Weaver/Processors/SyncVarProcessor.cs using Guid(f52c39bddd95d42b88f9cd554dfd9198) Importer(2089858483,797179f86c6e516b54ff30bda720a719) (ScriptedImporter) -> (artifact id: '19de80e79516da08753a1a49ba292bc2') in 0.0854094 seconds
Number of updated asset objects reloaded before import = 0Number of asset objects unloaded after import = 0

========================================================================
Received Import Request.
  Time since last request: 0.000068 seconds.
  path: Assets/Mirror/Components/InterestManagement/SpatialHashing/SpatialHashingInterestManagement.cs
  artifactKey: Guid(39adc6e09d5544ed955a50ce8600355a) Importer(2089858483,797179f86c6e516b54ff30bda720a719)
Start importing Assets/Mirror/Components/InterestManagement/SpatialHashing/SpatialHashingInterestManagement.cs using Guid(39adc6e09d5544ed955a50ce8600355a) Importer(2089858483,797179f86c6e516b54ff30bda720a719) (ScriptedImporter) -> (artifact id: 'f0f32d0c55ea7bf2fba934b9ac8dee3b') in 0.1188248 seconds
Number of updated asset objects reloaded before import = 0Number of asset objects unloaded after import = 0

========================================================================
Received Import Request.
  Time since last request: 0.000045 seconds.
  path: Assets/MapToolPack/TextMesh Pro/Resources/Shaders/TMP_Bitmap-Custom-Atlas.shader
  artifactKey: Guid(fe86c2e7b1266ad479bd564bf635bf03) Importer(2089858483,797179f86c6e516b54ff30bda720a719)
Start importing Assets/MapToolPack/TextMesh Pro/Resources/Shaders/TMP_Bitmap-Custom-Atlas.shader using Guid(fe86c2e7b1266ad479bd564bf635bf03) Importer(2089858483,797179f86c6e516b54ff30bda720a719) (ScriptedImporter) -> (artifact id: '747cbab440a9c2eae00389de2fade7f7') in 0.0928725 seconds
Number of updated asset objects reloaded before import = 0Number of asset objects unloaded after import = 1

========================================================================
Received Import Request.
  Time since last request: 0.000019 seconds.
  path: Assets/Mirror/Editor/Weaver/Empty/SyncListProcessor.cs
  artifactKey: Guid(4f3445268e45d437fac325837aff3246) Importer(2089858483,797179f86c6e516b54ff30bda720a719)
Start importing Assets/Mirror/Editor/Weaver/Empty/SyncListProcessor.cs using Guid(4f3445268e45d437fac325837aff3246) Importer(2089858483,797179f86c6e516b54ff30bda720a719) (ScriptedImporter) -> (artifact id: 'e94a0977b558584bce9a40aade86cfed') in 0.1125998 seconds
Number of updated asset objects reloaded before import = 0Number of asset objects unloaded after import = 0

========================================================================
Received Import Request.
  Time since last request: 0.000102 seconds.
  path: Assets/Mirror/Editor/Weaver/Empty/GenericArgumentResolver.cs
  artifactKey: Guid(fd67b3f7c2d66074a9bc7a23787e2ffb) Importer(2089858483,797179f86c6e516b54ff30bda720a719)
Start importing Assets/Mirror/Editor/Weaver/Empty/GenericArgumentResolver.cs using Guid(fd67b3f7c2d66074a9bc7a23787e2ffb) Importer(2089858483,797179f86c6e516b54ff30bda720a719) (ScriptedImporter) -> (artifact id: 'e8c6f7d8056f9f05f5d2927995a01306') in 0.1088832 seconds
Number of updated asset objects reloaded before import = 0Number of asset objects unloaded after import = 0

========================================================================
Received Import Request.
  Time since last request: 0.000047 seconds.
  path: Assets/MapToolPack/TextMesh Pro/Resources/Shaders/TMPro.cginc
  artifactKey: Guid(4ce19f934c164c2459281e9beb929d5c) Importer(2089858483,797179f86c6e516b54ff30bda720a719)
Start importing Assets/MapToolPack/TextMesh Pro/Resources/Shaders/TMPro.cginc using Guid(4ce19f934c164c2459281e9beb929d5c) Importer(2089858483,797179f86c6e516b54ff30bda720a719) (ScriptedImporter) -> (artifact id: '4c8a250b96bf3d45dfa42864c8b6df84') in 0.0985327 seconds
Number of updated asset objects reloaded before import = 0Number of asset objects unloaded after import = 1

========================================================================
Received Import Request.
  Time since last request: 0.000037 seconds.
  path: Assets/GPM/WebView/Scripts/Data/GpmWebViewRequest.cs
  artifactKey: Guid(6dfcf50c84bcf3c41939cd2548ddb46e) Importer(2089858483,797179f86c6e516b54ff30bda720a719)
Start importing Assets/GPM/WebView/Scripts/Data/GpmWebViewRequest.cs using Guid(6dfcf50c84bcf3c41939cd2548ddb46e) Importer(2089858483,797179f86c6e516b54ff30bda720a719) (ScriptedImporter) -> (artifact id: 'cb07072764486f802c0a97f472a1911a') in 0.1060443 seconds
Number of updated asset objects reloaded before import = 0Number of asset objects unloaded after import = 0

========================================================================
Received Import Request.
  Time since last request: 0.000045 seconds.
  path: Assets/GPM/WebView/Scripts/Consts/GpmOrientation.cs
  artifactKey: Guid(e94a3b583758b994a99f9aa70775aeab) Importer(2089858483,797179f86c6e516b54ff30bda720a719)
Start importing Assets/GPM/WebView/Scripts/Consts/GpmOrientation.cs using Guid(e94a3b583758b994a99f9aa70775aeab) Importer(2089858483,797179f86c6e516b54ff30bda720a719) (ScriptedImporter) -> (artifact id: '10ea8f397232e9091bbdfec78e192c46') in 0.1033149 seconds
Number of updated asset objects reloaded before import = 0Number of asset objects unloaded after import = 0

========================================================================
Received Import Request.
  Time since last request: 0.000015 seconds.
  path: Assets/Mirror/Examples/AdditiveScenes/Materials/Player.mat
  artifactKey: Guid(792117fe9a386a8489e8010bec746339) Importer(2089858483,797179f86c6e516b54ff30bda720a719)
Start importing Assets/Mirror/Examples/AdditiveScenes/Materials/Player.mat using Guid(792117fe9a386a8489e8010bec746339) Importer(2089858483,797179f86c6e516b54ff30bda720a719) (ScriptedImporter) -> (artifact id: 'cae1a9cd2c9312e41612cfa9f13a0e6f') in 0.122616 seconds
Number of updated asset objects reloaded before import = 0Number of asset objects unloaded after import = 1

========================================================================
Received Import Request.
  Time since last request: 0.000027 seconds.
  path: Assets/Mirror/Examples/AdditiveScenes/Scenes/SubScene.unity
  artifactKey: Guid(7f4fd683fc6d866418c95f99977533a6) Importer(2089858483,797179f86c6e516b54ff30bda720a719)
Start importing Assets/Mirror/Examples/AdditiveScenes/Scenes/SubScene.unity using Guid(7f4fd683fc6d866418c95f99977533a6) Importer(2089858483,797179f86c6e516b54ff30bda720a719) (ScriptedImporter) -> (artifact id: 'aa1367518ad4bed25b6026d25629bbc3') in 0.0961963 seconds
Number of updated asset objects reloaded before import = 0Number of asset objects unloaded after import = 1

========================================================================
Received Import Request.
  Time since last request: 0.000011 seconds.
  path: Assets/Mirror/Examples/MultipleAdditiveScenes/Prefabs/Icosphere.prefab
  artifactKey: Guid(a104de86221e66a48832c222471d4f1e) Importer(2089858483,797179f86c6e516b54ff30bda720a719)
Start importing Assets/Mirror/Examples/MultipleAdditiveScenes/Prefabs/Icosphere.prefab using Guid(a104de86221e66a48832c222471d4f1e) Importer(2089858483,797179f86c6e516b54ff30bda720a719) (ScriptedImporter) -> (artifact id: '106cbba3daac8d566373d91f460b5855') in 0.169797 seconds
Number of updated asset objects reloaded before import = 0Number of asset objects unloaded after import = 16

========================================================================
Received Import Request.
  Time since last request: 0.000015 seconds.
  path: Assets/Mirror/Examples/AdditiveScenes/Prefabs/Zone.prefab
  artifactKey: Guid(de939020b5e2aa5489ebcc4002d75d54) Importer(2089858483,797179f86c6e516b54ff30bda720a719)
Start importing Assets/Mirror/Examples/AdditiveScenes/Prefabs/Zone.prefab using Guid(de939020b5e2aa5489ebcc4002d75d54) Importer(2089858483,797179f86c6e516b54ff30bda720a719) (ScriptedImporter) -> (artifact id: 'acb73533e4a678040bab090016d33212') in 0.0874034 seconds
Number of updated asset objects reloaded before import = 0Number of asset objects unloaded after import = 6

========================================================================
Received Import Request.
  Time since last request: 0.000060 seconds.
  path: Assets/Mirror/Examples/Discovery/Prefabs/Player.prefab
  artifactKey: Guid(ecd52c53a6ef7496693343d3e32dace1) Importer(2089858483,797179f86c6e516b54ff30bda720a719)
Start importing Assets/Mirror/Examples/Discovery/Prefabs/Player.prefab using Guid(ecd52c53a6ef7496693343d3e32dace1) Importer(2089858483,797179f86c6e516b54ff30bda720a719) (ScriptedImporter) -> (artifact id: '93c8cea1a55a527dbb046a621279d97e') in 0.0823851 seconds
Number of updated asset objects reloaded before import = 0Number of asset objects unloaded after import = 8

========================================================================
Received Import Request.
  Time since last request: 0.000015 seconds.
  path: Assets/Mirror/Examples/AdditiveScenes/Prefabs/Capsule.prefab
  artifactKey: Guid(e1971f4a8c7661546bc509b44bd91b80) Importer(2089858483,797179f86c6e516b54ff30bda720a719)
Start importing Assets/Mirror/Examples/AdditiveScenes/Prefabs/Capsule.prefab using Guid(e1971f4a8c7661546bc509b44bd91b80) Importer(2089858483,797179f86c6e516b54ff30bda720a719) (ScriptedImporter) -> (artifact id: 'ece50cc66dff0101bc8ca7c095192e60') in 0.161007 seconds
Number of updated asset objects reloaded before import = 0Number of asset objects unloaded after import = 11

========================================================================
Received Import Request.
  Time since last request: 0.000019 seconds.
  path: Assets/Mirror/Examples/AdditiveScenes/Materials/Quad.mat
  artifactKey: Guid(6eb3f3ba66756364d8b94e662e7e8af5) Importer(2089858483,797179f86c6e516b54ff30bda720a719)
Start importing Assets/Mirror/Examples/AdditiveScenes/Materials/Quad.mat using Guid(6eb3f3ba66756364d8b94e662e7e8af5) Importer(2089858483,797179f86c6e516b54ff30bda720a719) (ScriptedImporter) -> (artifact id: '7cc150b99ae717239c2916bf2ce2660c') in 0.0959557 seconds
Number of updated asset objects reloaded before import = 0Number of asset objects unloaded after import = 1

========================================================================
Received Import Request.
  Time since last request: 0.000023 seconds.
  path: Assets/Mirror/Examples/Pong/PhysicsMaterials/BallMaterial.physicsMaterial2D
  artifactKey: Guid(97a3e4cddb8635c4eba1265f44d106bf) Importer(2089858483,797179f86c6e516b54ff30bda720a719)
Start importing Assets/Mirror/Examples/Pong/PhysicsMaterials/BallMaterial.physicsMaterial2D using Guid(97a3e4cddb8635c4eba1265f44d106bf) Importer(2089858483,797179f86c6e516b54ff30bda720a719) (ScriptedImporter) -> (artifact id: 'b640e8013a02f492f917aac6df029889') in 0.0948436 seconds
Number of updated asset objects reloaded before import = 0Number of asset objects unloaded after import = 1

========================================================================
Received Import Request.
  Time since last request: 0.000019 seconds.
  path: Assets/Mirror/Examples/Pong/Scripts/Player.cs
  artifactKey: Guid(0748c7eda22b19845b9ce0e4d23d1021) Importer(2089858483,797179f86c6e516b54ff30bda720a719)
Start importing Assets/Mirror/Examples/Pong/Scripts/Player.cs using Guid(0748c7eda22b19845b9ce0e4d23d1021) Importer(2089858483,797179f86c6e516b54ff30bda720a719) (ScriptedImporter) -> (artifact id: '450e5b7b53adfd3fe85a2ab5c4164df3') in 0.0481651 seconds
Number of updated asset objects reloaded before import = 0Number of asset objects unloaded after import = 0

========================================================================
Received Import Request.
  Time since last request: 0.000056 seconds.
  path: Assets/Mirror/Examples/RigidbodyPhysics/Materials/Green.mat
  artifactKey: Guid(bbe2c7293af197640a2b40018e79b9a6) Importer(2089858483,797179f86c6e516b54ff30bda720a719)
Start importing Assets/Mirror/Examples/RigidbodyPhysics/Materials/Green.mat using Guid(bbe2c7293af197640a2b40018e79b9a6) Importer(2089858483,797179f86c6e516b54ff30bda720a719) (ScriptedImporter) -> (artifact id: '13abde7f221a3c78fe7ac3cf108aefd8') in 0.0596158 seconds
Number of updated asset objects reloaded before import = 0Number of asset objects unloaded after import = 1

========================================================================
Received Import Request.
  Time since last request: 0.000016 seconds.
  path: Assets/Mirror/Examples/Room/Materials/PlayArea.mat
  artifactKey: Guid(3201636fa507dad448e9a36d66a80825) Importer(2089858483,797179f86c6e516b54ff30bda720a719)
Start importing Assets/Mirror/Examples/Room/Materials/PlayArea.mat using Guid(3201636fa507dad448e9a36d66a80825) Importer(2089858483,797179f86c6e516b54ff30bda720a719) (ScriptedImporter) -> (artifact id: 'ba1dc1ac524a8bffc77f171b6cca1f18') in 0.0568292 seconds
Number of updated asset objects reloaded before import = 0Number of asset objects unloaded after import = 1

========================================================================
Received Import Request.
  Time since last request: 0.000026 seconds.
  path: Assets/Mirror/Examples/Pong/Prefabs/Racket.prefab
  artifactKey: Guid(b1651eaf8c7564a1c86031dfbb8a7b28) Importer(2089858483,797179f86c6e516b54ff30bda720a719)
Start importing Assets/Mirror/Examples/Pong/Prefabs/Racket.prefab using Guid(b1651eaf8c7564a1c86031dfbb8a7b28) Importer(2089858483,797179f86c6e516b54ff30bda720a719) (ScriptedImporter) -> (artifact id: 'ef315be049b0ecc493268cf255c5a7ea') in 0.1243096 seconds
Number of updated asset objects reloaded before import = 0Number of asset objects unloaded after import = 12

========================================================================
Received Import Request.
  Time since last request: 0.000014 seconds.
  path: Assets/Mirror/Examples/Pong/Sprites/Racket.png
  artifactKey: Guid(619ccff3ba2f2a04f9ddd19c264a1ecd) Importer(2089858483,797179f86c6e516b54ff30bda720a719)
Start importing Assets/Mirror/Examples/Pong/Sprites/Racket.png using Guid(619ccff3ba2f2a04f9ddd19c264a1ecd) Importer(2089858483,797179f86c6e516b54ff30bda720a719) (ScriptedImporter) -> (artifact id: '88673aff9f9dfd904749826862813f5f') in 0.0596406 seconds
Number of updated asset objects reloaded before import = 0Number of asset objects unloaded after import = 2

========================================================================
Received Import Request.
  Time since last request: 0.000032 seconds.
  path: Assets/Mirror/Examples/MultipleMatches/Prefabs/CellGUI.prefab
  artifactKey: Guid(5ab8c221183f0094eb04b7f6eb569e7b) Importer(2089858483,797179f86c6e516b54ff30bda720a719)
Start importing Assets/Mirror/Examples/MultipleMatches/Prefabs/CellGUI.prefab using Guid(5ab8c221183f0094eb04b7f6eb569e7b) Importer(2089858483,797179f86c6e516b54ff30bda720a719) (ScriptedImporter) -> (artifact id: '131e268a681d019924dcd283b139d5d0') in 0.0809924 seconds
Number of updated asset objects reloaded before import = 0Number of asset objects unloaded after import = 8

========================================================================
Received Import Request.
  Time since last request: 0.000016 seconds.
  path: Assets/Mirror/Examples/Pong/Scripts/Ball.cs
  artifactKey: Guid(38b5c2f743cd8034a8beeebf277c92c1) Importer(2089858483,797179f86c6e516b54ff30bda720a719)
Start importing Assets/Mirror/Examples/Pong/Scripts/Ball.cs using Guid(38b5c2f743cd8034a8beeebf277c92c1) Importer(2089858483,797179f86c6e516b54ff30bda720a719) (ScriptedImporter) -> (artifact id: '742b13e3b189a120fb60213f82f9ce06') in 0.0807169 seconds
Number of updated asset objects reloaded before import = 0Number of asset objects unloaded after import = 0

========================================================================
Received Import Request.
  Time since last request: 0.000032 seconds.
  path: Assets/GPM/WebView/Plugins/Android/com.google.code.gson.gson-2.8.5.jar
  artifactKey: Guid(e1e86239215339747beab4068378d959) Importer(2089858483,797179f86c6e516b54ff30bda720a719)
Start importing Assets/GPM/WebView/Plugins/Android/com.google.code.gson.gson-2.8.5.jar using Guid(e1e86239215339747beab4068378d959) Importer(2089858483,797179f86c6e516b54ff30bda720a719) (ScriptedImporter) -> (artifact id: 'd69a7101155378db60116ee10b3b7471') in 0.0690907 seconds
Number of updated asset objects reloaded before import = 0Number of asset objects unloaded after import = 0

========================================================================
Received Import Request.
  Time since last request: 0.000072 seconds.
  path: Assets/Mirror/Runtime/Empty/Cloud/BaseApi.cs
  artifactKey: Guid(70f563b7a7210ae43bbcde5cb7721a94) Importer(2089858483,797179f86c6e516b54ff30bda720a719)
Start importing Assets/Mirror/Runtime/Empty/Cloud/BaseApi.cs using Guid(70f563b7a7210ae43bbcde5cb7721a94) Importer(2089858483,797179f86c6e516b54ff30bda720a719) (ScriptedImporter) -> (artifact id: '1087cae4b249f1f4fcbad379285dbb96') in 0.0792869 seconds
Number of updated asset objects reloaded before import = 0Number of asset objects unloaded after import = 0

========================================================================
Received Import Request.
  Time since last request: 0.000082 seconds.
  path: Assets/Mirror/Runtime/Empty/Cloud/Player.cs
  artifactKey: Guid(2b6cfd54b79bb464dbc6ae7f331ed45f) Importer(2089858483,797179f86c6e516b54ff30bda720a719)
Start importing Assets/Mirror/Runtime/Empty/Cloud/Player.cs using Guid(2b6cfd54b79bb464dbc6ae7f331ed45f) Importer(2089858483,797179f86c6e516b54ff30bda720a719) (ScriptedImporter) -> (artifact id: '49edff5cd2abe5ea8a9f1356025badfb') in 0.1526463 seconds
Number of updated asset objects reloaded before import = 0Number of asset objects unloaded after import = 0

========================================================================
Received Import Request.
  Time since last request: 0.000057 seconds.
  path: Assets/Mirror/Runtime/Empty/Cloud/ApiUpdater.cs
  artifactKey: Guid(1f6e5d5acb5879f45a2235ae0f44dc92) Importer(2089858483,797179f86c6e516b54ff30bda720a719)
Start importing Assets/Mirror/Runtime/Empty/Cloud/ApiUpdater.cs using Guid(1f6e5d5acb5879f45a2235ae0f44dc92) Importer(2089858483,797179f86c6e516b54ff30bda720a719) (ScriptedImporter) -> (artifact id: '9555c0be6c45db7bea947410ad0ea31c') in 0.1173275 seconds
Number of updated asset objects reloaded before import = 0Number of asset objects unloaded after import = 0

========================================================================
Received Import Request.
  Time since last request: 0.000028 seconds.
  path: Assets/Mirror/Examples/Room/Scenes/OfflineScene.unity
  artifactKey: Guid(9e6f14982412b2545a0911ebaaa46a23) Importer(2089858483,797179f86c6e516b54ff30bda720a719)
Start importing Assets/Mirror/Examples/Room/Scenes/OfflineScene.unity using Guid(9e6f14982412b2545a0911ebaaa46a23) Importer(2089858483,797179f86c6e516b54ff30bda720a719) (ScriptedImporter) -> (artifact id: '45079e9e49de29f6cb91b4cc876100db') in 0.1276484 seconds
Number of updated asset objects reloaded before import = 0Number of asset objects unloaded after import = 1

========================================================================
Received Import Request.
  Time since last request: 0.000017 seconds.
  path: Assets/Mirror/Examples/Room/Prefabs/Prize.prefab
  artifactKey: Guid(52f1c9ea06cfd154cb68ff9d1b66fc13) Importer(2089858483,797179f86c6e516b54ff30bda720a719)
Start importing Assets/Mirror/Examples/Room/Prefabs/Prize.prefab using Guid(52f1c9ea06cfd154cb68ff9d1b66fc13) Importer(2089858483,797179f86c6e516b54ff30bda720a719) (ScriptedImporter) -> (artifact id: '82f1b67b23f892cb06eb0b108f871f3b') in 0.0953437 seconds
Number of updated asset objects reloaded before import = 0Number of asset objects unloaded after import = 13

========================================================================
Received Import Request.
  Time since last request: 0.000036 seconds.
  path: Assets/Mirror/Runtime/Empty/Cloud/NetworkManagerListServer.cs
  artifactKey: Guid(95bebb8e810e2954485291a26324f7d5) Importer(2089858483,797179f86c6e516b54ff30bda720a719)
Start importing Assets/Mirror/Runtime/Empty/Cloud/NetworkManagerListServer.cs using Guid(95bebb8e810e2954485291a26324f7d5) Importer(2089858483,797179f86c6e516b54ff30bda720a719) (ScriptedImporter) -> (artifact id: '324d82914e5c9a94e3b00007738cdc95') in 0.1080753 seconds
Number of updated asset objects reloaded before import = 0Number of asset objects unloaded after import = 0

========================================================================
Received Import Request.
  Time since last request: 0.000065 seconds.
  path: Assets/GPM/Common/Indicator/Scripts/Internal/LaunchingRequest.cs
  artifactKey: Guid(9a405381624e2354eaa7f7b009008220) Importer(2089858483,797179f86c6e516b54ff30bda720a719)
Start importing Assets/GPM/Common/Indicator/Scripts/Internal/LaunchingRequest.cs using Guid(9a405381624e2354eaa7f7b009008220) Importer(2089858483,797179f86c6e516b54ff30bda720a719) (ScriptedImporter) -> (artifact id: '9297e4e2b096ad7c3eadad74467bf3e0') in 0.1078258 seconds
Number of updated asset objects reloaded before import = 0Number of asset objects unloaded after import = 0

========================================================================
Received Import Request.
  Time since last request: 0.000034 seconds.
  path: Assets/Scripts/UI/Components/Text/DynamicText.cs
  artifactKey: Guid(7a7d4319c7338f64db23e3f1991fd5db) Importer(2089858483,797179f86c6e516b54ff30bda720a719)
Start importing Assets/Scripts/UI/Components/Text/DynamicText.cs using Guid(7a7d4319c7338f64db23e3f1991fd5db) Importer(2089858483,797179f86c6e516b54ff30bda720a719) (ScriptedImporter) -> (artifact id: 'f0d27cb0de8a04fa4a6d773ea29a650f') in 0.0908069 seconds
Number of updated asset objects reloaded before import = 0Number of asset objects unloaded after import = 0

========================================================================
Received Import Request.
  Time since last request: 0.000074 seconds.
  path: Assets/Mirror/Examples/Room/Prefabs/GamePlayer.prefab
  artifactKey: Guid(21daf89214c6ee443ad6875b73083c60) Importer(2089858483,797179f86c6e516b54ff30bda720a719)
Start importing Assets/Mirror/Examples/Room/Prefabs/GamePlayer.prefab using Guid(21daf89214c6ee443ad6875b73083c60) Importer(2089858483,797179f86c6e516b54ff30bda720a719) (ScriptedImporter) -> (artifact id: '7205341f4b10fe8df4307b883e4c726c') in 0.1072074 seconds
Number of updated asset objects reloaded before import = 0Number of asset objects unloaded after import = 20

========================================================================
Received Import Request.
  Time since last request: 0.000021 seconds.
  path: Assets/Mirror/Runtime/Empty/Cloud/NetworkManagerListServerPong.cs
  artifactKey: Guid(068feff770f710141afa4a90063a5e6c) Importer(2089858483,797179f86c6e516b54ff30bda720a719)
Start importing Assets/Mirror/Runtime/Empty/Cloud/NetworkManagerListServerPong.cs using Guid(068feff770f710141afa4a90063a5e6c) Importer(2089858483,797179f86c6e516b54ff30bda720a719) (ScriptedImporter) -> (artifact id: 'd4355960bbc9c41559db849270c7094e') in 0.0840733 seconds
Number of updated asset objects reloaded before import = 0Number of asset objects unloaded after import = 0

========================================================================
Received Import Request.
  Time since last request: 0.000036 seconds.
  path: Assets/Mirror/Runtime/Empty/Cloud/InstantiateNetworkManager.cs
  artifactKey: Guid(dbabb497385c20346a3c8bda4ae69508) Importer(2089858483,797179f86c6e516b54ff30bda720a719)
Start importing Assets/Mirror/Runtime/Empty/Cloud/InstantiateNetworkManager.cs using Guid(dbabb497385c20346a3c8bda4ae69508) Importer(2089858483,797179f86c6e516b54ff30bda720a719) (ScriptedImporter) -> (artifact id: '8d962a852229e189a74cc712d5fa15e3') in 0.0880334 seconds
Number of updated asset objects reloaded before import = 0Number of asset objects unloaded after import = 0

========================================================================
Received Import Request.
  Time since last request: 0.000079 seconds.
  path: Assets/Scripts/UI/Components/Content/TabController.cs
  artifactKey: Guid(bbcc54695ca39294e979ff76cde6482b) Importer(2089858483,797179f86c6e516b54ff30bda720a719)
Start importing Assets/Scripts/UI/Components/Content/TabController.cs using Guid(bbcc54695ca39294e979ff76cde6482b) Importer(2089858483,797179f86c6e516b54ff30bda720a719) (ScriptedImporter) -> (artifact id: 'c0b6b5424d3fe2474e1f8d167b9c378c') in 0.1155651 seconds
Number of updated asset objects reloaded before import = 0Number of asset objects unloaded after import = 0

========================================================================
Received Import Request.
  Time since last request: 0.000050 seconds.
  path: Assets/Mirror/Examples/AdditiveScenes/Scripts/PlayerController.cs
  artifactKey: Guid(e8f68561248aaca4fb96847ce24742ee) Importer(2089858483,797179f86c6e516b54ff30bda720a719)
Start importing Assets/Mirror/Examples/AdditiveScenes/Scripts/PlayerController.cs using Guid(e8f68561248aaca4fb96847ce24742ee) Importer(2089858483,797179f86c6e516b54ff30bda720a719) (ScriptedImporter) -> (artifact id: '7bebb3d30e2aa9e0c716d28e71bf6191') in 0.0932091 seconds
Number of updated asset objects reloaded before import = 0Number of asset objects unloaded after import = 0

========================================================================
Received Import Request.
  Time since last request: 0.000051 seconds.
  path: Assets/GPM/Common/ThirdParty/MessagePack/Formatters/UnsafeBinaryFormatters.cs
  artifactKey: Guid(dc11c3e81de51354597e9e9a96188629) Importer(2089858483,797179f86c6e516b54ff30bda720a719)
Start importing Assets/GPM/Common/ThirdParty/MessagePack/Formatters/UnsafeBinaryFormatters.cs using Guid(dc11c3e81de51354597e9e9a96188629) Importer(2089858483,797179f86c6e516b54ff30bda720a719) (ScriptedImporter) -> (artifact id: 'cfc9490d3aa86200b916df900423fd30') in 0.139499 seconds
Number of updated asset objects reloaded before import = 0Number of asset objects unloaded after import = 0

========================================================================
Received Import Request.
  Time since last request: 0.000042 seconds.
  path: Assets/GPM/Common/ThirdParty/MessagePack/Resolvers/DynamicGenericResolver.cs
  artifactKey: Guid(940597fa4706758499f4cec575db52bd) Importer(2089858483,797179f86c6e516b54ff30bda720a719)
Start importing Assets/GPM/Common/ThirdParty/MessagePack/Resolvers/DynamicGenericResolver.cs using Guid(940597fa4706758499f4cec575db52bd) Importer(2089858483,797179f86c6e516b54ff30bda720a719) (ScriptedImporter) -> (artifact id: 'dd6b8c2b1ad2ed3b2e5bad8cfc912c41') in 0.096398 seconds
Number of updated asset objects reloaded before import = 0Number of asset objects unloaded after import = 0

========================================================================
Received Import Request.
  Time since last request: 0.000023 seconds.
  path: Assets/Mirror/Runtime/Transport/MiddlewareTransport.cs
  artifactKey: Guid(46f20ede74658e147a1af57172710de2) Importer(2089858483,797179f86c6e516b54ff30bda720a719)
Start importing Assets/Mirror/Runtime/Transport/MiddlewareTransport.cs using Guid(46f20ede74658e147a1af57172710de2) Importer(2089858483,797179f86c6e516b54ff30bda720a719) (ScriptedImporter) -> (artifact id: 'dec6c82113309d0c6559743f91947d69') in 0.0957397 seconds
Number of updated asset objects reloaded before import = 0Number of asset objects unloaded after import = 0

========================================================================
Received Import Request.
  Time since last request: 0.000053 seconds.
  path: Assets/Mirror/Examples/AdditiveScenes/Materials/Zone.mat
  artifactKey: Guid(a7c679cf124f7ae46a0291ea35848554) Importer(2089858483,797179f86c6e516b54ff30bda720a719)
Start importing Assets/Mirror/Examples/AdditiveScenes/Materials/Zone.mat using Guid(a7c679cf124f7ae46a0291ea35848554) Importer(2089858483,797179f86c6e516b54ff30bda720a719) (ScriptedImporter) -> (artifact id: '18f85f4fa2054aa7c97ae905df45d60c') in 0.0866958 seconds
Number of updated asset objects reloaded before import = 0Number of asset objects unloaded after import = 1

========================================================================
Received Import Request.
  Time since last request: 0.000044 seconds.
  path: Assets/GPM/Common/ThirdParty/MessagePack/LZ4/LZ4MessagePackSerializer.NonGeneric.cs
  artifactKey: Guid(e798f37e618d39c4cb7f6473a5eb2f39) Importer(2089858483,797179f86c6e516b54ff30bda720a719)
Start importing Assets/GPM/Common/ThirdParty/MessagePack/LZ4/LZ4MessagePackSerializer.NonGeneric.cs using Guid(e798f37e618d39c4cb7f6473a5eb2f39) Importer(2089858483,797179f86c6e516b54ff30bda720a719) (ScriptedImporter) -> (artifact id: '4f252f26c64b0b7cdb82684ff029d283') in 0.1837729 seconds
Number of updated asset objects reloaded before import = 0Number of asset objects unloaded after import = 0

========================================================================
Received Import Request.
  Time since last request: 0.000027 seconds.
  path: Assets/GPM/Common/ThirdParty/MessagePack/UnsafeExtensions/UnityBlitResolver.cs
  artifactKey: Guid(2d2863858adf9a94c9b2f50b1c4f10cf) Importer(2089858483,797179f86c6e516b54ff30bda720a719)
Start importing Assets/GPM/Common/ThirdParty/MessagePack/UnsafeExtensions/UnityBlitResolver.cs using Guid(2d2863858adf9a94c9b2f50b1c4f10cf) Importer(2089858483,797179f86c6e516b54ff30bda720a719) (ScriptedImporter) -> (artifact id: '458f70e2c39bf621d3dbbe8df46b6bc6') in 0.0710344 seconds
Number of updated asset objects reloaded before import = 0Number of asset objects unloaded after import = 0

========================================================================
Received Import Request.
  Time since last request: 0.000078 seconds.
  path: Assets/GPM/Common/ThirdParty/SharpCompress/Common/CompressedBytesReadEventArgs.cs
  artifactKey: Guid(309a2c4378720ef44ad0dd0b66e02f15) Importer(2089858483,797179f86c6e516b54ff30bda720a719)
Start importing Assets/GPM/Common/ThirdParty/SharpCompress/Common/CompressedBytesReadEventArgs.cs using Guid(309a2c4378720ef44ad0dd0b66e02f15) Importer(2089858483,797179f86c6e516b54ff30bda720a719) (ScriptedImporter) -> (artifact id: 'e48b0f72d9f917eb85f853534d4b4cc9') in 0.082869 seconds
Number of updated asset objects reloaded before import = 0Number of asset objects unloaded after import = 0

========================================================================
Received Import Request.
  Time since last request: 0.000017 seconds.
  path: Assets/GPM/Common/ThirdParty/SharpCompress/Buffers/DefaultArrayPool.cs
  artifactKey: Guid(9c9797a8698cf5044958023a602e6385) Importer(2089858483,797179f86c6e516b54ff30bda720a719)
Start importing Assets/GPM/Common/ThirdParty/SharpCompress/Buffers/DefaultArrayPool.cs using Guid(9c9797a8698cf5044958023a602e6385) Importer(2089858483,797179f86c6e516b54ff30bda720a719) (ScriptedImporter) -> (artifact id: '21103438cca56684a75533f1e84c1dac') in 0.0639449 seconds
Number of updated asset objects reloaded before import = 0Number of asset objects unloaded after import = 0

========================================================================
Received Import Request.
  Time since last request: 0.000066 seconds.
  path: Assets/ParrelSync/ParrelSync/Editor/NonCore/AskFeedbackDialog.cs
  artifactKey: Guid(894412a5b602e6c4ba2cf2d01f4f92b5) Importer(2089858483,797179f86c6e516b54ff30bda720a719)
Start importing Assets/ParrelSync/ParrelSync/Editor/NonCore/AskFeedbackDialog.cs using Guid(894412a5b602e6c4ba2cf2d01f4f92b5) Importer(2089858483,797179f86c6e516b54ff30bda720a719) (ScriptedImporter) -> (artifact id: '9d7068051723bf9b668500628b9010ac') in 0.0724781 seconds
Number of updated asset objects reloaded before import = 0Number of asset objects unloaded after import = 0

========================================================================
Received Import Request.
  Time since last request: 0.000063 seconds.
  path: Assets/GPM/Common/Indicator/Scripts/Internal/BaseIndicator.cs
  artifactKey: Guid(1863c62459bb7dd49bde65fd44c53e54) Importer(2089858483,797179f86c6e516b54ff30bda720a719)
Start importing Assets/GPM/Common/Indicator/Scripts/Internal/BaseIndicator.cs using Guid(1863c62459bb7dd49bde65fd44c53e54) Importer(2089858483,797179f86c6e516b54ff30bda720a719) (ScriptedImporter) -> (artifact id: '80cc6d02ef9e70054dbd5524f0ba2c3f') in 0.0824829 seconds
Number of updated asset objects reloaded before import = 0Number of asset objects unloaded after import = 0

========================================================================
Received Import Request.
  Time since last request: 0.000023 seconds.
  path: Assets/GPM/Common/ThirdParty/SharpCompress/Common/FilePartExtractionBeginEventArgs.cs
  artifactKey: Guid(3df80f317c8d80f4b8e009c0b2a6615f) Importer(2089858483,797179f86c6e516b54ff30bda720a719)
Start importing Assets/GPM/Common/ThirdParty/SharpCompress/Common/FilePartExtractionBeginEventArgs.cs using Guid(3df80f317c8d80f4b8e009c0b2a6615f) Importer(2089858483,797179f86c6e516b54ff30bda720a719) (ScriptedImporter) -> (artifact id: '1e132abb6547609e9eb6a94194c44263') in 0.1136587 seconds
Number of updated asset objects reloaded before import = 0Number of asset objects unloaded after import = 0

========================================================================
Received Import Request.
  Time since last request: 0.000167 seconds.
  path: Assets/Mirror/Runtime/Empty/Cloud/ICoroutineRunner.cs
  artifactKey: Guid(43472c60a7c72e54eafe559290dd0fc6) Importer(2089858483,797179f86c6e516b54ff30bda720a719)
Start importing Assets/Mirror/Runtime/Empty/Cloud/ICoroutineRunner.cs using Guid(43472c60a7c72e54eafe559290dd0fc6) Importer(2089858483,797179f86c6e516b54ff30bda720a719) (ScriptedImporter) -> (artifact id: '6a4718e8a18ace3eee79451dd4a3461f') in 0.1176847 seconds
Number of updated asset objects reloaded before import = 0Number of asset objects unloaded after import = 0

========================================================================
Received Import Request.
  Time since last request: 0.000048 seconds.
  path: Assets/GPM/Common/ThirdParty/SharpCompress/Common/Volume.cs
  artifactKey: Guid(2c5a18c5744484c4594bacf75a165713) Importer(2089858483,797179f86c6e516b54ff30bda720a719)
Start importing Assets/GPM/Common/ThirdParty/SharpCompress/Common/Volume.cs using Guid(2c5a18c5744484c4594bacf75a165713) Importer(2089858483,797179f86c6e516b54ff30bda720a719) (ScriptedImporter) -> (artifact id: '2e011db63cc94ce1641a8636bbc57832') in 0.0917251 seconds
Number of updated asset objects reloaded before import = 0Number of asset objects unloaded after import = 0

========================================================================
Received Import Request.
  Time since last request: 0.000060 seconds.
  path: Assets/GPM/Common/ThirdParty/SharpCompress/Readers/ReaderFactory.cs
  artifactKey: Guid(f1a048a836922524086e5f9318e37a55) Importer(2089858483,797179f86c6e516b54ff30bda720a719)
Start importing Assets/GPM/Common/ThirdParty/SharpCompress/Readers/ReaderFactory.cs using Guid(f1a048a836922524086e5f9318e37a55) Importer(2089858483,797179f86c6e516b54ff30bda720a719) (ScriptedImporter) -> (artifact id: '05bb73c6073dcad6e2d4d27038e259eb') in 0.1147699 seconds
Number of updated asset objects reloaded before import = 0Number of asset objects unloaded after import = 0

========================================================================
Received Import Request.
  Time since last request: 0.000019 seconds.
  path: Assets/GPM/Common/ThirdParty/SharpCompress/Writers/WriterOptions.cs
  artifactKey: Guid(7160aeb9ac023c548b5c16972be8f647) Importer(2089858483,797179f86c6e516b54ff30bda720a719)
Start importing Assets/GPM/Common/ThirdParty/SharpCompress/Writers/WriterOptions.cs using Guid(7160aeb9ac023c548b5c16972be8f647) Importer(2089858483,797179f86c6e516b54ff30bda720a719) (ScriptedImporter) -> (artifact id: '00cfa6788a9bae040ea1557204b94b58') in 0.1009971 seconds
Number of updated asset objects reloaded before import = 0Number of asset objects unloaded after import = 0

========================================================================
Received Import Request.
  Time since last request: 0.000018 seconds.
  path: Assets/GPM/Common/ThirdParty/SharpCompress/Crypto/CryptoException.cs
  artifactKey: Guid(4279b271d9a6283429b6b133b42cec48) Importer(2089858483,797179f86c6e516b54ff30bda720a719)
Start importing Assets/GPM/Common/ThirdParty/SharpCompress/Crypto/CryptoException.cs using Guid(4279b271d9a6283429b6b133b42cec48) Importer(2089858483,797179f86c6e516b54ff30bda720a719) (ScriptedImporter) -> (artifact id: '1cba5aacdf264e2a1af3be3c66fb1ca3') in 0.1308897 seconds
Number of updated asset objects reloaded before import = 0Number of asset objects unloaded after import = 0

========================================================================
Received Import Request.
  Time since last request: 0.000067 seconds.
  path: Assets/GPM/Common/ThirdParty/SharpCompress/Readers/ReaderProgress.cs
  artifactKey: Guid(b9f9ce49c2d1c9c43b7c065c15eae891) Importer(2089858483,797179f86c6e516b54ff30bda720a719)
Start importing Assets/GPM/Common/ThirdParty/SharpCompress/Readers/ReaderProgress.cs using Guid(b9f9ce49c2d1c9c43b7c065c15eae891) Importer(2089858483,797179f86c6e516b54ff30bda720a719) (ScriptedImporter) -> (artifact id: '216e28aa204331a7359970673f371b11') in 0.0691803 seconds
Number of updated asset objects reloaded before import = 0Number of asset objects unloaded after import = 0

========================================================================
Received Import Request.
  Time since last request: 0.000093 seconds.
  path: Assets/GPM/Manager/Editor/UI/Constant/ManagerUiDefine.cs
  artifactKey: Guid(9539f86fde52a894780ff4bfc5e899ce) Importer(2089858483,797179f86c6e516b54ff30bda720a719)
Start importing Assets/GPM/Manager/Editor/UI/Constant/ManagerUiDefine.cs using Guid(9539f86fde52a894780ff4bfc5e899ce) Importer(2089858483,797179f86c6e516b54ff30bda720a719) (ScriptedImporter) -> (artifact id: 'c18d960b9c7c2321b1053ec67e53122e') in 0.0940941 seconds
Number of updated asset objects reloaded before import = 0Number of asset objects unloaded after import = 0

========================================================================
Received Import Request.
  Time since last request: 0.000034 seconds.
  path: Assets/Mirror/Examples/MultipleAdditiveScenes/Materials/Physics/Player.physicMaterial
  artifactKey: Guid(2debad4ac21a6644faf4fc93bd5b5869) Importer(2089858483,797179f86c6e516b54ff30bda720a719)
Start importing Assets/Mirror/Examples/MultipleAdditiveScenes/Materials/Physics/Player.physicMaterial using Guid(2debad4ac21a6644faf4fc93bd5b5869) Importer(2089858483,797179f86c6e516b54ff30bda720a719) (ScriptedImporter) -> (artifact id: '760f834968b6eaade1b6c2c3c317694f') in 0.0877862 seconds
Number of updated asset objects reloaded before import = 0Number of asset objects unloaded after import = 1

========================================================================
Received Import Request.
  Time since last request: 0.000016 seconds.
  path: Assets/GPM/Manager/Editor/UI/Helper/ManagerUi.cs
  artifactKey: Guid(a8d32ae4464155743a3a3203938950d8) Importer(2089858483,797179f86c6e516b54ff30bda720a719)
Start importing Assets/GPM/Manager/Editor/UI/Helper/ManagerUi.cs using Guid(a8d32ae4464155743a3a3203938950d8) Importer(2089858483,797179f86c6e516b54ff30bda720a719) (ScriptedImporter) -> (artifact id: '29fb8cbdc445dc99f0eb7e477fb54c68') in 0.0895296 seconds
Number of updated asset objects reloaded before import = 0Number of asset objects unloaded after import = 0

========================================================================
Received Import Request.
  Time since last request: 0.000022 seconds.
  path: Assets/GPM/Common/ThirdParty/SharpCompress/Crypto/RijndaelEngine.cs
  artifactKey: Guid(7bd0b9b4d52d08e41abd6284ff4c9389) Importer(2089858483,797179f86c6e516b54ff30bda720a719)
Start importing Assets/GPM/Common/ThirdParty/SharpCompress/Crypto/RijndaelEngine.cs using Guid(7bd0b9b4d52d08e41abd6284ff4c9389) Importer(2089858483,797179f86c6e516b54ff30bda720a719) (ScriptedImporter) -> (artifact id: '68a99fa68c016e97058fc297a65239e1') in 0.1024915 seconds
Number of updated asset objects reloaded before import = 0Number of asset objects unloaded after import = 0

========================================================================
Received Import Request.
  Time since last request: 0.000027 seconds.
  path: Assets/GPM/Common/ThirdParty/SharpCompress/Archives/IWritableArchiveExtensions.cs
  artifactKey: Guid(b03004007a06e8945aafe1dc85454850) Importer(2089858483,797179f86c6e516b54ff30bda720a719)
Start importing Assets/GPM/Common/ThirdParty/SharpCompress/Archives/IWritableArchiveExtensions.cs using Guid(b03004007a06e8945aafe1dc85454850) Importer(2089858483,797179f86c6e516b54ff30bda720a719) (ScriptedImporter) -> (artifact id: 'f6cb61349580450f8629d107d2b2d721') in 0.2232917 seconds
Number of updated asset objects reloaded before import = 0Number of asset objects unloaded after import = 0

========================================================================
Received Import Request.
  Time since last request: 0.000133 seconds.
  path: Assets/GPM/Common/ThirdParty/MessagePack/Unity/UnityResolver.cs
  artifactKey: Guid(137d10b97384c394fbfbd39297fba382) Importer(2089858483,797179f86c6e516b54ff30bda720a719)
Start importing Assets/GPM/Common/ThirdParty/MessagePack/Unity/UnityResolver.cs using Guid(137d10b97384c394fbfbd39297fba382) Importer(2089858483,797179f86c6e516b54ff30bda720a719) (ScriptedImporter) -> (artifact id: '5629df507c4e941d799a6b4fbe87fc8c') in 0.0987135 seconds
Number of updated asset objects reloaded before import = 0Number of asset objects unloaded after import = 0

========================================================================
Received Import Request.
  Time since last request: 0.000076 seconds.
  path: Assets/GPM/Common/ThirdParty/MessagePack/Formatters/EnumAsStringFormatter.cs
  artifactKey: Guid(9fe786f4d3f7fb74c85e473faf822052) Importer(2089858483,797179f86c6e516b54ff30bda720a719)
Start importing Assets/GPM/Common/ThirdParty/MessagePack/Formatters/EnumAsStringFormatter.cs using Guid(9fe786f4d3f7fb74c85e473faf822052) Importer(2089858483,797179f86c6e516b54ff30bda720a719) (ScriptedImporter) -> (artifact id: '49b1cb0da8580d91ce51496eb4313185') in 0.0937494 seconds
Number of updated asset objects reloaded before import = 0Number of asset objects unloaded after import = 0

========================================================================
Received Import Request.
  Time since last request: 0.000041 seconds.
  path: Assets/Mirror/Runtime/Transport/Telepathy/Telepathy/EventType.cs
  artifactKey: Guid(49f1a330755814803be5f27f493e1910) Importer(2089858483,797179f86c6e516b54ff30bda720a719)
Start importing Assets/Mirror/Runtime/Transport/Telepathy/Telepathy/EventType.cs using Guid(49f1a330755814803be5f27f493e1910) Importer(2089858483,797179f86c6e516b54ff30bda720a719) (ScriptedImporter) -> (artifact id: 'ba710cf34c995306d65a82143dc2d13e') in 0.0917737 seconds
Number of updated asset objects reloaded before import = 0Number of asset objects unloaded after import = 0

========================================================================
Received Import Request.
  Time since last request: 0.000035 seconds.
  path: Assets/Mirror/Examples/Tanks/Models/(Public Domain) Recon_Tank/Normal.png
  artifactKey: Guid(2617bfecca4d44805a3a51a7aa215d7c) Importer(2089858483,797179f86c6e516b54ff30bda720a719)
Start importing Assets/Mirror/Examples/Tanks/Models/(Public Domain) Recon_Tank/Normal.png using Guid(2617bfecca4d44805a3a51a7aa215d7c) Importer(2089858483,797179f86c6e516b54ff30bda720a719) (ScriptedImporter) -> (artifact id: '59ae0e6c5783594f6a45a0aebe882d74') in 0.1533478 seconds
Number of updated asset objects reloaded before import = 0Number of asset objects unloaded after import = 1

========================================================================
Received Import Request.
  Time since last request: 0.000031 seconds.
  path: Assets/Mirror/Runtime/Transport/SimpleWebTransport/Server/WebSocketServer.cs
  artifactKey: Guid(5c434db044777d2439bae5a57d4e8ee7) Importer(2089858483,797179f86c6e516b54ff30bda720a719)
Start importing Assets/Mirror/Runtime/Transport/SimpleWebTransport/Server/WebSocketServer.cs using Guid(5c434db044777d2439bae5a57d4e8ee7) Importer(2089858483,797179f86c6e516b54ff30bda720a719) (ScriptedImporter) -> (artifact id: 'ad4c33223340f157d0d513cd6a0d2c4c') in 0.0984341 seconds
Number of updated asset objects reloaded before import = 0Number of asset objects unloaded after import = 0

========================================================================
Received Import Request.
  Time since last request: 0.000053 seconds.
  path: Assets/Mirror/Runtime/Transport/KCP/MirrorTransport/KcpTransport.cs
  artifactKey: Guid(6b0fecffa3f624585964b0d0eb21b18e) Importer(2089858483,797179f86c6e516b54ff30bda720a719)
Start importing Assets/Mirror/Runtime/Transport/KCP/MirrorTransport/KcpTransport.cs using Guid(6b0fecffa3f624585964b0d0eb21b18e) Importer(2089858483,797179f86c6e516b54ff30bda720a719) (ScriptedImporter) -> (artifact id: 'ca5151741220f206383d7d19489aee4a') in 0.1257298 seconds
Number of updated asset objects reloaded before import = 0Number of asset objects unloaded after import = 0

========================================================================
Received Import Request.
  Time since last request: 0.000020 seconds.
  path: Assets/Samples/Unity Web Browser/2.0.2/Basic/Prefabs/UnityWebBrowser.prefab
  artifactKey: Guid(eb44fadbfd943194e85df7faf3a9dc5b) Importer(2089858483,797179f86c6e516b54ff30bda720a719)
Start importing Assets/Samples/Unity Web Browser/2.0.2/Basic/Prefabs/UnityWebBrowser.prefab using Guid(eb44fadbfd943194e85df7faf3a9dc5b) Importer(2089858483,797179f86c6e516b54ff30bda720a719) (ScriptedImporter) -> (artifact id: 'cb757101ab3c870408168a019d6dae2f') in 0.2105562 seconds
Number of updated asset objects reloaded before import = 0Number of asset objects unloaded after import = 71

========================================================================
Received Import Request.
  Time since last request: 0.000017 seconds.
  path: Assets/Mirror/Runtime/Transport/Telepathy/Telepathy/VERSION
  artifactKey: Guid(d942af06608be434dbeeaa58207d20bd) Importer(2089858483,797179f86c6e516b54ff30bda720a719)
Start importing Assets/Mirror/Runtime/Transport/Telepathy/Telepathy/VERSION using Guid(d942af06608be434dbeeaa58207d20bd) Importer(2089858483,797179f86c6e516b54ff30bda720a719) (ScriptedImporter) -> (artifact id: '6086cf251a2254a2174760ca8a76e805') in 0.0939854 seconds
Number of updated asset objects reloaded before import = 0Number of asset objects unloaded after import = 1

========================================================================
Received Import Request.
  Time since last request: 0.000022 seconds.
  path: Assets/GPM/Common/Indicator/Scripts/Internal/Consts/Launching.cs
  artifactKey: Guid(ed2f7b90610f40c4ebb12ef6fb72cdd1) Importer(2089858483,797179f86c6e516b54ff30bda720a719)
Start importing Assets/GPM/Common/Indicator/Scripts/Internal/Consts/Launching.cs using Guid(ed2f7b90610f40c4ebb12ef6fb72cdd1) Importer(2089858483,797179f86c6e516b54ff30bda720a719) (ScriptedImporter) -> (artifact id: '68ee9f7f78eda764d3c17334e3ad672f') in 0.1153145 seconds
Number of updated asset objects reloaded before import = 0Number of asset objects unloaded after import = 0

========================================================================
Received Import Request.
  Time since last request: 0.000039 seconds.
  path: Assets/Mirror/Runtime/Transport/Telepathy/Telepathy/Client.cs
  artifactKey: Guid(a5b95294cc4ec4b15aacba57531c7985) Importer(2089858483,797179f86c6e516b54ff30bda720a719)
Start importing Assets/Mirror/Runtime/Transport/Telepathy/Telepathy/Client.cs using Guid(a5b95294cc4ec4b15aacba57531c7985) Importer(2089858483,797179f86c6e516b54ff30bda720a719) (ScriptedImporter) -> (artifact id: '97163cde1d03cc594baf6629a6bb5a1b') in 0.0761748 seconds
Number of updated asset objects reloaded before import = 0Number of asset objects unloaded after import = 0

========================================================================
Received Import Request.
  Time since last request: 0.000046 seconds.
  path: Assets/GPM/Common/ThirdParty/SharpCompress/Archives/Rar/RarArchiveEntryFactory.cs
  artifactKey: Guid(9fcfdf413df7ac141b8e4915d90472fd) Importer(2089858483,797179f86c6e516b54ff30bda720a719)
Start importing Assets/GPM/Common/ThirdParty/SharpCompress/Archives/Rar/RarArchiveEntryFactory.cs using Guid(9fcfdf413df7ac141b8e4915d90472fd) Importer(2089858483,797179f86c6e516b54ff30bda720a719) (ScriptedImporter) -> (artifact id: '22a07e0a3283d57367647c19bbf50e05') in 0.1848096 seconds
Number of updated asset objects reloaded before import = 0Number of asset objects unloaded after import = 0

========================================================================
Received Import Request.
  Time since last request: 0.000035 seconds.
  path: Assets/GPM/Common/ThirdParty/SharpCompress/Archives/Tar/TarArchive.cs
  artifactKey: Guid(fe521e25bc7d2254eb8798dbd8a6bd82) Importer(2089858483,797179f86c6e516b54ff30bda720a719)
Start importing Assets/GPM/Common/ThirdParty/SharpCompress/Archives/Tar/TarArchive.cs using Guid(fe521e25bc7d2254eb8798dbd8a6bd82) Importer(2089858483,797179f86c6e516b54ff30bda720a719) (ScriptedImporter) -> (artifact id: 'bc4a2459612ffd5abccba59b7c183a7e') in 0.1219038 seconds
Number of updated asset objects reloaded before import = 0Number of asset objects unloaded after import = 0

========================================================================
Received Import Request.
  Time since last request: 0.000062 seconds.
  path: Assets/Mirror/Runtime/Transport/Telepathy/Telepathy/NetworkStreamExtensions.cs
  artifactKey: Guid(7a8076c43fa8d4d45831adae232d4d3c) Importer(2089858483,797179f86c6e516b54ff30bda720a719)
Start importing Assets/Mirror/Runtime/Transport/Telepathy/Telepathy/NetworkStreamExtensions.cs using Guid(7a8076c43fa8d4d45831adae232d4d3c) Importer(2089858483,797179f86c6e516b54ff30bda720a719) (ScriptedImporter) -> (artifact id: '780618702fcb25be0ace791dd47b1bc8') in 0.083821 seconds
Number of updated asset objects reloaded before import = 0Number of asset objects unloaded after import = 0

========================================================================
Received Import Request.
  Time since last request: 0.000056 seconds.
  path: Assets/Samples/Unity Web Browser/2.0.2/Basic/Materials/right-arrow.png
  artifactKey: Guid(141a7ffeedfaaa14d81c3aec08c6aed9) Importer(2089858483,797179f86c6e516b54ff30bda720a719)
Start importing Assets/Samples/Unity Web Browser/2.0.2/Basic/Materials/right-arrow.png using Guid(141a7ffeedfaaa14d81c3aec08c6aed9) Importer(2089858483,797179f86c6e516b54ff30bda720a719) (ScriptedImporter) -> (artifact id: 'ef2a560f78c7997d770eab80da58601b') in 0.0983296 seconds
Number of updated asset objects reloaded before import = 0Number of asset objects unloaded after import = 2

========================================================================
Received Import Request.
  Time since last request: 0.000016 seconds.
  path: Assets/GPM/Common/ThirdParty/SharpCompress/Common/Rar/RarCryptoWrapper.cs
  artifactKey: Guid(f01cc3dbb50550b49b22372fd125a33b) Importer(2089858483,797179f86c6e516b54ff30bda720a719)
Start importing Assets/GPM/Common/ThirdParty/SharpCompress/Common/Rar/RarCryptoWrapper.cs using Guid(f01cc3dbb50550b49b22372fd125a33b) Importer(2089858483,797179f86c6e516b54ff30bda720a719) (ScriptedImporter) -> (artifact id: '1860e2e4b5e11a7a20a0bc43109b8bcb') in 0.1187273 seconds
Number of updated asset objects reloaded before import = 0Number of asset objects unloaded after import = 0

========================================================================
Received Import Request.
  Time since last request: 0.000070 seconds.
  path: Assets/GPM/Common/ThirdParty/SharpCompress/Common/Tar/TarReadOnlySubStream.cs
  artifactKey: Guid(ab8b9c54976760443890e43c37a5af75) Importer(2089858483,797179f86c6e516b54ff30bda720a719)
Start importing Assets/GPM/Common/ThirdParty/SharpCompress/Common/Tar/TarReadOnlySubStream.cs using Guid(ab8b9c54976760443890e43c37a5af75) Importer(2089858483,797179f86c6e516b54ff30bda720a719) (ScriptedImporter) -> (artifact id: 'a2735d7259d7275f04d4f8504629b7b4') in 0.097968 seconds
Number of updated asset objects reloaded before import = 0Number of asset objects unloaded after import = 0

========================================================================
Received Import Request.
  Time since last request: 0.000025 seconds.
  path: Assets/GPM/Common/ThirdParty/SharpCompress/Common/SevenZip/ArchiveReader.cs
  artifactKey: Guid(fd7b0ae95aa11e14fbf2b2c7956c1ec9) Importer(2089858483,797179f86c6e516b54ff30bda720a719)
Start importing Assets/GPM/Common/ThirdParty/SharpCompress/Common/SevenZip/ArchiveReader.cs using Guid(fd7b0ae95aa11e14fbf2b2c7956c1ec9) Importer(2089858483,797179f86c6e516b54ff30bda720a719) (ScriptedImporter) -> (artifact id: '5dc9c9cafd3369cdca57a83c3dfc320f') in 0.1782124 seconds
Number of updated asset objects reloaded before import = 0Number of asset objects unloaded after import = 0

========================================================================
Received Import Request.
  Time since last request: 0.000053 seconds.
  path: Assets/GPM/Common/ThirdParty/SharpCompress/Archives/SevenZip/SevenZipArchiveEntry.cs
  artifactKey: Guid(0534fce05c8afec46a93391e883b4ecc) Importer(2089858483,797179f86c6e516b54ff30bda720a719)
Start importing Assets/GPM/Common/ThirdParty/SharpCompress/Archives/SevenZip/SevenZipArchiveEntry.cs using Guid(0534fce05c8afec46a93391e883b4ecc) Importer(2089858483,797179f86c6e516b54ff30bda720a719) (ScriptedImporter) -> (artifact id: 'f83d3386236e4f1f67fc2cac465ea210') in 0.1528365 seconds
Number of updated asset objects reloaded before import = 0Number of asset objects unloaded after import = 0

========================================================================
Received Import Request.
  Time since last request: 0.000026 seconds.
  path: Assets/GPM/Common/ThirdParty/SharpCompress/Common/Zip/ZipHeaderFactory.cs
  artifactKey: Guid(f9505e7273baffa4d92d3896d4d13df4) Importer(2089858483,797179f86c6e516b54ff30bda720a719)
Start importing Assets/GPM/Common/ThirdParty/SharpCompress/Common/Zip/ZipHeaderFactory.cs using Guid(f9505e7273baffa4d92d3896d4d13df4) Importer(2089858483,797179f86c6e516b54ff30bda720a719) (ScriptedImporter) -> (artifact id: 'ecd368185dbb7ee63bcca1710dfe7f48') in 0.0692759 seconds
Number of updated asset objects reloaded before import = 0Number of asset objects unloaded after import = 0

========================================================================
Received Import Request.
  Time since last request: 0.000058 seconds.
  path: Assets/GPM/Common/ThirdParty/SharpCompress/Common/Zip/ZipEntry.cs
  artifactKey: Guid(bed1763baceedfd48b7e8a4764bd646d) Importer(2089858483,797179f86c6e516b54ff30bda720a719)
Start importing Assets/GPM/Common/ThirdParty/SharpCompress/Common/Zip/ZipEntry.cs using Guid(bed1763baceedfd48b7e8a4764bd646d) Importer(2089858483,797179f86c6e516b54ff30bda720a719) (ScriptedImporter) -> (artifact id: '2121d4ecc98908c69b68be1e2dd93114') in 0.0968762 seconds
Number of updated asset objects reloaded before import = 0Number of asset objects unloaded after import = 0

========================================================================
Received Import Request.
  Time since last request: 0.000051 seconds.
  path: Assets/GPM/Common/ThirdParty/SharpCompress/Common/Zip/PkwareTraditionalEncryptionData.cs
  artifactKey: Guid(053092a823cc8ce4dad5a5c8de18d505) Importer(2089858483,797179f86c6e516b54ff30bda720a719)
Start importing Assets/GPM/Common/ThirdParty/SharpCompress/Common/Zip/PkwareTraditionalEncryptionData.cs using Guid(053092a823cc8ce4dad5a5c8de18d505) Importer(2089858483,797179f86c6e516b54ff30bda720a719) (ScriptedImporter) -> (artifact id: 'b8fc45b64868e7cd976719f060afeb73') in 0.0992626 seconds
Number of updated asset objects reloaded before import = 0Number of asset objects unloaded after import = 0

========================================================================
Received Import Request.
  Time since last request: 0.000049 seconds.
  path: Assets/Mirror/Examples/MultipleAdditiveScenes/Models/Icosphere/Icosphere.obj
  artifactKey: Guid(1fe56a0e685b8434ebfeb53c69b59a5e) Importer(2089858483,797179f86c6e516b54ff30bda720a719)
Start importing Assets/Mirror/Examples/MultipleAdditiveScenes/Models/Icosphere/Icosphere.obj using Guid(1fe56a0e685b8434ebfeb53c69b59a5e) Importer(2089858483,797179f86c6e516b54ff30bda720a719) (ScriptedImporter) -> (artifact id: '05ba9661e868b751ee664c640d97a9a7') in 0.0868025 seconds
Number of updated asset objects reloaded before import = 0Number of asset objects unloaded after import = 10

========================================================================
Received Import Request.
  Time since last request: 0.000016 seconds.
  path: Assets/GPM/Common/ThirdParty/SharpCompress/Common/SevenZip/CBindPair.cs
  artifactKey: Guid(a53cef64733524e449ec9129ccf49c6e) Importer(2089858483,797179f86c6e516b54ff30bda720a719)
Start importing Assets/GPM/Common/ThirdParty/SharpCompress/Common/SevenZip/CBindPair.cs using Guid(a53cef64733524e449ec9129ccf49c6e) Importer(2089858483,797179f86c6e516b54ff30bda720a719) (ScriptedImporter) -> (artifact id: '0857c987e5910f5294f2a7a11a0ff479') in 0.0489204 seconds
Number of updated asset objects reloaded before import = 0Number of asset objects unloaded after import = 0

========================================================================
Received Import Request.
  Time since last request: 0.000053 seconds.
  path: Assets/GPM/Common/ThirdParty/SharpCompress/Archives/Zip/ZipArchive.cs
  artifactKey: Guid(03d910ef79c36fc4eb8682e0130940c5) Importer(2089858483,797179f86c6e516b54ff30bda720a719)
Start importing Assets/GPM/Common/ThirdParty/SharpCompress/Archives/Zip/ZipArchive.cs using Guid(03d910ef79c36fc4eb8682e0130940c5) Importer(2089858483,797179f86c6e516b54ff30bda720a719) (ScriptedImporter) -> (artifact id: '29d4f68d4be9ec7697c6fe4f9218bf1e') in 0.0838652 seconds
Number of updated asset objects reloaded before import = 0Number of asset objects unloaded after import = 0

========================================================================
Received Import Request.
  Time since last request: 0.000090 seconds.
  path: Assets/GPM/Common/ThirdParty/SharpCompress/Compressors/Deflate/ZlibCodec.cs
  artifactKey: Guid(faba6ea7c85386f48bd56fd572f6cd8d) Importer(2089858483,797179f86c6e516b54ff30bda720a719)
Start importing Assets/GPM/Common/ThirdParty/SharpCompress/Compressors/Deflate/ZlibCodec.cs using Guid(faba6ea7c85386f48bd56fd572f6cd8d) Importer(2089858483,797179f86c6e516b54ff30bda720a719) (ScriptedImporter) -> (artifact id: 'b033e671023a07824e61c58db5ec3abf') in 0.1056483 seconds
Number of updated asset objects reloaded before import = 0Number of asset objects unloaded after import = 0

========================================================================
Received Import Request.
  Time since last request: 0.000031 seconds.
  path: Assets/GPM/Common/ThirdParty/SharpCompress/Compressors/LZMA/CRC.cs
  artifactKey: Guid(9b0c166f546226349b6625ecd861f3ea) Importer(2089858483,797179f86c6e516b54ff30bda720a719)
Start importing Assets/GPM/Common/ThirdParty/SharpCompress/Compressors/LZMA/CRC.cs using Guid(9b0c166f546226349b6625ecd861f3ea) Importer(2089858483,797179f86c6e516b54ff30bda720a719) (ScriptedImporter) -> (artifact id: '17e2dbef5e2afa8733941341a63fefc9') in 0.0849635 seconds
Number of updated asset objects reloaded before import = 0Number of asset objects unloaded after import = 0

========================================================================
Received Import Request.
  Time since last request: 0.000053 seconds.
  path: Assets/GPM/Common/ThirdParty/SharpCompress/Compressors/Deflate64/BlockType.cs
  artifactKey: Guid(adbd38e4c882afd48ba550b91e10e104) Importer(2089858483,797179f86c6e516b54ff30bda720a719)
Start importing Assets/GPM/Common/ThirdParty/SharpCompress/Compressors/Deflate64/BlockType.cs using Guid(adbd38e4c882afd48ba550b91e10e104) Importer(2089858483,797179f86c6e516b54ff30bda720a719) (ScriptedImporter) -> (artifact id: '4692a6f7e7a428488f14d3153ff8ae65') in 0.096154 seconds
Number of updated asset objects reloaded before import = 0Number of asset objects unloaded after import = 0

========================================================================
Received Import Request.
  Time since last request: 0.000044 seconds.
  path: Assets/GPM/Common/ThirdParty/SharpCompress/Compressors/Deflate64/Match.cs
  artifactKey: Guid(6ba851c757d5823409a6831686be49a7) Importer(2089858483,797179f86c6e516b54ff30bda720a719)
Start importing Assets/GPM/Common/ThirdParty/SharpCompress/Compressors/Deflate64/Match.cs using Guid(6ba851c757d5823409a6831686be49a7) Importer(2089858483,797179f86c6e516b54ff30bda720a719) (ScriptedImporter) -> (artifact id: '8169570517f043653056ab20346d03cc') in 0.1056485 seconds
Number of updated asset objects reloaded before import = 0Number of asset objects unloaded after import = 0

========================================================================
Received Import Request.
  Time since last request: 0.000089 seconds.
  path: Assets/GPM/Common/ThirdParty/SharpCompress/Compressors/Deflate64/InflaterState.cs
  artifactKey: Guid(38e0a0b921bbf3d4d9d597eaae3f0876) Importer(2089858483,797179f86c6e516b54ff30bda720a719)
Start importing Assets/GPM/Common/ThirdParty/SharpCompress/Compressors/Deflate64/InflaterState.cs using Guid(38e0a0b921bbf3d4d9d597eaae3f0876) Importer(2089858483,797179f86c6e516b54ff30bda720a719) (ScriptedImporter) -> (artifact id: 'd89198f84eeb31c0062f376923983dc3') in 0.0841849 seconds
Number of updated asset objects reloaded before import = 0Number of asset objects unloaded after import = 0

========================================================================
Received Import Request.
  Time since last request: 0.000013 seconds.
  path: Assets/GPM/Common/ThirdParty/SharpCompress/Common/ExtractionMethods.cs
  artifactKey: Guid(b9642d94a84e163489cd0e9bb7db32e7) Importer(2089858483,797179f86c6e516b54ff30bda720a719)
Start importing Assets/GPM/Common/ThirdParty/SharpCompress/Common/ExtractionMethods.cs using Guid(b9642d94a84e163489cd0e9bb7db32e7) Importer(2089858483,797179f86c6e516b54ff30bda720a719) (ScriptedImporter) -> (artifact id: '761ec8282b85aaff2832650045cad2e8') in 0.1639939 seconds
Number of updated asset objects reloaded before import = 0Number of asset objects unloaded after import = 0

========================================================================
Received Import Request.
  Time since last request: 0.000059 seconds.
  path: Assets/GPM/Common/ThirdParty/SharpCompress/Compressors/Xz/XZHeader.cs
  artifactKey: Guid(49121ec82b5a79f4db00ced5ec5ae77b) Importer(2089858483,797179f86c6e516b54ff30bda720a719)
Start importing Assets/GPM/Common/ThirdParty/SharpCompress/Compressors/Xz/XZHeader.cs using Guid(49121ec82b5a79f4db00ced5ec5ae77b) Importer(2089858483,797179f86c6e516b54ff30bda720a719) (ScriptedImporter) -> (artifact id: '136c839a158f0539c0336d57ccccb9ec') in 0.0978925 seconds
Number of updated asset objects reloaded before import = 0Number of asset objects unloaded after import = 0

========================================================================
Received Import Request.
  Time since last request: 0.000043 seconds.
  path: Assets/GPM/Common/ThirdParty/SharpCompress/Readers/GZip/GZipReader.cs
  artifactKey: Guid(546c6f0fc7d6cd74cb2ed1db93e59132) Importer(2089858483,797179f86c6e516b54ff30bda720a719)
Start importing Assets/GPM/Common/ThirdParty/SharpCompress/Readers/GZip/GZipReader.cs using Guid(546c6f0fc7d6cd74cb2ed1db93e59132) Importer(2089858483,797179f86c6e516b54ff30bda720a719) (ScriptedImporter) -> (artifact id: '5af95480897d95048d66c04cec96b30b') in 0.0682292 seconds
Number of updated asset objects reloaded before import = 0Number of asset objects unloaded after import = 0

========================================================================
Received Import Request.
  Time since last request: 0.000061 seconds.
  path: Assets/GPM/Common/ThirdParty/SharpCompress/Compressors/Xz/XZIndex.cs
  artifactKey: Guid(8c5826e5dc1f4bb4b96bf62486a38661) Importer(2089858483,797179f86c6e516b54ff30bda720a719)
Start importing Assets/GPM/Common/ThirdParty/SharpCompress/Compressors/Xz/XZIndex.cs using Guid(8c5826e5dc1f4bb4b96bf62486a38661) Importer(2089858483,797179f86c6e516b54ff30bda720a719) (ScriptedImporter) -> (artifact id: '0cd6145987453a76e2f48a436a9246cf') in 0.0790036 seconds
Number of updated asset objects reloaded before import = 0Number of asset objects unloaded after import = 0

========================================================================
Received Import Request.
  Time since last request: 0.000049 seconds.
  path: Assets/GPM/Common/ThirdParty/SharpCompress/Compressors/Xz/CheckType.cs
  artifactKey: Guid(77e5c3eeec568b34384c4135da355080) Importer(2089858483,797179f86c6e516b54ff30bda720a719)
Start importing Assets/GPM/Common/ThirdParty/SharpCompress/Compressors/Xz/CheckType.cs using Guid(77e5c3eeec568b34384c4135da355080) Importer(2089858483,797179f86c6e516b54ff30bda720a719) (ScriptedImporter) -> (artifact id: 'e8cb85efb44270717124a0dcf4bb00fe') in 0.079639 seconds
Number of updated asset objects reloaded before import = 0Number of asset objects unloaded after import = 0

========================================================================
Received Import Request.
  Time since last request: 0.000014 seconds.
  path: Assets/GPM/Common/ThirdParty/SharpCompress/Compressors/Rar/IRarUnpack.cs
  artifactKey: Guid(e50c11ff4e4b71c4cb7dab9a550e6f3b) Importer(2089858483,797179f86c6e516b54ff30bda720a719)
Start importing Assets/GPM/Common/ThirdParty/SharpCompress/Compressors/Rar/IRarUnpack.cs using Guid(e50c11ff4e4b71c4cb7dab9a550e6f3b) Importer(2089858483,797179f86c6e516b54ff30bda720a719) (ScriptedImporter) -> (artifact id: '3507710fb263942b59812bf022daaa0e') in 0.0671507 seconds
Number of updated asset objects reloaded before import = 0Number of asset objects unloaded after import = 0

========================================================================
Received Import Request.
  Time since last request: 0.000017 seconds.
  path: Assets/GPM/Communicator/Plugins/IOS/GpmCommunicatorPlugin/Internal/GPMMessageReceiver.mm
  artifactKey: Guid(dc05b06a19dab42eeb30bf77e4cda46b) Importer(2089858483,797179f86c6e516b54ff30bda720a719)
Start importing Assets/GPM/Communicator/Plugins/IOS/GpmCommunicatorPlugin/Internal/GPMMessageReceiver.mm using Guid(dc05b06a19dab42eeb30bf77e4cda46b) Importer(2089858483,797179f86c6e516b54ff30bda720a719) (ScriptedImporter) -> (artifact id: '0383e95fcac5ee6d2d4faaf8a4e19f5b') in 0.0767895 seconds
Number of updated asset objects reloaded before import = 0Number of asset objects unloaded after import = 0

========================================================================
Received Import Request.
  Time since last request: 0.000020 seconds.
  path: Assets/GPM/WebView/Plugins/IOS/GpmWebViewPlugin/Util/GPMWebViewJsonUtil.mm
  artifactKey: Guid(255134817070949dcbf96fc3c7fc222b) Importer(2089858483,797179f86c6e516b54ff30bda720a719)
Start importing Assets/GPM/WebView/Plugins/IOS/GpmWebViewPlugin/Util/GPMWebViewJsonUtil.mm using Guid(255134817070949dcbf96fc3c7fc222b) Importer(2089858483,797179f86c6e516b54ff30bda720a719) (ScriptedImporter) -> (artifact id: '3892601f33fa2351dfd548440a09801a') in 0.0872821 seconds
Number of updated asset objects reloaded before import = 0Number of asset objects unloaded after import = 0

========================================================================
Received Import Request.
  Time since last request: 0.000081 seconds.
  path: Assets/GPM/Common/ThirdParty/SharpCompress/Writers/GZip/GZipWriterOptions.cs
  artifactKey: Guid(49cec027402214d42b01b58c77382fc7) Importer(2089858483,797179f86c6e516b54ff30bda720a719)
Start importing Assets/GPM/Common/ThirdParty/SharpCompress/Writers/GZip/GZipWriterOptions.cs using Guid(49cec027402214d42b01b58c77382fc7) Importer(2089858483,797179f86c6e516b54ff30bda720a719) (ScriptedImporter) -> (artifact id: '350cf9708dd45b4a1d4ad8ac97f91e3c') in 0.0749994 seconds
Number of updated asset objects reloaded before import = 0Number of asset objects unloaded after import = 0

========================================================================
Received Import Request.
  Time since last request: 0.000074 seconds.
  path: Assets/GPM/Communicator/Plugins/IOS/GpmCommunicatorPlugin/Internal/GPMCommunicator.h
  artifactKey: Guid(f2a1805fc84cc4e709e9075309aaefe2) Importer(2089858483,797179f86c6e516b54ff30bda720a719)
Start importing Assets/GPM/Communicator/Plugins/IOS/GpmCommunicatorPlugin/Internal/GPMCommunicator.h using Guid(f2a1805fc84cc4e709e9075309aaefe2) Importer(2089858483,797179f86c6e516b54ff30bda720a719) (ScriptedImporter) -> (artifact id: '1fcdd786b174c0859f124a640cbe394e') in 0.1540138 seconds
Number of updated asset objects reloaded before import = 0Number of asset objects unloaded after import = 0

========================================================================
Received Import Request.
  Time since last request: 0.000048 seconds.
  path: Assets/GPM/Common/ThirdParty/SharpCompress/Readers/Rar/RarReaderVolume.cs
  artifactKey: Guid(c203e87ad64954d49a6c0de6e1beaace) Importer(2089858483,797179f86c6e516b54ff30bda720a719)
Start importing Assets/GPM/Common/ThirdParty/SharpCompress/Readers/Rar/RarReaderVolume.cs using Guid(c203e87ad64954d49a6c0de6e1beaace) Importer(2089858483,797179f86c6e516b54ff30bda720a719) (ScriptedImporter) -> (artifact id: '2c111c1d324b11eacae7c5de8a5e0abb') in 0.1808919 seconds
Number of updated asset objects reloaded before import = 0Number of asset objects unloaded after import = 0

========================================================================
Received Import Request.
  Time since last request: 0.000038 seconds.
  path: Assets/Mirror/Runtime/Transport/Telepathy/Telepathy/Empty/SafeQueue.cs
  artifactKey: Guid(8fc06e2fb29854a0c9e90c0188d36a08) Importer(2089858483,797179f86c6e516b54ff30bda720a719)
Start importing Assets/Mirror/Runtime/Transport/Telepathy/Telepathy/Empty/SafeQueue.cs using Guid(8fc06e2fb29854a0c9e90c0188d36a08) Importer(2089858483,797179f86c6e516b54ff30bda720a719) (ScriptedImporter) -> (artifact id: '5b851717225ad3aa566b515434b0e186') in 0.1363655 seconds
Number of updated asset objects reloaded before import = 0Number of asset objects unloaded after import = 0

========================================================================
Received Import Request.
  Time since last request: 0.000056 seconds.
  path: Assets/Mirror/Runtime/Transport/Telepathy/Telepathy/Empty/Message.cs
  artifactKey: Guid(aedf812e9637b4f92a35db1aedca8c92) Importer(2089858483,797179f86c6e516b54ff30bda720a719)
Start importing Assets/Mirror/Runtime/Transport/Telepathy/Telepathy/Empty/Message.cs using Guid(aedf812e9637b4f92a35db1aedca8c92) Importer(2089858483,797179f86c6e516b54ff30bda720a719) (ScriptedImporter) -> (artifact id: '13e1a68973ea9d863f908ea314f368c8') in 0.076699 seconds
Number of updated asset objects reloaded before import = 0Number of asset objects unloaded after import = 0

========================================================================
Received Import Request.
  Time since last request: 0.000013 seconds.
  path: Assets/Mirror/Runtime/Transport/SimpleWebTransport/Client/StandAlone/WebSocketClientStandAlone.cs
  artifactKey: Guid(05a9c87dea309e241a9185e5aa0d72ab) Importer(2089858483,797179f86c6e516b54ff30bda720a719)
Start importing Assets/Mirror/Runtime/Transport/SimpleWebTransport/Client/StandAlone/WebSocketClientStandAlone.cs using Guid(05a9c87dea309e241a9185e5aa0d72ab) Importer(2089858483,797179f86c6e516b54ff30bda720a719) (ScriptedImporter) -> (artifact id: '38a22e7891a78cca1e3879214dc79d32') in 0.08965 seconds
Number of updated asset objects reloaded before import = 0Number of asset objects unloaded after import = 0

========================================================================
Received Import Request.
  Time since last request: 0.000039 seconds.
  path: Assets/GPM/Common/ThirdParty/SharpCompress/Common/Rar/Headers/ArchiveCryptHeader.cs
  artifactKey: Guid(1c433d54dcead0a448d4dd0b6ed653a8) Importer(2089858483,797179f86c6e516b54ff30bda720a719)
Start importing Assets/GPM/Common/ThirdParty/SharpCompress/Common/Rar/Headers/ArchiveCryptHeader.cs using Guid(1c433d54dcead0a448d4dd0b6ed653a8) Importer(2089858483,797179f86c6e516b54ff30bda720a719) (ScriptedImporter) -> (artifact id: '8bc24977e90cd7e3ff25cbe930511f74') in 0.1311349 seconds
Number of updated asset objects reloaded before import = 0Number of asset objects unloaded after import = 0

========================================================================
Received Import Request.
  Time since last request: 0.000060 seconds.
  path: Assets/GPM/Common/ThirdParty/SharpCompress/Compressors/LZMA/LzmaEncoder.cs
  artifactKey: Guid(f6912a9d0e1ae9e4796c47bc67a24405) Importer(2089858483,797179f86c6e516b54ff30bda720a719)
Start importing Assets/GPM/Common/ThirdParty/SharpCompress/Compressors/LZMA/LzmaEncoder.cs using Guid(f6912a9d0e1ae9e4796c47bc67a24405) Importer(2089858483,797179f86c6e516b54ff30bda720a719) (ScriptedImporter) -> (artifact id: '7f354e1e65b2df9a59f18e49677284e8') in 0.0962053 seconds
Number of updated asset objects reloaded before import = 0Number of asset objects unloaded after import = 0

========================================================================
Received Import Request.
  Time since last request: 0.000064 seconds.
  path: Assets/GPM/Common/ThirdParty/SharpCompress/Common/Tar/Headers/EntryType.cs
  artifactKey: Guid(ad740b6cc107c0149b4c2bf7d789c2bf) Importer(2089858483,797179f86c6e516b54ff30bda720a719)
Start importing Assets/GPM/Common/ThirdParty/SharpCompress/Common/Tar/Headers/EntryType.cs using Guid(ad740b6cc107c0149b4c2bf7d789c2bf) Importer(2089858483,797179f86c6e516b54ff30bda720a719) (ScriptedImporter) -> (artifact id: 'd58c4f91ace56007e0b4c355cdfc8849') in 0.1480854 seconds
Number of updated asset objects reloaded before import = 0Number of asset objects unloaded after import = 0

========================================================================
Received Import Request.
  Time since last request: 0.000037 seconds.
  path: Assets/GPM/Common/ThirdParty/SharpCompress/Compressors/LZMA/RangeCoder/RangeCoder.cs
  artifactKey: Guid(6b8f911c8d5072f43a22f0eccc495785) Importer(2089858483,797179f86c6e516b54ff30bda720a719)
Start importing Assets/GPM/Common/ThirdParty/SharpCompress/Compressors/LZMA/RangeCoder/RangeCoder.cs using Guid(6b8f911c8d5072f43a22f0eccc495785) Importer(2089858483,797179f86c6e516b54ff30bda720a719) (ScriptedImporter) -> (artifact id: 'a3790758fb405bc2c06df988151b551a') in 0.2518087 seconds
Number of updated asset objects reloaded before import = 0Number of asset objects unloaded after import = 0

========================================================================
Received Import Request.
  Time since last request: 0.000023 seconds.
  path: Assets/GPM/Common/ThirdParty/SharpCompress/Compressors/PPMd/H/ModelPPM.cs
  artifactKey: Guid(2cb84f475fea79347870a6066b7734b3) Importer(2089858483,797179f86c6e516b54ff30bda720a719)
Start importing Assets/GPM/Common/ThirdParty/SharpCompress/Compressors/PPMd/H/ModelPPM.cs using Guid(2cb84f475fea79347870a6066b7734b3) Importer(2089858483,797179f86c6e516b54ff30bda720a719) (ScriptedImporter) -> (artifact id: 'b777d9c5208a4ff8121fd9e378b5f8b6') in 0.101771 seconds
Number of updated asset objects reloaded before import = 0Number of asset objects unloaded after import = 0

========================================================================
Received Import Request.
  Time since last request: 0.000012 seconds.
  path: Assets/GPM/Common/ThirdParty/SharpCompress/Compressors/PPMd/I1/Coder.cs
  artifactKey: Guid(2c52520bc09bf9648a8ecc33c82f951a) Importer(2089858483,797179f86c6e516b54ff30bda720a719)
Start importing Assets/GPM/Common/ThirdParty/SharpCompress/Compressors/PPMd/I1/Coder.cs using Guid(2c52520bc09bf9648a8ecc33c82f951a) Importer(2089858483,797179f86c6e516b54ff30bda720a719) (ScriptedImporter) -> (artifact id: '26f73757e8c583fd0eae51d08a32b5da') in 0.1352326 seconds
Number of updated asset objects reloaded before import = 0Number of asset objects unloaded after import = 0

========================================================================
Received Import Request.
  Time since last request: 0.000060 seconds.
  path: Assets/GPM/Common/ThirdParty/SharpCompress/Compressors/PPMd/I1/Allocator.cs
  artifactKey: Guid(31e33dba273b3d04dad7caee53070ccb) Importer(2089858483,797179f86c6e516b54ff30bda720a719)
Start importing Assets/GPM/Common/ThirdParty/SharpCompress/Compressors/PPMd/I1/Allocator.cs using Guid(31e33dba273b3d04dad7caee53070ccb) Importer(2089858483,797179f86c6e516b54ff30bda720a719) (ScriptedImporter) -> (artifact id: 'cb7ac4f4488fce0b36e522922ba34ed8') in 0.094564 seconds
Number of updated asset objects reloaded before import = 0Number of asset objects unloaded after import = 0

========================================================================
Received Import Request.
  Time since last request: 0.000072 seconds.
  path: Assets/GPM/Common/ThirdParty/SharpCompress/Compressors/PPMd/H/Pointer.cs
  artifactKey: Guid(eee5e87fc0258274f9e051601677047f) Importer(2089858483,797179f86c6e516b54ff30bda720a719)
Start importing Assets/GPM/Common/ThirdParty/SharpCompress/Compressors/PPMd/H/Pointer.cs using Guid(eee5e87fc0258274f9e051601677047f) Importer(2089858483,797179f86c6e516b54ff30bda720a719) (ScriptedImporter) -> (artifact id: 'bccee1c63a03c6c7e9185d16a218b47a') in 0.0912015 seconds
Number of updated asset objects reloaded before import = 0Number of asset objects unloaded after import = 0

========================================================================
Received Import Request.
  Time since last request: 0.000034 seconds.
  path: Assets/GPM/Common/ThirdParty/SharpCompress/Compressors/PPMd/I1/Model.cs
  artifactKey: Guid(03748d0bd928d7f4f8dbb42da7329308) Importer(2089858483,797179f86c6e516b54ff30bda720a719)
Start importing Assets/GPM/Common/ThirdParty/SharpCompress/Compressors/PPMd/I1/Model.cs using Guid(03748d0bd928d7f4f8dbb42da7329308) Importer(2089858483,797179f86c6e516b54ff30bda720a719) (ScriptedImporter) -> (artifact id: 'ac8abc2b049b76289681282937035a3b') in 0.068931 seconds
Number of updated asset objects reloaded before import = 0Number of asset objects unloaded after import = 0

========================================================================
Received Import Request.
  Time since last request: 0.000061 seconds.
  path: Assets/GPM/Common/ThirdParty/SharpCompress/Common/Rar/Headers/RarHeader.cs
  artifactKey: Guid(525f39be78dea3345860a0c7056e5998) Importer(2089858483,797179f86c6e516b54ff30bda720a719)
Start importing Assets/GPM/Common/ThirdParty/SharpCompress/Common/Rar/Headers/RarHeader.cs using Guid(525f39be78dea3345860a0c7056e5998) Importer(2089858483,797179f86c6e516b54ff30bda720a719) (ScriptedImporter) -> (artifact id: 'e96412a77150f32fdf32a9cf11e06ffc') in 0.0931455 seconds
Number of updated asset objects reloaded before import = 0Number of asset objects unloaded after import = 0

========================================================================
Received Import Request.
  Time since last request: 0.000052 seconds.
  path: Assets/GPM/Common/ThirdParty/SharpCompress/Compressors/Deflate/DeflateStream.cs
  artifactKey: Guid(dbf004a00e5640d4ba324b67fcc490b9) Importer(2089858483,797179f86c6e516b54ff30bda720a719)
Start importing Assets/GPM/Common/ThirdParty/SharpCompress/Compressors/Deflate/DeflateStream.cs using Guid(dbf004a00e5640d4ba324b67fcc490b9) Importer(2089858483,797179f86c6e516b54ff30bda720a719) (ScriptedImporter) -> (artifact id: '3063bb5882b47199451957f973730c69') in 0.1358383 seconds
Number of updated asset objects reloaded before import = 0Number of asset objects unloaded after import = 0

========================================================================
Received Import Request.
  Time since last request: 0.000039 seconds.
  path: Assets/GPM/Common/ThirdParty/SharpCompress/Compressors/Rar/VM/VMCmdFlags.cs
  artifactKey: Guid(2b1136b2b19fc0a4da3dbaea4ca82383) Importer(2089858483,797179f86c6e516b54ff30bda720a719)
Start importing Assets/GPM/Common/ThirdParty/SharpCompress/Compressors/Rar/VM/VMCmdFlags.cs using Guid(2b1136b2b19fc0a4da3dbaea4ca82383) Importer(2089858483,797179f86c6e516b54ff30bda720a719) (ScriptedImporter) -> (artifact id: 'e31e3710f3ad80b330884830fc9d822a') in 0.0972427 seconds
Number of updated asset objects reloaded before import = 0Number of asset objects unloaded after import = 0

========================================================================
Received Import Request.
  Time since last request: 0.000014 seconds.
  path: Assets/GPM/Common/ThirdParty/SharpCompress/Compressors/Rar/UnpackV2017/Unpack.unpack15_cpp.cs
  artifactKey: Guid(ad5a47c675f2a5942b799fea9b286a62) Importer(2089858483,797179f86c6e516b54ff30bda720a719)
Start importing Assets/GPM/Common/ThirdParty/SharpCompress/Compressors/Rar/UnpackV2017/Unpack.unpack15_cpp.cs using Guid(ad5a47c675f2a5942b799fea9b286a62) Importer(2089858483,797179f86c6e516b54ff30bda720a719) (ScriptedImporter) -> (artifact id: 'f758bcf01df652dc834dcc62c90a9fec') in 0.0906713 seconds
Number of updated asset objects reloaded before import = 0Number of asset objects unloaded after import = 0

========================================================================
Received Import Request.
  Time since last request: 0.000051 seconds.
  path: Assets/GPM/Common/ThirdParty/SharpCompress/Compressors/Rar/VM/VMStandardFilterSignature.cs
  artifactKey: Guid(a053b28dd601b044d890dab7a229a210) Importer(2089858483,797179f86c6e516b54ff30bda720a719)
Start importing Assets/GPM/Common/ThirdParty/SharpCompress/Compressors/Rar/VM/VMStandardFilterSignature.cs using Guid(a053b28dd601b044d890dab7a229a210) Importer(2089858483,797179f86c6e516b54ff30bda720a719) (ScriptedImporter) -> (artifact id: '9d745e5d80f629356cec17bc027718df') in 0.1145926 seconds
Number of updated asset objects reloaded before import = 0Number of asset objects unloaded after import = 0

========================================================================
Received Import Request.
  Time since last request: 0.000038 seconds.
  path: Assets/GPM/Common/ThirdParty/SharpCompress/Compressors/Rar/VM/VMOpType.cs
  artifactKey: Guid(419a17c114b6f6944ac265b5e02fc896) Importer(2089858483,797179f86c6e516b54ff30bda720a719)
Start importing Assets/GPM/Common/ThirdParty/SharpCompress/Compressors/Rar/VM/VMOpType.cs using Guid(419a17c114b6f6944ac265b5e02fc896) Importer(2089858483,797179f86c6e516b54ff30bda720a719) (ScriptedImporter) -> (artifact id: '5d2c5760322ae3b835a0b0152e6bc6cb') in 0.1086658 seconds
Number of updated asset objects reloaded before import = 0Number of asset objects unloaded after import = 0

========================================================================
Received Import Request.
  Time since last request: 0.000041 seconds.
  path: Assets/GPM/Common/ThirdParty/SharpCompress/Compressors/Rar/UnpackV1/Decode/MultDecode.cs
  artifactKey: Guid(4c235da991c77944b8534327c9a148df) Importer(2089858483,797179f86c6e516b54ff30bda720a719)
Start importing Assets/GPM/Common/ThirdParty/SharpCompress/Compressors/Rar/UnpackV1/Decode/MultDecode.cs using Guid(4c235da991c77944b8534327c9a148df) Importer(2089858483,797179f86c6e516b54ff30bda720a719) (ScriptedImporter) -> (artifact id: 'c60be40b8ae64ac5ca8079cec04e84c1') in 0.1802565 seconds
Number of updated asset objects reloaded before import = 0Number of asset objects unloaded after import = 0

========================================================================
Received Import Request.
  Time since last request: 0.000087 seconds.
  path: Assets/GPM/Common/ThirdParty/SharpCompress/Compressors/Rar/UnpackV1/Decode/LitDecode.cs
  artifactKey: Guid(f6f234d7ba8ce6647ab5d321faaea009) Importer(2089858483,797179f86c6e516b54ff30bda720a719)
Start importing Assets/GPM/Common/ThirdParty/SharpCompress/Compressors/Rar/UnpackV1/Decode/LitDecode.cs using Guid(f6f234d7ba8ce6647ab5d321faaea009) Importer(2089858483,797179f86c6e516b54ff30bda720a719) (ScriptedImporter) -> (artifact id: '46830f21808ea3f978294ab2d71336a2') in 0.0819273 seconds
Number of updated asset objects reloaded before import = 0Number of asset objects unloaded after import = 0

========================================================================
Received Import Request.
  Time since last request: 0.000033 seconds.
  path: Assets/GPM/Common/ThirdParty/SharpCompress/Compressors/Rar/UnpackV1/Decode/CodeType.cs
  artifactKey: Guid(c1ab56d34c842c14eaa8caa3c1d76241) Importer(2089858483,797179f86c6e516b54ff30bda720a719)
Start importing Assets/GPM/Common/ThirdParty/SharpCompress/Compressors/Rar/UnpackV1/Decode/CodeType.cs using Guid(c1ab56d34c842c14eaa8caa3c1d76241) Importer(2089858483,797179f86c6e516b54ff30bda720a719) (ScriptedImporter) -> (artifact id: '8e3ba406c6bee0a518076ccb96e23b86') in 0.099879 seconds
Number of updated asset objects reloaded before import = 0Number of asset objects unloaded after import = 0

========================================================================
Received Import Request.
  Time since last request: 0.000014 seconds.
  path: Assets/GPM/Common/ThirdParty/SharpCompress/Compressors/Rar/UnpackV1/Decode/BitDecode.cs
  artifactKey: Guid(5425516f755c6ca4cb5f624d7d55b0b4) Importer(2089858483,797179f86c6e516b54ff30bda720a719)
Start importing Assets/GPM/Common/ThirdParty/SharpCompress/Compressors/Rar/UnpackV1/Decode/BitDecode.cs using Guid(5425516f755c6ca4cb5f624d7d55b0b4) Importer(2089858483,797179f86c6e516b54ff30bda720a719) (ScriptedImporter) -> (artifact id: '668bb795834927d2d88714b2816dfe7d') in 0.1060078 seconds
Number of updated asset objects reloaded before import = 0Number of asset objects unloaded after import = 0

========================================================================
Received Import Request.
  Time since last request: 0.000044 seconds.
  path: Assets/GPM/Common/ThirdParty/SharpCompress/Compressors/LZMA/Utilites/Utils.cs
  artifactKey: Guid(76d4cc61e48b843478f1eda1f67d05c2) Importer(2089858483,797179f86c6e516b54ff30bda720a719)
Start importing Assets/GPM/Common/ThirdParty/SharpCompress/Compressors/LZMA/Utilites/Utils.cs using Guid(76d4cc61e48b843478f1eda1f67d05c2) Importer(2089858483,797179f86c6e516b54ff30bda720a719) (ScriptedImporter) -> (artifact id: 'd1694c7129e3cc7243ffaebd12e70097') in 0.0664185 seconds
Number of updated asset objects reloaded before import = 0Number of asset objects unloaded after import = 0

========================================================================
Received Import Request.
  Time since last request: 0.000050 seconds.
  path: Assets/GPM/Common/ThirdParty/SharpCompress/Common/SevenZip/SevenZipVolume.cs
  artifactKey: Guid(528b10fb068b4e746845bc4d9565b19d) Importer(2089858483,797179f86c6e516b54ff30bda720a719)
Start importing Assets/GPM/Common/ThirdParty/SharpCompress/Common/SevenZip/SevenZipVolume.cs using Guid(528b10fb068b4e746845bc4d9565b19d) Importer(2089858483,797179f86c6e516b54ff30bda720a719) (ScriptedImporter) -> (artifact id: '8bb751b630ef60c3766806c61bf20a5d') in 0.132038 seconds
Number of updated asset objects reloaded before import = 0Number of asset objects unloaded after import = 0

========================================================================
Received Import Request.
  Time since last request: 0.000118 seconds.
  path: Assets/Mirror/Runtime/Transport/SimpleWebTransport/AssemblyInfo.cs
  artifactKey: Guid(ee9e76201f7665244bd6ab8ea343a83f) Importer(2089858483,797179f86c6e516b54ff30bda720a719)
Start importing Assets/Mirror/Runtime/Transport/SimpleWebTransport/AssemblyInfo.cs using Guid(ee9e76201f7665244bd6ab8ea343a83f) Importer(2089858483,797179f86c6e516b54ff30bda720a719) (ScriptedImporter) -> (artifact id: '29ef05f5c5bd37d6b66fa85e02c8ed10') in 0.117385 seconds
Number of updated asset objects reloaded before import = 0Number of asset objects unloaded after import = 0

========================================================================
Received Import Request.
  Time since last request: 0.000065 seconds.
  path: Assets/GPM/Common/ThirdParty/SharpCompress/Archives/IWritableArchiveEntry.cs
  artifactKey: Guid(539681fa799aebb458260cf856b199c8) Importer(2089858483,797179f86c6e516b54ff30bda720a719)
Start importing Assets/GPM/Common/ThirdParty/SharpCompress/Archives/IWritableArchiveEntry.cs using Guid(539681fa799aebb458260cf856b199c8) Importer(2089858483,797179f86c6e516b54ff30bda720a719) (ScriptedImporter) -> (artifact id: 'eb8355ed3b53658a70ceb7d7504d6759') in 0.1131242 seconds
Number of updated asset objects reloaded before import = 0Number of asset objects unloaded after import = 0

========================================================================
Received Import Request.
  Time since last request: 0.000034 seconds.
  path: Assets/MapToolPack/Maps Post 1.0/MapHomeRegionC.TGA
  artifactKey: Guid(ea466fc9d5ea5a64f98d3d488e471b2f) Importer(2089858483,797179f86c6e516b54ff30bda720a719)
Start importing Assets/MapToolPack/Maps Post 1.0/MapHomeRegionC.TGA using Guid(ea466fc9d5ea5a64f98d3d488e471b2f) Importer(2089858483,797179f86c6e516b54ff30bda720a719) (ScriptedImporter) -> (artifact id: '0fbe6fd119dc60ba7dcd768f2d8d36d3') in 0.1531994 seconds
Number of updated asset objects reloaded before import = 0Number of asset objects unloaded after import = 2

========================================================================
Received Import Request.
  Time since last request: 0.000015 seconds.
  path: Assets/Mirror/Runtime/MessagePacking.cs
  artifactKey: Guid(2db134099f0df4d96a84ae7a0cd9b4bc) Importer(2089858483,797179f86c6e516b54ff30bda720a719)
Start importing Assets/Mirror/Runtime/MessagePacking.cs using Guid(2db134099f0df4d96a84ae7a0cd9b4bc) Importer(2089858483,797179f86c6e516b54ff30bda720a719) (ScriptedImporter) -> (artifact id: '0e0977601fa71b416bf3e655f359b6f3') in 0.131329 seconds
Number of updated asset objects reloaded before import = 0Number of asset objects unloaded after import = 0

========================================================================
Received Import Request.
  Time since last request: 0.000024 seconds.
  path: Assets/Scripts/NewAccSubmit.cs
  artifactKey: Guid(fe4a5d918446bc245a5a5cabad8bf613) Importer(2089858483,797179f86c6e516b54ff30bda720a719)
Start importing Assets/Scripts/NewAccSubmit.cs using Guid(fe4a5d918446bc245a5a5cabad8bf613) Importer(2089858483,797179f86c6e516b54ff30bda720a719) (ScriptedImporter) -> (artifact id: 'fd7a98e8f517b25d95bc1faadf86afdd') in 0.1481622 seconds
Number of updated asset objects reloaded before import = 0Number of asset objects unloaded after import = 0

========================================================================
Received Import Request.
  Time since last request: 0.000048 seconds.
  path: Assets/MapToolPack/Resources/MapIcons/MapIconForwardBase3Warden.png
  artifactKey: Guid(11103099d7302e149af76a55fcdf3fdf) Importer(2089858483,797179f86c6e516b54ff30bda720a719)
Start importing Assets/MapToolPack/Resources/MapIcons/MapIconForwardBase3Warden.png using Guid(11103099d7302e149af76a55fcdf3fdf) Importer(2089858483,797179f86c6e516b54ff30bda720a719) (ScriptedImporter) -> (artifact id: 'dcd73b05de30c575633c9417d9b20787') in 0.153299 seconds
Number of updated asset objects reloaded before import = 0Number of asset objects unloaded after import = 2

========================================================================
Received Import Request.
  Time since last request: 0.000016 seconds.
  path: Assets/MapToolPack/Resources/MapIcons/MapIconMassProductionFactory.TGA
  artifactKey: Guid(b6320255d0ef28f4bb2026e78ad1aa7a) Importer(2089858483,797179f86c6e516b54ff30bda720a719)
Start importing Assets/MapToolPack/Resources/MapIcons/MapIconMassProductionFactory.TGA using Guid(b6320255d0ef28f4bb2026e78ad1aa7a) Importer(2089858483,797179f86c6e516b54ff30bda720a719) (ScriptedImporter) -> (artifact id: 'f53adac8c61bed0ea9ad9d2910b9aa68') in 0.0734453 seconds
Number of updated asset objects reloaded before import = 0Number of asset objects unloaded after import = 2

========================================================================
Received Import Request.
  Time since last request: 0.000023 seconds.
  path: Assets/Mirror/Runtime/RemoteCallHelper.cs
  artifactKey: Guid(d2cdbcbd1e377d6408a91acbec31ba16) Importer(2089858483,797179f86c6e516b54ff30bda720a719)
Start importing Assets/Mirror/Runtime/RemoteCallHelper.cs using Guid(d2cdbcbd1e377d6408a91acbec31ba16) Importer(2089858483,797179f86c6e516b54ff30bda720a719) (ScriptedImporter) -> (artifact id: '3e8d004c6b9d87e47cc905704a1ba708') in 0.0540436 seconds
Number of updated asset objects reloaded before import = 0Number of asset objects unloaded after import = 0

========================================================================
Received Prepare
Refreshing native plugins compatible for Editor in 3.09 ms, found 4 plugins.
Preloading 0 native plugins for Editor in 0.00 ms.
Unloading 0 Unused Serialized files (Serialized files now loaded: 0)
Unloading 5097 unused Assets / (1.8 MB). Loaded Objects now: 5716.
Memory consumption went from 107.9 MB to 106.0 MB.
Total: 28.396300 ms (FindLiveObjects: 0.398500 ms CreateObjectMapping: 0.335900 ms MarkObjects: 26.061900 ms  DeleteObjects: 1.598500 ms)

Prepare: number of updated asset objects reloaded= 0
========================================================================
Received Prepare
Refreshing native plugins compatible for Editor in 3.07 ms, found 4 plugins.
Preloading 0 native plugins for Editor in 0.00 ms.
Unloading 0 Unused Serialized files (Serialized files now loaded: 0)
Unloading 5091 unused Assets / (1.4 MB). Loaded Objects now: 5716.
Memory consumption went from 107.9 MB to 106.4 MB.
Total: 20.748100 ms (FindLiveObjects: 0.431000 ms CreateObjectMapping: 0.299500 ms MarkObjects: 18.765700 ms  DeleteObjects: 1.250700 ms)

Prepare: number of updated asset objects reloaded= 0
========================================================================
Received Prepare
Refreshing native plugins compatible for Editor in 9.00 ms, found 4 plugins.
Preloading 0 native plugins for Editor in 0.00 ms.
Unloading 0 Unused Serialized files (Serialized files now loaded: 0)
Unloading 5091 unused Assets / (289.9 KB). Loaded Objects now: 5716.
Memory consumption went from 107.9 MB to 107.6 MB.
Total: 23.060700 ms (FindLiveObjects: 0.790900 ms CreateObjectMapping: 0.335200 ms MarkObjects: 20.625500 ms  DeleteObjects: 1.307300 ms)

Prepare: number of updated asset objects reloaded= 0
========================================================================
Received Prepare
Refreshing native plugins compatible for Editor in 5.83 ms, found 4 plugins.
Preloading 0 native plugins for Editor in 0.00 ms.
Unloading 0 Unused Serialized files (Serialized files now loaded: 0)
Unloading 5091 unused Assets / (1.1 MB). Loaded Objects now: 5716.
Memory consumption went from 107.9 MB to 106.8 MB.
Total: 22.406400 ms (FindLiveObjects: 0.780200 ms CreateObjectMapping: 0.298200 ms MarkObjects: 19.862400 ms  DeleteObjects: 1.464000 ms)

Prepare: number of updated asset objects reloaded= 0
========================================================================
Received Prepare
Refreshing native plugins compatible for Editor in 5.92 ms, found 4 plugins.
Preloading 0 native plugins for Editor in 0.00 ms.
Unloading 0 Unused Serialized files (Serialized files now loaded: 0)
Unloading 5091 unused Assets / (0.9 MB). Loaded Objects now: 5716.
Memory consumption went from 107.9 MB to 106.9 MB.
Total: 15.103400 ms (FindLiveObjects: 0.852700 ms CreateObjectMapping: 0.465000 ms MarkObjects: 12.663800 ms  DeleteObjects: 1.120200 ms)

Prepare: number of updated asset objects reloaded= 0
========================================================================
Received Prepare
Refreshing native plugins compatible for Editor in 2.57 ms, found 4 plugins.
Preloading 0 native plugins for Editor in 0.00 ms.
Unloading 0 Unused Serialized files (Serialized files now loaded: 0)
Unloading 5091 unused Assets / (1.4 MB). Loaded Objects now: 5716.
Memory consumption went from 107.9 MB to 106.5 MB.
Total: 12.468600 ms (FindLiveObjects: 0.374200 ms CreateObjectMapping: 0.349600 ms MarkObjects: 10.683500 ms  DeleteObjects: 1.060700 ms)

Prepare: number of updated asset objects reloaded= 0
========================================================================
Received Prepare
Refreshing native plugins compatible for Editor in 5.97 ms, found 4 plugins.
Preloading 0 native plugins for Editor in 0.00 ms.
Unloading 0 Unused Serialized files (Serialized files now loaded: 0)
Unloading 5091 unused Assets / (1.7 MB). Loaded Objects now: 5716.
Memory consumption went from 107.9 MB to 106.1 MB.
Total: 15.913700 ms (FindLiveObjects: 0.378500 ms CreateObjectMapping: 0.327700 ms MarkObjects: 13.627200 ms  DeleteObjects: 1.579000 ms)

Prepare: number of updated asset objects reloaded= 0
========================================================================
Received Prepare
Refreshing native plugins compatible for Editor in 2.80 ms, found 4 plugins.
Preloading 0 native plugins for Editor in 0.00 ms.
Unloading 0 Unused Serialized files (Serialized files now loaded: 0)
Unloading 5091 unused Assets / (1.3 MB). Loaded Objects now: 5716.
Memory consumption went from 107.9 MB to 106.5 MB.
Total: 12.358700 ms (FindLiveObjects: 0.397700 ms CreateObjectMapping: 0.268000 ms MarkObjects: 10.730200 ms  DeleteObjects: 0.962100 ms)

Prepare: number of updated asset objects reloaded= 0
========================================================================
Received Prepare
Refreshing native plugins compatible for Editor in 3.04 ms, found 4 plugins.
Preloading 0 native plugins for Editor in 0.00 ms.
Unloading 0 Unused Serialized files (Serialized files now loaded: 0)
Unloading 5091 unused Assets / (1.5 MB). Loaded Objects now: 5716.
Memory consumption went from 107.9 MB to 106.4 MB.
Total: 12.538100 ms (FindLiveObjects: 0.405000 ms CreateObjectMapping: 0.316200 ms MarkObjects: 10.717100 ms  DeleteObjects: 1.098900 ms)

Prepare: number of updated asset objects reloaded= 0
========================================================================
Received Prepare
Refreshing native plugins compatible for Editor in 4.67 ms, found 4 plugins.
Preloading 0 native plugins for Editor in 0.00 ms.
Unloading 0 Unused Serialized files (Serialized files now loaded: 0)
Unloading 5091 unused Assets / (1.3 MB). Loaded Objects now: 5716.
Memory consumption went from 107.9 MB to 106.6 MB.
Total: 13.318300 ms (FindLiveObjects: 0.628600 ms CreateObjectMapping: 0.337100 ms MarkObjects: 11.134700 ms  DeleteObjects: 1.208300 ms)

Prepare: number of updated asset objects reloaded= 0
========================================================================
Received Prepare
Refreshing native plugins compatible for Editor in 2.83 ms, found 4 plugins.
Preloading 0 native plugins for Editor in 0.00 ms.
Unloading 0 Unused Serialized files (Serialized files now loaded: 0)
Unloading 5091 unused Assets / (1.4 MB). Loaded Objects now: 5716.
Memory consumption went from 107.9 MB to 106.4 MB.
Total: 12.672900 ms (FindLiveObjects: 0.384000 ms CreateObjectMapping: 0.317800 ms MarkObjects: 10.859400 ms  DeleteObjects: 1.110600 ms)

Prepare: number of updated asset objects reloaded= 0
========================================================================
Received Prepare
Refreshing native plugins compatible for Editor in 2.93 ms, found 4 plugins.
Preloading 0 native plugins for Editor in 0.00 ms.
Unloading 0 Unused Serialized files (Serialized files now loaded: 0)
Unloading 5091 unused Assets / (1.3 MB). Loaded Objects now: 5716.
Memory consumption went from 107.9 MB to 106.6 MB.
Total: 12.341400 ms (FindLiveObjects: 0.383800 ms CreateObjectMapping: 0.337700 ms MarkObjects: 10.587900 ms  DeleteObjects: 1.031100 ms)

Prepare: number of updated asset objects reloaded= 0
========================================================================
Received Prepare
Refreshing native plugins compatible for Editor in 2.82 ms, found 4 plugins.
Preloading 0 native plugins for Editor in 0.00 ms.
Unloading 0 Unused Serialized files (Serialized files now loaded: 0)
Unloading 5091 unused Assets / (1.2 MB). Loaded Objects now: 5716.
Memory consumption went from 107.9 MB to 106.7 MB.
Total: 17.926000 ms (FindLiveObjects: 0.432900 ms CreateObjectMapping: 0.351100 ms MarkObjects: 15.849400 ms  DeleteObjects: 1.291200 ms)

Prepare: number of updated asset objects reloaded= 0
========================================================================
Received Prepare
Refreshing native plugins compatible for Editor in 2.47 ms, found 4 plugins.
Preloading 0 native plugins for Editor in 0.00 ms.
Unloading 0 Unused Serialized files (Serialized files now loaded: 0)
Unloading 5091 unused Assets / (0.8 MB). Loaded Objects now: 5716.
Memory consumption went from 107.9 MB to 107.0 MB.
Total: 12.704000 ms (FindLiveObjects: 0.556200 ms CreateObjectMapping: 0.271100 ms MarkObjects: 10.696200 ms  DeleteObjects: 1.179000 ms)

Prepare: number of updated asset objects reloaded= 0
========================================================================
Received Prepare
Begin MonoManager ReloadAssembly
[Licensing::Client] Successfully resolved entitlement details
[Licensing::Module] License group:
  Id: F4-AKY6-PKNA-WNG4-95XJ-XXXX
  Product: Unity Personal
  Type: ULF
  Expiration: Unlimited
[Licensing::Module] License group:
  Id: 623459-UnityPersXXXX
  Product: Unity Personal
  Type: Assigned
  Expiration: Unlimited
Symbol file LoadedFromMemory is not a mono symbol file
- Loaded All Assemblies, in  1.019 seconds
Refreshing native plugins compatible for Editor in 3.04 ms, found 4 plugins.
Native extension for Android target not found
Native extension for WindowsStandalone target not found
[Package Manager] Failed to launch server process. Reason: Unity was launched with the -noUpm command-line argument
[Package Manager] Unable to send message (not connected to server process).
[Package Manager] Cannot connect to Unity Package Manager local server
[Package Manager] Failed to launch server process. Reason: Unity was launched with the -noUpm command-line argument
[Package Manager] Unable to send message (not connected to server process).
[Package Manager] Cannot connect to Unity Package Manager local server
System.Exception: Error! Visual Scripting: couldn't find visual scripting package
  at Unity.VisualScripting.PackageVersionUtility.get_version () [0x00043] in .\Library\PackageCache\com.unity.visualscripting@eb6004dcc707\Editor\VisualScripting.Core\Utilities\PackageVersionUtility.cs:31 
  at Unity.VisualScripting.BoltCoreManifest.get_version () [0x00000] in .\Library\PackageCache\com.unity.visualscripting@eb6004dcc707\Editor\VisualScripting.Core\Plugin\BoltCoreManifest.cs:11 
  at Unity.VisualScripting.PluginManifest.get_currentVersion () [0x00000] in .\Library\PackageCache\com.unity.visualscripting@eb6004dcc707\Editor\VisualScripting.Core\Plugins\PluginManifest.cs:33 
  at Unity.VisualScripting.PluginManifest.get_versionMismatch () [0x00000] in .\Library\PackageCache\com.unity.visualscripting@eb6004dcc707\Editor\VisualScripting.Core\Plugins\PluginManifest.cs:48 
  at Unity.VisualScripting.PluginContainer.Initialize () [0x00525] in .\Library\PackageCache\com.unity.visualscripting@eb6004dcc707\Editor\VisualScripting.Core\Plugins\PluginContainer.cs:208 
  at Unity.VisualScripting.PluginContainer.InitializeOnLoad () [0x00009] in .\Library\PackageCache\com.unity.visualscripting@eb6004dcc707\Editor\VisualScripting.Core\Plugins\PluginContainer.cs:32 
  at Unity.VisualScripting.VSUsageUtility.DoInitializeOnLoadCalls () [0x00034] in .\Library\PackageCache\com.unity.visualscripting@eb6004dcc707\Editor\VisualScripting.Core\Utilities\VSUsageUtility.cs:76 
  at Unity.VisualScripting.VSUsageUtility.set_isVisualScriptingUsed (System.Boolean value) [0x0002c] in .\Library\PackageCache\com.unity.visualscripting@eb6004dcc707\Editor\VisualScripting.Core\Utilities\VSUsageUtility.cs:114 
  at Unity.VisualScripting.VSUsageUtility.CheckAndSetIsVisualScriptingUsed () [0x0000d] in .\Library\PackageCache\com.unity.visualscripting@eb6004dcc707\Editor\VisualScripting.Core\Utilities\VSUsageUtility.cs:33 
  at Unity.VisualScripting.VSUsageUtility..cctor () [0x00000] in .\Library\PackageCache\com.unity.visualscripting@eb6004dcc707\Editor\VisualScripting.Core\Utilities\VSUsageUtility.cs:22 
UnityEngine.Debug:ExtractStackTraceNoAlloc (byte*,int,string)
UnityEngine.StackTraceUtility:ExtractStackTrace ()
UnityEngine.DebugLogHandler:Internal_Log (UnityEngine.LogType,UnityEngine.LogOption,string,UnityEngine.Object)
UnityEngine.DebugLogHandler:LogFormat (UnityEngine.LogType,UnityEngine.Object,string,object[])
UnityEngine.Logger:Log (UnityEngine.LogType,object)
UnityEngine.Debug:LogError (object)
UnityEditor.EditorAssemblies:ProcessInitializeOnLoadAttributes (System.Type[])

ScheduleIndexationOnStartup MainProcess:False IndexOnStartup:True
Mono: successfully reloaded assembly
- Finished resetting the current domain, in  0.880 seconds
Domain Reload Profiling: 1898ms
	BeginReloadAssembly (384ms)
		ExecutionOrderSort (0ms)
		DisableScriptedObjects (30ms)
		BackupInstance (0ms)
		ReleaseScriptingObjects (0ms)
		CreateAndSetChildDomain (96ms)
	RebuildCommonClasses (29ms)
	RebuildNativeTypeToScriptingClass (12ms)
	initialDomainReloadingComplete (35ms)
	LoadAllAssembliesAndSetupDomain (558ms)
		LoadAssemblies (533ms)
		RebuildTransferFunctionScriptingTraits (0ms)
		AnalyzeDomain (200ms)
			TypeCache.Refresh (86ms)
				TypeCache.ScanAssembly (70ms)
			BuildScriptInfoCaches (105ms)
			ResolveRequiredComponents (4ms)
	FinalizeReload (880ms)
		ReleaseScriptCaches (0ms)
		RebuildScriptCaches (0ms)
		SetupLoadedEditorAssemblies (561ms)
			LogAssemblyErrors (0ms)
			InitializePlatformSupportModulesInManaged (7ms)
			SetLoadedEditorAssemblies (4ms)
			BeforeProcessingInitializeOnLoad (144ms)
			ProcessInitializeOnLoadAttributes (351ms)
			ProcessInitializeOnLoadMethodAttributes (50ms)
			AfterProcessingInitializeOnLoad (5ms)
			EditorAssembliesLoaded (0ms)
		ExecutionOrderSort2 (0ms)
		AwakeInstancesAfterBackupRestoration (4ms)
Refreshing native plugins compatible for Editor in 3.00 ms, found 4 plugins.
Preloading 0 native plugins for Editor in 0.00 ms.
Unloading 0 Unused Serialized files (Serialized files now loaded: 0)
Unloading 5121 unused Assets / (1.5 MB). Loaded Objects now: 5721.
Memory consumption went from 108.3 MB to 106.8 MB.
Total: 11.356600 ms (FindLiveObjects: 0.412100 ms CreateObjectMapping: 0.316100 ms MarkObjects: 9.546500 ms  DeleteObjects: 1.080800 ms)

Prepare: number of updated asset objects reloaded= 0
========================================================================
Received Prepare
Begin MonoManager ReloadAssembly
[Licensing::Client] Successfully resolved entitlement details
[Licensing::Module] License group:
  Id: F4-AKY6-PKNA-WNG4-95XJ-XXXX
  Product: Unity Personal
  Type: ULF
  Expiration: Unlimited
[Licensing::Module] License group:
  Id: 623459-UnityPersXXXX
  Product: Unity Personal
  Type: Assigned
  Expiration: Unlimited
Symbol file LoadedFromMemory is not a mono symbol file
- Loaded All Assemblies, in  0.765 seconds
Refreshing native plugins compatible for Editor in 2.78 ms, found 4 plugins.
Native extension for Android target not found
Native extension for WindowsStandalone target not found
[Package Manager] Failed to launch server process. Reason: Unity was launched with the -noUpm command-line argument
[Package Manager] Unable to send message (not connected to server process).
[Package Manager] Cannot connect to Unity Package Manager local server
[Package Manager] Failed to launch server process. Reason: Unity was launched with the -noUpm command-line argument
[Package Manager] Unable to send message (not connected to server process).
[Package Manager] Cannot connect to Unity Package Manager local server
System.Exception: Error! Visual Scripting: couldn't find visual scripting package
  at Unity.VisualScripting.PackageVersionUtility.get_version () [0x00043] in .\Library\PackageCache\com.unity.visualscripting@eb6004dcc707\Editor\VisualScripting.Core\Utilities\PackageVersionUtility.cs:31 
  at Unity.VisualScripting.BoltCoreManifest.get_version () [0x00000] in .\Library\PackageCache\com.unity.visualscripting@eb6004dcc707\Editor\VisualScripting.Core\Plugin\BoltCoreManifest.cs:11 
  at Unity.VisualScripting.PluginManifest.get_currentVersion () [0x00000] in .\Library\PackageCache\com.unity.visualscripting@eb6004dcc707\Editor\VisualScripting.Core\Plugins\PluginManifest.cs:33 
  at Unity.VisualScripting.PluginManifest.get_versionMismatch () [0x00000] in .\Library\PackageCache\com.unity.visualscripting@eb6004dcc707\Editor\VisualScripting.Core\Plugins\PluginManifest.cs:48 
  at Unity.VisualScripting.PluginContainer.Initialize () [0x00525] in .\Library\PackageCache\com.unity.visualscripting@eb6004dcc707\Editor\VisualScripting.Core\Plugins\PluginContainer.cs:208 
  at Unity.VisualScripting.PluginContainer.InitializeOnLoad () [0x00009] in .\Library\PackageCache\com.unity.visualscripting@eb6004dcc707\Editor\VisualScripting.Core\Plugins\PluginContainer.cs:32 
  at Unity.VisualScripting.VSUsageUtility.DoInitializeOnLoadCalls () [0x00034] in .\Library\PackageCache\com.unity.visualscripting@eb6004dcc707\Editor\VisualScripting.Core\Utilities\VSUsageUtility.cs:76 
  at Unity.VisualScripting.VSUsageUtility.set_isVisualScriptingUsed (System.Boolean value) [0x0002c] in .\Library\PackageCache\com.unity.visualscripting@eb6004dcc707\Editor\VisualScripting.Core\Utilities\VSUsageUtility.cs:114 
  at Unity.VisualScripting.VSUsageUtility.CheckAndSetIsVisualScriptingUsed () [0x0000d] in .\Library\PackageCache\com.unity.visualscripting@eb6004dcc707\Editor\VisualScripting.Core\Utilities\VSUsageUtility.cs:33 
  at Unity.VisualScripting.VSUsageUtility..cctor () [0x00000] in .\Library\PackageCache\com.unity.visualscripting@eb6004dcc707\Editor\VisualScripting.Core\Utilities\VSUsageUtility.cs:22 
UnityEngine.Debug:ExtractStackTraceNoAlloc (byte*,int,string)
UnityEngine.StackTraceUtility:ExtractStackTrace ()
UnityEngine.DebugLogHandler:Internal_Log (UnityEngine.LogType,UnityEngine.LogOption,string,UnityEngine.Object)
UnityEngine.DebugLogHandler:LogFormat (UnityEngine.LogType,UnityEngine.Object,string,object[])
UnityEngine.Logger:Log (UnityEngine.LogType,object)
UnityEngine.Debug:LogError (object)
UnityEditor.EditorAssemblies:ProcessInitializeOnLoadAttributes (System.Type[])

ScheduleIndexationOnStartup MainProcess:False IndexOnStartup:True
Mono: successfully reloaded assembly
- Finished resetting the current domain, in  0.872 seconds
Domain Reload Profiling: 1636ms
	BeginReloadAssembly (255ms)
		ExecutionOrderSort (0ms)
		DisableScriptedObjects (12ms)
		BackupInstance (0ms)
		ReleaseScriptingObjects (0ms)
		CreateAndSetChildDomain (44ms)
	RebuildCommonClasses (27ms)
	RebuildNativeTypeToScriptingClass (10ms)
	initialDomainReloadingComplete (24ms)
	LoadAllAssembliesAndSetupDomain (447ms)
		LoadAssemblies (449ms)
		RebuildTransferFunctionScriptingTraits (0ms)
		AnalyzeDomain (146ms)
			TypeCache.Refresh (6ms)
				TypeCache.ScanAssembly (0ms)
			BuildScriptInfoCaches (133ms)
			ResolveRequiredComponents (4ms)
	FinalizeReload (872ms)
		ReleaseScriptCaches (0ms)
		RebuildScriptCaches (0ms)
		SetupLoadedEditorAssemblies (563ms)
			LogAssemblyErrors (0ms)
			InitializePlatformSupportModulesInManaged (6ms)
			SetLoadedEditorAssemblies (3ms)
			BeforeProcessingInitializeOnLoad (125ms)
			ProcessInitializeOnLoadAttributes (380ms)
			ProcessInitializeOnLoadMethodAttributes (38ms)
			AfterProcessingInitializeOnLoad (12ms)
			EditorAssembliesLoaded (0ms)
		ExecutionOrderSort2 (0ms)
		AwakeInstancesAfterBackupRestoration (5ms)
Refreshing native plugins compatible for Editor in 3.66 ms, found 4 plugins.
Preloading 0 native plugins for Editor in 0.00 ms.
Unloading 0 Unused Serialized files (Serialized files now loaded: 0)
Unloading 5121 unused Assets / (1.6 MB). Loaded Objects now: 5725.
Memory consumption went from 108.3 MB to 106.7 MB.
Total: 13.323000 ms (FindLiveObjects: 0.408600 ms CreateObjectMapping: 0.418800 ms MarkObjects: 11.230700 ms  DeleteObjects: 1.263600 ms)

Prepare: number of updated asset objects reloaded= 0
========================================================================
Received Prepare
Begin MonoManager ReloadAssembly
[Licensing::Client] Successfully resolved entitlement details
[Licensing::Module] License group:
  Id: F4-AKY6-PKNA-WNG4-95XJ-XXXX
  Product: Unity Personal
  Type: ULF
  Expiration: Unlimited
[Licensing::Module] License group:
  Id: 623459-UnityPersXXXX
  Product: Unity Personal
  Type: Assigned
  Expiration: Unlimited
Symbol file LoadedFromMemory is not a mono symbol file
- Loaded All Assemblies, in  0.747 seconds
Refreshing native plugins compatible for Editor in 2.76 ms, found 4 plugins.
Native extension for Android target not found
Native extension for WindowsStandalone target not found
[Package Manager] Failed to launch server process. Reason: Unity was launched with the -noUpm command-line argument
[Package Manager] Unable to send message (not connected to server process).
[Package Manager] Cannot connect to Unity Package Manager local server
[Package Manager] Failed to launch server process. Reason: Unity was launched with the -noUpm command-line argument
[Package Manager] Unable to send message (not connected to server process).
[Package Manager] Cannot connect to Unity Package Manager local server
System.Exception: Error! Visual Scripting: couldn't find visual scripting package
  at Unity.VisualScripting.PackageVersionUtility.get_version () [0x00043] in .\Library\PackageCache\com.unity.visualscripting@eb6004dcc707\Editor\VisualScripting.Core\Utilities\PackageVersionUtility.cs:31 
  at Unity.VisualScripting.BoltCoreManifest.get_version () [0x00000] in .\Library\PackageCache\com.unity.visualscripting@eb6004dcc707\Editor\VisualScripting.Core\Plugin\BoltCoreManifest.cs:11 
  at Unity.VisualScripting.PluginManifest.get_currentVersion () [0x00000] in .\Library\PackageCache\com.unity.visualscripting@eb6004dcc707\Editor\VisualScripting.Core\Plugins\PluginManifest.cs:33 
  at Unity.VisualScripting.PluginManifest.get_versionMismatch () [0x00000] in .\Library\PackageCache\com.unity.visualscripting@eb6004dcc707\Editor\VisualScripting.Core\Plugins\PluginManifest.cs:48 
  at Unity.VisualScripting.PluginContainer.Initialize () [0x00525] in .\Library\PackageCache\com.unity.visualscripting@eb6004dcc707\Editor\VisualScripting.Core\Plugins\PluginContainer.cs:208 
  at Unity.VisualScripting.PluginContainer.InitializeOnLoad () [0x00009] in .\Library\PackageCache\com.unity.visualscripting@eb6004dcc707\Editor\VisualScripting.Core\Plugins\PluginContainer.cs:32 
  at Unity.VisualScripting.VSUsageUtility.DoInitializeOnLoadCalls () [0x00034] in .\Library\PackageCache\com.unity.visualscripting@eb6004dcc707\Editor\VisualScripting.Core\Utilities\VSUsageUtility.cs:76 
  at Unity.VisualScripting.VSUsageUtility.set_isVisualScriptingUsed (System.Boolean value) [0x0002c] in .\Library\PackageCache\com.unity.visualscripting@eb6004dcc707\Editor\VisualScripting.Core\Utilities\VSUsageUtility.cs:114 
  at Unity.VisualScripting.VSUsageUtility.CheckAndSetIsVisualScriptingUsed () [0x0000d] in .\Library\PackageCache\com.unity.visualscripting@eb6004dcc707\Editor\VisualScripting.Core\Utilities\VSUsageUtility.cs:33 
  at Unity.VisualScripting.VSUsageUtility..cctor () [0x00000] in .\Library\PackageCache\com.unity.visualscripting@eb6004dcc707\Editor\VisualScripting.Core\Utilities\VSUsageUtility.cs:22 
UnityEngine.Debug:ExtractStackTraceNoAlloc (byte*,int,string)
UnityEngine.StackTraceUtility:ExtractStackTrace ()
UnityEngine.DebugLogHandler:Internal_Log (UnityEngine.LogType,UnityEngine.LogOption,string,UnityEngine.Object)
UnityEngine.DebugLogHandler:LogFormat (UnityEngine.LogType,UnityEngine.Object,string,object[])
UnityEngine.Logger:Log (UnityEngine.LogType,object)
UnityEngine.Debug:LogError (object)
UnityEditor.EditorAssemblies:ProcessInitializeOnLoadAttributes (System.Type[])

ScheduleIndexationOnStartup MainProcess:False IndexOnStartup:True
Mono: successfully reloaded assembly
- Finished resetting the current domain, in  0.885 seconds
Domain Reload Profiling: 1632ms
	BeginReloadAssembly (256ms)
		ExecutionOrderSort (0ms)
		DisableScriptedObjects (10ms)
		BackupInstance (0ms)
		ReleaseScriptingObjects (0ms)
		CreateAndSetChildDomain (44ms)
	RebuildCommonClasses (27ms)
	RebuildNativeTypeToScriptingClass (10ms)
	initialDomainReloadingComplete (23ms)
	LoadAllAssembliesAndSetupDomain (430ms)
		LoadAssemblies (444ms)
		RebuildTransferFunctionScriptingTraits (0ms)
		AnalyzeDomain (138ms)
			TypeCache.Refresh (6ms)
				TypeCache.ScanAssembly (0ms)
			BuildScriptInfoCaches (124ms)
			ResolveRequiredComponents (4ms)
	FinalizeReload (886ms)
		ReleaseScriptCaches (0ms)
		RebuildScriptCaches (0ms)
		SetupLoadedEditorAssemblies (565ms)
			LogAssemblyErrors (0ms)
			InitializePlatformSupportModulesInManaged (6ms)
			SetLoadedEditorAssemblies (4ms)
			BeforeProcessingInitializeOnLoad (130ms)
			ProcessInitializeOnLoadAttributes (363ms)
			ProcessInitializeOnLoadMethodAttributes (51ms)
			AfterProcessingInitializeOnLoad (11ms)
			EditorAssembliesLoaded (0ms)
		ExecutionOrderSort2 (0ms)
		AwakeInstancesAfterBackupRestoration (4ms)
Refreshing native plugins compatible for Editor in 2.48 ms, found 4 plugins.
Preloading 0 native plugins for Editor in 0.00 ms.
Unloading 0 Unused Serialized files (Serialized files now loaded: 0)
Unloading 5121 unused Assets / (1.6 MB). Loaded Objects now: 5729.
Memory consumption went from 108.3 MB to 106.7 MB.
Total: 12.340800 ms (FindLiveObjects: 0.409200 ms CreateObjectMapping: 0.311100 ms MarkObjects: 10.349100 ms  DeleteObjects: 1.270300 ms)

Prepare: number of updated asset objects reloaded= 0
========================================================================
Received Prepare
Begin MonoManager ReloadAssembly
[Licensing::Client] Successfully resolved entitlement details
[Licensing::Module] License group:
  Id: F4-AKY6-PKNA-WNG4-95XJ-XXXX
  Product: Unity Personal
  Type: ULF
  Expiration: Unlimited
[Licensing::Module] License group:
  Id: 623459-UnityPersXXXX
  Product: Unity Personal
  Type: Assigned
  Expiration: Unlimited
Symbol file LoadedFromMemory is not a mono symbol file
- Loaded All Assemblies, in  0.769 seconds
Refreshing native plugins compatible for Editor in 2.23 ms, found 4 plugins.
Native extension for Android target not found
Native extension for WindowsStandalone target not found
[Package Manager] Failed to launch server process. Reason: Unity was launched with the -noUpm command-line argument
[Package Manager] Unable to send message (not connected to server process).
[Package Manager] Cannot connect to Unity Package Manager local server
[Package Manager] Failed to launch server process. Reason: Unity was launched with the -noUpm command-line argument
[Package Manager] Unable to send message (not connected to server process).
[Package Manager] Cannot connect to Unity Package Manager local server
System.Exception: Error! Visual Scripting: couldn't find visual scripting package
  at Unity.VisualScripting.PackageVersionUtility.get_version () [0x00043] in .\Library\PackageCache\com.unity.visualscripting@eb6004dcc707\Editor\VisualScripting.Core\Utilities\PackageVersionUtility.cs:31 
  at Unity.VisualScripting.BoltCoreManifest.get_version () [0x00000] in .\Library\PackageCache\com.unity.visualscripting@eb6004dcc707\Editor\VisualScripting.Core\Plugin\BoltCoreManifest.cs:11 
  at Unity.VisualScripting.PluginManifest.get_currentVersion () [0x00000] in .\Library\PackageCache\com.unity.visualscripting@eb6004dcc707\Editor\VisualScripting.Core\Plugins\PluginManifest.cs:33 
  at Unity.VisualScripting.PluginManifest.get_versionMismatch () [0x00000] in .\Library\PackageCache\com.unity.visualscripting@eb6004dcc707\Editor\VisualScripting.Core\Plugins\PluginManifest.cs:48 
  at Unity.VisualScripting.PluginContainer.Initialize () [0x00525] in .\Library\PackageCache\com.unity.visualscripting@eb6004dcc707\Editor\VisualScripting.Core\Plugins\PluginContainer.cs:208 
  at Unity.VisualScripting.PluginContainer.InitializeOnLoad () [0x00009] in .\Library\PackageCache\com.unity.visualscripting@eb6004dcc707\Editor\VisualScripting.Core\Plugins\PluginContainer.cs:32 
  at Unity.VisualScripting.VSUsageUtility.DoInitializeOnLoadCalls () [0x00034] in .\Library\PackageCache\com.unity.visualscripting@eb6004dcc707\Editor\VisualScripting.Core\Utilities\VSUsageUtility.cs:76 
  at Unity.VisualScripting.VSUsageUtility.set_isVisualScriptingUsed (System.Boolean value) [0x0002c] in .\Library\PackageCache\com.unity.visualscripting@eb6004dcc707\Editor\VisualScripting.Core\Utilities\VSUsageUtility.cs:114 
  at Unity.VisualScripting.VSUsageUtility.CheckAndSetIsVisualScriptingUsed () [0x0000d] in .\Library\PackageCache\com.unity.visualscripting@eb6004dcc707\Editor\VisualScripting.Core\Utilities\VSUsageUtility.cs:33 
  at Unity.VisualScripting.VSUsageUtility..cctor () [0x00000] in .\Library\PackageCache\com.unity.visualscripting@eb6004dcc707\Editor\VisualScripting.Core\Utilities\VSUsageUtility.cs:22 
UnityEngine.Debug:ExtractStackTraceNoAlloc (byte*,int,string)
UnityEngine.StackTraceUtility:ExtractStackTrace ()
UnityEngine.DebugLogHandler:Internal_Log (UnityEngine.LogType,UnityEngine.LogOption,string,UnityEngine.Object)
UnityEngine.DebugLogHandler:LogFormat (UnityEngine.LogType,UnityEngine.Object,string,object[])
UnityEngine.Logger:Log (UnityEngine.LogType,object)
UnityEngine.Debug:LogError (object)
UnityEditor.EditorAssemblies:ProcessInitializeOnLoadAttributes (System.Type[])

ScheduleIndexationOnStartup MainProcess:False IndexOnStartup:True
Mono: successfully reloaded assembly
- Finished resetting the current domain, in  0.875 seconds
Domain Reload Profiling: 1644ms
	BeginReloadAssembly (259ms)
		ExecutionOrderSort (0ms)
		DisableScriptedObjects (12ms)
		BackupInstance (0ms)
		ReleaseScriptingObjects (0ms)
		CreateAndSetChildDomain (41ms)
	RebuildCommonClasses (28ms)
	RebuildNativeTypeToScriptingClass (11ms)
	initialDomainReloadingComplete (29ms)
	LoadAllAssembliesAndSetupDomain (442ms)
		LoadAssemblies (449ms)
		RebuildTransferFunctionScriptingTraits (0ms)
		AnalyzeDomain (143ms)
			TypeCache.Refresh (7ms)
				TypeCache.ScanAssembly (0ms)
			BuildScriptInfoCaches (129ms)
			ResolveRequiredComponents (4ms)
	FinalizeReload (875ms)
		ReleaseScriptCaches (0ms)
		RebuildScriptCaches (0ms)
		SetupLoadedEditorAssemblies (548ms)
			LogAssemblyErrors (0ms)
			InitializePlatformSupportModulesInManaged (7ms)
			SetLoadedEditorAssemblies (3ms)
			BeforeProcessingInitializeOnLoad (122ms)
			ProcessInitializeOnLoadAttributes (367ms)
			ProcessInitializeOnLoadMethodAttributes (44ms)
			AfterProcessingInitializeOnLoad (6ms)
			EditorAssembliesLoaded (0ms)
		ExecutionOrderSort2 (0ms)
		AwakeInstancesAfterBackupRestoration (5ms)
Refreshing native plugins compatible for Editor in 2.80 ms, found 4 plugins.
Preloading 0 native plugins for Editor in 0.00 ms.
Unloading 0 Unused Serialized files (Serialized files now loaded: 0)
Unloading 5121 unused Assets / (1.2 MB). Loaded Objects now: 5733.
Memory consumption went from 108.3 MB to 107.1 MB.
Total: 11.844100 ms (FindLiveObjects: 0.489100 ms CreateObjectMapping: 0.455000 ms MarkObjects: 9.851200 ms  DeleteObjects: 1.047700 ms)

Prepare: number of updated asset objects reloaded= 0
========================================================================
Received Prepare
Begin MonoManager ReloadAssembly
[Licensing::Client] Successfully resolved entitlement details
[Licensing::Module] License group:
  Id: F4-AKY6-PKNA-WNG4-95XJ-XXXX
  Product: Unity Personal
  Type: ULF
  Expiration: Unlimited
[Licensing::Module] License group:
  Id: 623459-UnityPersXXXX
  Product: Unity Personal
  Type: Assigned
  Expiration: Unlimited
Symbol file LoadedFromMemory is not a mono symbol file
- Loaded All Assemblies, in  0.765 seconds
Refreshing native plugins compatible for Editor in 2.66 ms, found 4 plugins.
Native extension for Android target not found
Native extension for WindowsStandalone target not found
[Package Manager] Failed to launch server process. Reason: Unity was launched with the -noUpm command-line argument
[Package Manager] Unable to send message (not connected to server process).
[Package Manager] Cannot connect to Unity Package Manager local server
[Package Manager] Failed to launch server process. Reason: Unity was launched with the -noUpm command-line argument
[Package Manager] Unable to send message (not connected to server process).
[Package Manager] Cannot connect to Unity Package Manager local server
System.Exception: Error! Visual Scripting: couldn't find visual scripting package
  at Unity.VisualScripting.PackageVersionUtility.get_version () [0x00043] in .\Library\PackageCache\com.unity.visualscripting@eb6004dcc707\Editor\VisualScripting.Core\Utilities\PackageVersionUtility.cs:31 
  at Unity.VisualScripting.BoltCoreManifest.get_version () [0x00000] in .\Library\PackageCache\com.unity.visualscripting@eb6004dcc707\Editor\VisualScripting.Core\Plugin\BoltCoreManifest.cs:11 
  at Unity.VisualScripting.PluginManifest.get_currentVersion () [0x00000] in .\Library\PackageCache\com.unity.visualscripting@eb6004dcc707\Editor\VisualScripting.Core\Plugins\PluginManifest.cs:33 
  at Unity.VisualScripting.PluginManifest.get_versionMismatch () [0x00000] in .\Library\PackageCache\com.unity.visualscripting@eb6004dcc707\Editor\VisualScripting.Core\Plugins\PluginManifest.cs:48 
  at Unity.VisualScripting.PluginContainer.Initialize () [0x00525] in .\Library\PackageCache\com.unity.visualscripting@eb6004dcc707\Editor\VisualScripting.Core\Plugins\PluginContainer.cs:208 
  at Unity.VisualScripting.PluginContainer.InitializeOnLoad () [0x00009] in .\Library\PackageCache\com.unity.visualscripting@eb6004dcc707\Editor\VisualScripting.Core\Plugins\PluginContainer.cs:32 
  at Unity.VisualScripting.VSUsageUtility.DoInitializeOnLoadCalls () [0x00034] in .\Library\PackageCache\com.unity.visualscripting@eb6004dcc707\Editor\VisualScripting.Core\Utilities\VSUsageUtility.cs:76 
  at Unity.VisualScripting.VSUsageUtility.set_isVisualScriptingUsed (System.Boolean value) [0x0002c] in .\Library\PackageCache\com.unity.visualscripting@eb6004dcc707\Editor\VisualScripting.Core\Utilities\VSUsageUtility.cs:114 
  at Unity.VisualScripting.VSUsageUtility.CheckAndSetIsVisualScriptingUsed () [0x0000d] in .\Library\PackageCache\com.unity.visualscripting@eb6004dcc707\Editor\VisualScripting.Core\Utilities\VSUsageUtility.cs:33 
  at Unity.VisualScripting.VSUsageUtility..cctor () [0x00000] in .\Library\PackageCache\com.unity.visualscripting@eb6004dcc707\Editor\VisualScripting.Core\Utilities\VSUsageUtility.cs:22 
UnityEngine.Debug:ExtractStackTraceNoAlloc (byte*,int,string)
UnityEngine.StackTraceUtility:ExtractStackTrace ()
UnityEngine.DebugLogHandler:Internal_Log (UnityEngine.LogType,UnityEngine.LogOption,string,UnityEngine.Object)
UnityEngine.DebugLogHandler:LogFormat (UnityEngine.LogType,UnityEngine.Object,string,object[])
UnityEngine.Logger:Log (UnityEngine.LogType,object)
UnityEngine.Debug:LogError (object)
UnityEditor.EditorAssemblies:ProcessInitializeOnLoadAttributes (System.Type[])

ScheduleIndexationOnStartup MainProcess:False IndexOnStartup:True
Mono: successfully reloaded assembly
- Finished resetting the current domain, in  0.925 seconds
Domain Reload Profiling: 1685ms
	BeginReloadAssembly (251ms)
		ExecutionOrderSort (0ms)
		DisableScriptedObjects (11ms)
		BackupInstance (0ms)
		ReleaseScriptingObjects (0ms)
		CreateAndSetChildDomain (38ms)
	RebuildCommonClasses (28ms)
	RebuildNativeTypeToScriptingClass (9ms)
	initialDomainReloadingComplete (26ms)
	LoadAllAssembliesAndSetupDomain (446ms)
		LoadAssemblies (458ms)
		RebuildTransferFunctionScriptingTraits (0ms)
		AnalyzeDomain (139ms)
			TypeCache.Refresh (6ms)
				TypeCache.ScanAssembly (0ms)
			BuildScriptInfoCaches (123ms)
			ResolveRequiredComponents (5ms)
	FinalizeReload (925ms)
		ReleaseScriptCaches (0ms)
		RebuildScriptCaches (0ms)
		SetupLoadedEditorAssemblies (585ms)
			LogAssemblyErrors (0ms)
			InitializePlatformSupportModulesInManaged (8ms)
			SetLoadedEditorAssemblies (3ms)
			BeforeProcessingInitializeOnLoad (127ms)
			ProcessInitializeOnLoadAttributes (387ms)
			ProcessInitializeOnLoadMethodAttributes (52ms)
			AfterProcessingInitializeOnLoad (7ms)
			EditorAssembliesLoaded (0ms)
		ExecutionOrderSort2 (0ms)
		AwakeInstancesAfterBackupRestoration (5ms)
Refreshing native plugins compatible for Editor in 3.34 ms, found 4 plugins.
Preloading 0 native plugins for Editor in 0.00 ms.
Unloading 0 Unused Serialized files (Serialized files now loaded: 0)
Unloading 5121 unused Assets / (1.5 MB). Loaded Objects now: 5737.
Memory consumption went from 108.3 MB to 106.8 MB.
Total: 12.563800 ms (FindLiveObjects: 0.404200 ms CreateObjectMapping: 0.383300 ms MarkObjects: 10.587000 ms  DeleteObjects: 1.188000 ms)

Prepare: number of updated asset objects reloaded= 0
