[Licensing::Module] Trying to connect to existing licensing client channel...
[Licensing::IpcConnector] Successfully connected to: "LicenseClient-ivory" at "2026-03-18T04:03:39.1408095Z"
Built from '6000.3/staging' branch; Version is '6000.3.11f1 (3000ef702840) revision 3145967'; Using compiler version '194234433'; Build Type 'Release'
OS: 'Windows 11  (10.0.26200) Core' Language: 'en' Physical Memory: 32538 MB
BatchMode: 1, IsHumanControllingUs: 0, StartBugReporterOnCrash: 0, Is64bit: 1
System  architecture: x64
Process architecture: x64
Date: 2026-03-18T04:03:39Z
[Licensing::Client] Code 10 while verifying Licensing Client signature (process Id: 38668, path: "E:/UnityHub/Unity Hub/UnityLicensingClient_V1/Unity.Licensing.Client.exe")
[Licensing::Module] LicensingClient has failed validation; ignoring
[Licensing::Client] Error: HandshakeResponse reported an error:
	ResponseCode: 505
	ResponseStatus: Unsupported protocol version '1.18.0'.
[Licensing::Module] Error: Failed to handshake to channel: "LicenseClient-ivory"
[Licensing::IpcConnector] LicenseClient-ivory channel disconnected successfully.
[Licensing::IpcConnector] Successfully connected to: "LicenseClient-ivory-6000.3.11" at "2026-03-18T04:03:39.177263Z"
[Licensing::Client] Handshaking with LicensingClient:
  Version:                 1.18.0+23225a6
  Session Id:              8f1e9b8c4d0e4f189e35e0d1d51123c7
  Correlation Id:          08972eaeac11e3935715c6a268c30fc1
  External correlation Id: 6882072106101884358
  Machine Id:              Nm+8g8ErDB6bypNONDJHEaAORQI=
[Licensing::Module] Successfully connected to LicensingClient on channel: "LicenseClient-ivory-6000.3.11" (connect: 0.00s, validation: 0.00s, handshake: 0.11s)
[Licensing::IpcConnector] Successfully connected to: "LicenseClient-ivory-6000.3.11-notifications" at "2026-03-18T04:03:39.2868805Z"
[Licensing::Module] Licensing Background thread has ended after 0.15s

COMMAND LINE ARGUMENTS:
E:\Unity\Hub\Editor\6000.3.11f1\Editor\Unity.exe
-adb2
-batchMode
-noUpm
-name
AssetImportWorker3
-projectPath
E:/Unity/Projects/FoxholeTools
-logFile
Logs/AssetImportWorker3.log
-srvPort
55459
-licensingIpc
LicenseClient-ivory
-job-worker-count
11
-background-job-worker-count
8
-gc-helper-count
1
-name
AssetImport
Successfully changed project path to: E:/Unity/Projects/FoxholeTools
E:/Unity/Projects/FoxholeTools
[UnityMemory] Configuration Parameters - Can be set up in boot.config
    "memorysetup-temp-allocator-size-nav-mesh-worker=65536"
    "memorysetup-temp-allocator-size-audio-worker=65536"
    "memorysetup-temp-allocator-size-gfx=262144"
    "memorysetup-allocator-temp-initial-block-size-main=262144"
    "memorysetup-allocator-temp-initial-block-size-worker=262144"
    "memorysetup-temp-allocator-size-background-worker=32768"
    "memorysetup-temp-allocator-size-job-worker=262144"
    "memorysetup-temp-allocator-size-preload-manager=33554432"
    "memorysetup-temp-allocator-size-gi-baking-worker=262144"
    "memorysetup-temp-allocator-size-gi-baking-worker=262144"
    "memorysetup-temp-allocator-size-gi-baking-worker=262144"
    "memorysetup-temp-allocator-size-gi-baking-worker=262144"
    "memorysetup-temp-allocator-size-gi-baking-worker=262144"
    "memorysetup-bucket-allocator-granularity=16"
    "memorysetup-bucket-allocator-bucket-count=8"
    "memorysetup-bucket-allocator-block-size=33554432"
    "memorysetup-bucket-allocator-block-count=8"
    "memorysetup-main-allocator-block-size=16777216"
    "memorysetup-thread-allocator-block-size=16777216"
    "memorysetup-gfx-main-allocator-block-size=16777216"
    "memorysetup-gfx-thread-allocator-block-size=16777216"
    "memorysetup-cache-allocator-block-size=4194304"
    "memorysetup-typetree-allocator-block-size=2097152"
    "memorysetup-profiler-bucket-allocator-granularity=16"
    "memorysetup-profiler-bucket-allocator-bucket-count=8"
    "memorysetup-profiler-bucket-allocator-block-size=33554432"
    "memorysetup-profiler-bucket-allocator-block-count=8"
    "memorysetup-profiler-allocator-block-size=16777216"
    "memorysetup-profiler-editor-allocator-block-size=1048576"
    "memorysetup-temp-allocator-size-main=16777216"
    "memorysetup-job-temp-allocator-block-size=2097152"
    "memorysetup-job-temp-allocator-block-size-background=1048576"
    "memorysetup-job-temp-allocator-reduction-small-platforms=262144"
    "memorysetup-temp-allocator-size-cloud-worker=32768"
Player connection [32716]  Target information:

Player connection [32716]  * "[IP] 192.168.0.22 [Port] 0 [Flags] 2 [Guid] 2011217745 [EditorId] 2011217745 [Version] 1048832 [Id] WindowsEditor(7,TheBlackBox) [Debug] 1 [PackageName] WindowsEditor [ProjectName] Editor" 

Player connection [32716] Host joined multi-casting on [225.0.0.222:54997]...
Player connection [32716] Host joined alternative multi-casting on [225.0.0.222:34997]...
JobSystem: Creating JobQueue using job-worker-count value 11
Input System module state changed to: Initialized.
[Physics::Module] Initialized fallback backend.
[Physics::Module] Id: 0xdecafbad
Library Redirect Path: Library/
[Physics::Module] Selected backend.
[Physics::Module] Name: PhysX
[Physics::Module] Id: 0xf2b8ea05
[Physics::Module] SDK Version: 4.1.2
[Physics::Module] Integration Version: 1.0.0
[Physics::Module] Threading Mode: Multi-Threaded
Refreshing native plugins compatible for Editor in 9.41 ms, found 4 plugins.
Preloading 0 native plugins for Editor in 0.00 ms.
Initialize engine version: 6000.3.11f1 (3000ef702840)
[Subsystems] Discovering subsystems at path E:/Unity/Hub/Editor/6000.3.11f1/Editor/Data/Resources/UnitySubsystems
[Subsystems] Discovering subsystems at path E:/Unity/Projects/FoxholeTools/Assets
GfxDevice: creating device client; kGfxThreadingModeNonThreaded
Direct3D:
    Version:  Direct3D 11.0 [level 11.1]
    Renderer: NVIDIA GeForce RTX 4090 (ID=0x2684)
    Vendor:   NVIDIA
    VRAM:     24142 MB
    Driver:   32.0.15.8180
Initialize mono
Mono path[0] = 'E:/Unity/Hub/Editor/6000.3.11f1/Editor/Data/Managed'
Mono path[1] = 'E:/Unity/Hub/Editor/6000.3.11f1/Editor/Data/MonoBleedingEdge/lib/mono/unityjit-win32'
Mono config path = 'E:/Unity/Hub/Editor/6000.3.11f1/Editor/Data/MonoBleedingEdge/etc'
Using monoOptions --debugger-agent=transport=dt_socket,embedding=1,server=y,suspend=n,address=127.0.0.1:56204
Begin MonoManager ReloadAssembly
Registering precompiled unity dll's ...
Register platform support module: E:/Unity/Hub/Editor/6000.3.11f1/Editor/Data/PlaybackEngines/WindowsStandaloneSupport/UnityEditor.WindowsStandalone.Extensions.dll
[Licensing::Client] Successfully resolved entitlement details
[Licensing::Module] License group:
  Id: F4-AKY6-PKNA-WNG4-95XJ-XXXX
  Product: Unity Personal
  Type: ULF
  Expiration: Unlimited
[Licensing::Module] License group:
  Id: 623459-UnityPersXXXX
  Product: Unity Personal
  Type: Assigned
  Expiration: Unlimited
Register platform support module: E:/Unity/Hub/Editor/6000.3.11f1/Editor/Data/PlaybackEngines/AndroidPlayer/UnityEditor.Android.Extensions.dll
Registered in 0.012285 seconds.
- Loaded All Assemblies, in  0.690 seconds
Native extension for Android target not found
Native extension for WindowsStandalone target not found
Package Manager log level set to [2]
[Package Manager] Failed to launch server process. Reason: Unity was launched with the -noUpm command-line argument
[Package Manager] Unable to send message (not connected to server process).
[Package Manager] Cannot connect to Unity Package Manager local server
ScheduleIndexationOnStartup MainProcess:False IndexOnStartup:True
Mono: successfully reloaded assembly
- Finished resetting the current domain, in  0.372 seconds
Domain Reload Profiling: 1049ms
	BeginReloadAssembly (380ms)
		ExecutionOrderSort (0ms)
		DisableScriptedObjects (0ms)
		BackupInstance (0ms)
		ReleaseScriptingObjects (0ms)
		CreateAndSetChildDomain (1ms)
	RebuildCommonClasses (31ms)
	RebuildNativeTypeToScriptingClass (10ms)
	initialDomainReloadingComplete (74ms)
	LoadAllAssembliesAndSetupDomain (182ms)
		LoadAssemblies (352ms)
		RebuildTransferFunctionScriptingTraits (0ms)
		AnalyzeDomain (178ms)
			TypeCache.Refresh (176ms)
				TypeCache.ScanAssembly (164ms)
			BuildScriptInfoCaches (0ms)
			ResolveRequiredComponents (0ms)
	FinalizeReload (372ms)
		ReleaseScriptCaches (0ms)
		RebuildScriptCaches (0ms)
		SetupLoadedEditorAssemblies (335ms)
			LogAssemblyErrors (0ms)
			InitializePlatformSupportModulesInManaged (52ms)
			SetLoadedEditorAssemblies (3ms)
			BeforeProcessingInitializeOnLoad (73ms)
			ProcessInitializeOnLoadAttributes (148ms)
			ProcessInitializeOnLoadMethodAttributes (58ms)
			AfterProcessingInitializeOnLoad (0ms)
			EditorAssembliesLoaded (0ms)
		ExecutionOrderSort2 (0ms)
		AwakeInstancesAfterBackupRestoration (0ms)
========================================================================
Worker process is ready to serve import requests
Import Worker Mode flag is 0x00
Begin MonoManager ReloadAssembly
[Licensing::Client] Successfully resolved entitlement details
[Licensing::Module] License group:
  Id: F4-AKY6-PKNA-WNG4-95XJ-XXXX
  Product: Unity Personal
  Type: ULF
  Expiration: Unlimited
[Licensing::Module] License group:
  Id: 623459-UnityPersXXXX
  Product: Unity Personal
  Type: Assigned
  Expiration: Unlimited
Symbol file LoadedFromMemory is not a mono symbol file
- Loaded All Assemblies, in  1.442 seconds
Refreshing native plugins compatible for Editor in 2.88 ms, found 4 plugins.
Native extension for Android target not found
Native extension for WindowsStandalone target not found
[Package Manager] Failed to launch server process. Reason: Unity was launched with the -noUpm command-line argument
[Package Manager] Unable to send message (not connected to server process).
[Package Manager] Cannot connect to Unity Package Manager local server
[Package Manager] Failed to launch server process. Reason: Unity was launched with the -noUpm command-line argument
[Package Manager] Unable to send message (not connected to server process).
[Package Manager] Cannot connect to Unity Package Manager local server
System.Exception: Error! Visual Scripting: couldn't find visual scripting package
  at Unity.VisualScripting.PackageVersionUtility.get_version () [0x00043] in .\Library\PackageCache\com.unity.visualscripting@eb6004dcc707\Editor\VisualScripting.Core\Utilities\PackageVersionUtility.cs:31 
  at Unity.VisualScripting.BoltCoreManifest.get_version () [0x00000] in .\Library\PackageCache\com.unity.visualscripting@eb6004dcc707\Editor\VisualScripting.Core\Plugin\BoltCoreManifest.cs:11 
  at Unity.VisualScripting.PluginManifest.get_currentVersion () [0x00000] in .\Library\PackageCache\com.unity.visualscripting@eb6004dcc707\Editor\VisualScripting.Core\Plugins\PluginManifest.cs:33 
  at Unity.VisualScripting.PluginManifest.get_versionMismatch () [0x00000] in .\Library\PackageCache\com.unity.visualscripting@eb6004dcc707\Editor\VisualScripting.Core\Plugins\PluginManifest.cs:48 
  at Unity.VisualScripting.PluginContainer.Initialize () [0x00525] in .\Library\PackageCache\com.unity.visualscripting@eb6004dcc707\Editor\VisualScripting.Core\Plugins\PluginContainer.cs:208 
  at Unity.VisualScripting.PluginContainer.InitializeOnLoad () [0x00009] in .\Library\PackageCache\com.unity.visualscripting@eb6004dcc707\Editor\VisualScripting.Core\Plugins\PluginContainer.cs:32 
  at Unity.VisualScripting.VSUsageUtility.DoInitializeOnLoadCalls () [0x00034] in .\Library\PackageCache\com.unity.visualscripting@eb6004dcc707\Editor\VisualScripting.Core\Utilities\VSUsageUtility.cs:76 
  at Unity.VisualScripting.VSUsageUtility.set_isVisualScriptingUsed (System.Boolean value) [0x0002c] in .\Library\PackageCache\com.unity.visualscripting@eb6004dcc707\Editor\VisualScripting.Core\Utilities\VSUsageUtility.cs:114 
  at Unity.VisualScripting.VSUsageUtility.CheckAndSetIsVisualScriptingUsed () [0x00032] in .\Library\PackageCache\com.unity.visualscripting@eb6004dcc707\Editor\VisualScripting.Core\Utilities\VSUsageUtility.cs:48 
  at Unity.VisualScripting.VSUsageUtility..cctor () [0x00000] in .\Library\PackageCache\com.unity.visualscripting@eb6004dcc707\Editor\VisualScripting.Core\Utilities\VSUsageUtility.cs:22 
UnityEngine.Debug:ExtractStackTraceNoAlloc (byte*,int,string)
UnityEngine.StackTraceUtility:ExtractStackTrace ()
UnityEngine.DebugLogHandler:Internal_Log (UnityEngine.LogType,UnityEngine.LogOption,string,UnityEngine.Object)
UnityEngine.DebugLogHandler:LogFormat (UnityEngine.LogType,UnityEngine.Object,string,object[])
UnityEngine.Logger:Log (UnityEngine.LogType,object)
UnityEngine.Debug:LogError (object)
UnityEditor.EditorAssemblies:ProcessInitializeOnLoadAttributes (System.Type[])

Exception :System.IO.IOException: Sharing violation on path E:\Unity\Projects\FoxholeTools\Library\ScriptAssemblies\Unity.Timeline.dll
  at System.IO.FileStream..ctor (System.String path, System.IO.FileMode mode, System.IO.FileAccess access, System.IO.FileShare share, System.Int32 bufferSize, System.Boolean anonymous, System.IO.FileOptions options) [0x0019e] in <41d29b352f6a475ab1bf7c6628b82790>:0 
  at System.IO.FileStream..ctor (System.String path, System.IO.FileMode mode, System.IO.FileAccess access, System.IO.FileShare share) [0x00000] in <41d29b352f6a475ab1bf7c6628b82790>:0 
  at (wrapper remoting-invoke-with-check) System.IO.FileStream..ctor(string,System.IO.FileMode,System.IO.FileAccess,System.IO.FileShare)
  at Mono.CecilX.ModuleDefinition.GetFileStream (System.String fileName, System.IO.FileMode mode, System.IO.FileAccess access, System.IO.FileShare share) [0x00006] in <9a2bc2dadc3549b3bfc74bb584d58989>:0 
  at Mono.CecilX.ModuleDefinition.ReadModule (System.String fileName, Mono.CecilX.ReaderParameters parameters) [0x00008] in <9a2bc2dadc3549b3bfc74bb584d58989>:0 
  at Mono.CecilX.AssemblyDefinition.ReadAssembly (System.String fileName, Mono.CecilX.ReaderParameters parameters) [0x00000] in <9a2bc2dadc3549b3bfc74bb584d58989>:0 
  at Mirror.Weaver.Weaver.Weave (System.String assName, System.Collections.Generic.IEnumerable`1[T] dependencies) [0x00006] in E:\Unity\Projects\FoxholeTools\Assets\Mirror\Editor\Weaver\Weaver.cs:176 
  at Mirror.Weaver.Weaver.WeaveAssembly (System.String assembly, System.Collections.Generic.IEnumerable`1[T] dependencies) [0x00006] in E:\Unity\Projects\FoxholeTools\Assets\Mirror\Editor\Weaver\Weaver.cs:247 
UnityEngine.Debug:ExtractStackTraceNoAlloc (byte*,int,string)
UnityEngine.StackTraceUtility:ExtractStackTrace ()
UnityEngine.DebugLogHandler:Internal_Log (UnityEngine.LogType,UnityEngine.LogOption,string,UnityEngine.Object)
UnityEngine.DebugLogHandler:LogFormat (UnityEngine.LogType,UnityEngine.Object,string,object[])
UnityEngine.Logger:Log (UnityEngine.LogType,object)
UnityEngine.Debug:LogError (object)
Mirror.Weaver.CompilationFinishedHook:HandleError (string) (at Assets/Mirror/Editor/Weaver/CompilationFinishedHook.cs:35)
Mirror.Weaver.Weaver:WeaveAssembly (string,System.Collections.Generic.IEnumerable`1<string>) (at Assets/Mirror/Editor/Weaver/Weaver.cs:251)
Mirror.Weaver.CompilationFinishedHook:OnCompilationFinished (string,UnityEditor.Compilation.CompilerMessage[]) (at Assets/Mirror/Editor/Weaver/CompilationFinishedHook.cs:142)
Mirror.Weaver.CompilationFinishedHook:WeaveExistingAssemblies () (at Assets/Mirror/Editor/Weaver/CompilationFinishedHook.cs:62)
Mirror.Weaver.CompilationFinishedHook:OnInitializeOnLoad () (at Assets/Mirror/Editor/Weaver/CompilationFinishedHook.cs:52)
System.Reflection.RuntimeMethodInfo:Invoke (object,System.Reflection.BindingFlags,System.Reflection.Binder,object[],System.Globalization.CultureInfo)
System.Reflection.MethodBase:Invoke (object,object[])
UnityEditor.EditorAssemblies:ProcessInitializeOnLoadMethodAttributes ()

(Filename: Assets/Mirror/Editor/Weaver/CompilationFinishedHook.cs Line: 35)

Weaving failed for: Library/ScriptAssemblies/Unity.Timeline.dll
UnityEngine.Debug:ExtractStackTraceNoAlloc (byte*,int,string)
UnityEngine.StackTraceUtility:ExtractStackTrace ()
UnityEngine.DebugLogHandler:Internal_Log (UnityEngine.LogType,UnityEngine.LogOption,string,UnityEngine.Object)
UnityEngine.DebugLogHandler:LogFormat (UnityEngine.LogType,UnityEngine.Object,string,object[])
UnityEngine.Logger:Log (UnityEngine.LogType,object)
UnityEngine.Debug:LogError (object)
Mirror.Weaver.CompilationFinishedHook:OnCompilationFinished (string,UnityEditor.Compilation.CompilerMessage[]) (at Assets/Mirror/Editor/Weaver/CompilationFinishedHook.cs:146)
Mirror.Weaver.CompilationFinishedHook:WeaveExistingAssemblies () (at Assets/Mirror/Editor/Weaver/CompilationFinishedHook.cs:62)
Mirror.Weaver.CompilationFinishedHook:OnInitializeOnLoad () (at Assets/Mirror/Editor/Weaver/CompilationFinishedHook.cs:52)
System.Reflection.RuntimeMethodInfo:Invoke (object,System.Reflection.BindingFlags,System.Reflection.Binder,object[],System.Globalization.CultureInfo)
System.Reflection.MethodBase:Invoke (object,object[])
UnityEditor.EditorAssemblies:ProcessInitializeOnLoadMethodAttributes ()

(Filename: Assets/Mirror/Editor/Weaver/CompilationFinishedHook.cs Line: 146)

Exception :System.IO.IOException: Sharing violation on path E:\Unity\Projects\FoxholeTools\Library\ScriptAssemblies\gpm_common.dll
  at System.IO.FileStream..ctor (System.String path, System.IO.FileMode mode, System.IO.FileAccess access, System.IO.FileShare share, System.Int32 bufferSize, System.Boolean anonymous, System.IO.FileOptions options) [0x0019e] in <41d29b352f6a475ab1bf7c6628b82790>:0 
  at System.IO.FileStream..ctor (System.String path, System.IO.FileMode mode, System.IO.FileAccess access, System.IO.FileShare share) [0x00000] in <41d29b352f6a475ab1bf7c6628b82790>:0 
  at (wrapper remoting-invoke-with-check) System.IO.FileStream..ctor(string,System.IO.FileMode,System.IO.FileAccess,System.IO.FileShare)
  at Mono.CecilX.ModuleDefinition.GetFileStream (System.String fileName, System.IO.FileMode mode, System.IO.FileAccess access, System.IO.FileShare share) [0x00006] in <9a2bc2dadc3549b3bfc74bb584d58989>:0 
  at Mono.CecilX.ModuleDefinition.ReadModule (System.String fileName, Mono.CecilX.ReaderParameters parameters) [0x00008] in <9a2bc2dadc3549b3bfc74bb584d58989>:0 
  at Mono.CecilX.AssemblyDefinition.ReadAssembly (System.String fileName, Mono.CecilX.ReaderParameters parameters) [0x00000] in <9a2bc2dadc3549b3bfc74bb584d58989>:0 
  at Mirror.Weaver.Weaver.Weave (System.String assName, System.Collections.Generic.IEnumerable`1[T] dependencies) [0x00006] in E:\Unity\Projects\FoxholeTools\Assets\Mirror\Editor\Weaver\Weaver.cs:176 
  at Mirror.Weaver.Weaver.WeaveAssembly (System.String assembly, System.Collections.Generic.IEnumerable`1[T] dependencies) [0x00006] in E:\Unity\Projects\FoxholeTools\Assets\Mirror\Editor\Weaver\Weaver.cs:247 
UnityEngine.Debug:ExtractStackTraceNoAlloc (byte*,int,string)
UnityEngine.StackTraceUtility:ExtractStackTrace ()
UnityEngine.DebugLogHandler:Internal_Log (UnityEngine.LogType,UnityEngine.LogOption,string,UnityEngine.Object)
UnityEngine.DebugLogHandler:LogFormat (UnityEngine.LogType,UnityEngine.Object,string,object[])
UnityEngine.Logger:Log (UnityEngine.LogType,object)
UnityEngine.Debug:LogError (object)
Mirror.Weaver.CompilationFinishedHook:HandleError (string) (at Assets/Mirror/Editor/Weaver/CompilationFinishedHook.cs:35)
Mirror.Weaver.Weaver:WeaveAssembly (string,System.Collections.Generic.IEnumerable`1<string>) (at Assets/Mirror/Editor/Weaver/Weaver.cs:251)
Mirror.Weaver.CompilationFinishedHook:OnCompilationFinished (string,UnityEditor.Compilation.CompilerMessage[]) (at Assets/Mirror/Editor/Weaver/CompilationFinishedHook.cs:142)
Mirror.Weaver.CompilationFinishedHook:WeaveExistingAssemblies () (at Assets/Mirror/Editor/Weaver/CompilationFinishedHook.cs:62)
Mirror.Weaver.CompilationFinishedHook:OnInitializeOnLoad () (at Assets/Mirror/Editor/Weaver/CompilationFinishedHook.cs:52)
System.Reflection.RuntimeMethodInfo:Invoke (object,System.Reflection.BindingFlags,System.Reflection.Binder,object[],System.Globalization.CultureInfo)
System.Reflection.MethodBase:Invoke (object,object[])
UnityEditor.EditorAssemblies:ProcessInitializeOnLoadMethodAttributes ()

(Filename: Assets/Mirror/Editor/Weaver/CompilationFinishedHook.cs Line: 35)

Weaving failed for: Library/ScriptAssemblies/gpm_common.dll
UnityEngine.Debug:ExtractStackTraceNoAlloc (byte*,int,string)
UnityEngine.StackTraceUtility:ExtractStackTrace ()
UnityEngine.DebugLogHandler:Internal_Log (UnityEngine.LogType,UnityEngine.LogOption,string,UnityEngine.Object)
UnityEngine.DebugLogHandler:LogFormat (UnityEngine.LogType,UnityEngine.Object,string,object[])
UnityEngine.Logger:Log (UnityEngine.LogType,object)
UnityEngine.Debug:LogError (object)
Mirror.Weaver.CompilationFinishedHook:OnCompilationFinished (string,UnityEditor.Compilation.CompilerMessage[]) (at Assets/Mirror/Editor/Weaver/CompilationFinishedHook.cs:146)
Mirror.Weaver.CompilationFinishedHook:WeaveExistingAssemblies () (at Assets/Mirror/Editor/Weaver/CompilationFinishedHook.cs:62)
Mirror.Weaver.CompilationFinishedHook:OnInitializeOnLoad () (at Assets/Mirror/Editor/Weaver/CompilationFinishedHook.cs:52)
System.Reflection.RuntimeMethodInfo:Invoke (object,System.Reflection.BindingFlags,System.Reflection.Binder,object[],System.Globalization.CultureInfo)
System.Reflection.MethodBase:Invoke (object,object[])
UnityEditor.EditorAssemblies:ProcessInitializeOnLoadMethodAttributes ()

(Filename: Assets/Mirror/Editor/Weaver/CompilationFinishedHook.cs Line: 146)

Exception :System.IO.IOException: Sharing violation on path E:\Unity\Projects\FoxholeTools\Library\ScriptAssemblies\Unity.VisualScripting.Flow.dll
  at System.IO.FileStream..ctor (System.String path, System.IO.FileMode mode, System.IO.FileAccess access, System.IO.FileShare share, System.Int32 bufferSize, System.Boolean anonymous, System.IO.FileOptions options) [0x0019e] in <41d29b352f6a475ab1bf7c6628b82790>:0 
  at System.IO.FileStream..ctor (System.String path, System.IO.FileMode mode, System.IO.FileAccess access, System.IO.FileShare share) [0x00000] in <41d29b352f6a475ab1bf7c6628b82790>:0 
  at (wrapper remoting-invoke-with-check) System.IO.FileStream..ctor(string,System.IO.FileMode,System.IO.FileAccess,System.IO.FileShare)
  at Mono.CecilX.ModuleDefinition.GetFileStream (System.String fileName, System.IO.FileMode mode, System.IO.FileAccess access, System.IO.FileShare share) [0x00006] in <9a2bc2dadc3549b3bfc74bb584d58989>:0 
  at Mono.CecilX.ModuleDefinition.ReadModule (System.String fileName, Mono.CecilX.ReaderParameters parameters) [0x00008] in <9a2bc2dadc3549b3bfc74bb584d58989>:0 
  at Mono.CecilX.AssemblyDefinition.ReadAssembly (System.String fileName, Mono.CecilX.ReaderParameters parameters) [0x00000] in <9a2bc2dadc3549b3bfc74bb584d58989>:0 
  at Mirror.Weaver.Weaver.Weave (System.String assName, System.Collections.Generic.IEnumerable`1[T] dependencies) [0x00006] in E:\Unity\Projects\FoxholeTools\Assets\Mirror\Editor\Weaver\Weaver.cs:176 
  at Mirror.Weaver.Weaver.WeaveAssembly (System.String assembly, System.Collections.Generic.IEnumerable`1[T] dependencies) [0x00006] in E:\Unity\Projects\FoxholeTools\Assets\Mirror\Editor\Weaver\Weaver.cs:247 
UnityEngine.Debug:ExtractStackTraceNoAlloc (byte*,int,string)
UnityEngine.StackTraceUtility:ExtractStackTrace ()
UnityEngine.DebugLogHandler:Internal_Log (UnityEngine.LogType,UnityEngine.LogOption,string,UnityEngine.Object)
UnityEngine.DebugLogHandler:LogFormat (UnityEngine.LogType,UnityEngine.Object,string,object[])
UnityEngine.Logger:Log (UnityEngine.LogType,object)
UnityEngine.Debug:LogError (object)
Mirror.Weaver.CompilationFinishedHook:HandleError (string) (at Assets/Mirror/Editor/Weaver/CompilationFinishedHook.cs:35)
Mirror.Weaver.Weaver:WeaveAssembly (string,System.Collections.Generic.IEnumerable`1<string>) (at Assets/Mirror/Editor/Weaver/Weaver.cs:251)
Mirror.Weaver.CompilationFinishedHook:OnCompilationFinished (string,UnityEditor.Compilation.CompilerMessage[]) (at Assets/Mirror/Editor/Weaver/CompilationFinishedHook.cs:142)
Mirror.Weaver.CompilationFinishedHook:WeaveExistingAssemblies () (at Assets/Mirror/Editor/Weaver/CompilationFinishedHook.cs:62)
Mirror.Weaver.CompilationFinishedHook:OnInitializeOnLoad () (at Assets/Mirror/Editor/Weaver/CompilationFinishedHook.cs:52)
System.Reflection.RuntimeMethodInfo:Invoke (object,System.Reflection.BindingFlags,System.Reflection.Binder,object[],System.Globalization.CultureInfo)
System.Reflection.MethodBase:Invoke (object,object[])
UnityEditor.EditorAssemblies:ProcessInitializeOnLoadMethodAttributes ()

(Filename: Assets/Mirror/Editor/Weaver/CompilationFinishedHook.cs Line: 35)

Weaving failed for: Library/ScriptAssemblies/Unity.VisualScripting.Flow.dll
UnityEngine.Debug:ExtractStackTraceNoAlloc (byte*,int,string)
UnityEngine.StackTraceUtility:ExtractStackTrace ()
UnityEngine.DebugLogHandler:Internal_Log (UnityEngine.LogType,UnityEngine.LogOption,string,UnityEngine.Object)
UnityEngine.DebugLogHandler:LogFormat (UnityEngine.LogType,UnityEngine.Object,string,object[])
UnityEngine.Logger:Log (UnityEngine.LogType,object)
UnityEngine.Debug:LogError (object)
Mirror.Weaver.CompilationFinishedHook:OnCompilationFinished (string,UnityEditor.Compilation.CompilerMessage[]) (at Assets/Mirror/Editor/Weaver/CompilationFinishedHook.cs:146)
Mirror.Weaver.CompilationFinishedHook:WeaveExistingAssemblies () (at Assets/Mirror/Editor/Weaver/CompilationFinishedHook.cs:62)
Mirror.Weaver.CompilationFinishedHook:OnInitializeOnLoad () (at Assets/Mirror/Editor/Weaver/CompilationFinishedHook.cs:52)
System.Reflection.RuntimeMethodInfo:Invoke (object,System.Reflection.BindingFlags,System.Reflection.Binder,object[],System.Globalization.CultureInfo)
System.Reflection.MethodBase:Invoke (object,object[])
UnityEditor.EditorAssemblies:ProcessInitializeOnLoadMethodAttributes ()

(Filename: Assets/Mirror/Editor/Weaver/CompilationFinishedHook.cs Line: 146)

Exception :System.IO.IOException: Sharing violation on path E:\Unity\Projects\FoxholeTools\Library\ScriptAssemblies\Unity.Mathematics.dll
  at System.IO.FileStream..ctor (System.String path, System.IO.FileMode mode, System.IO.FileAccess access, System.IO.FileShare share, System.Int32 bufferSize, System.Boolean anonymous, System.IO.FileOptions options) [0x0019e] in <41d29b352f6a475ab1bf7c6628b82790>:0 
  at System.IO.FileStream..ctor (System.String path, System.IO.FileMode mode, System.IO.FileAccess access, System.IO.FileShare share) [0x00000] in <41d29b352f6a475ab1bf7c6628b82790>:0 
  at (wrapper remoting-invoke-with-check) System.IO.FileStream..ctor(string,System.IO.FileMode,System.IO.FileAccess,System.IO.FileShare)
  at Mono.CecilX.ModuleDefinition.GetFileStream (System.String fileName, System.IO.FileMode mode, System.IO.FileAccess access, System.IO.FileShare share) [0x00006] in <9a2bc2dadc3549b3bfc74bb584d58989>:0 
  at Mono.CecilX.ModuleDefinition.ReadModule (System.String fileName, Mono.CecilX.ReaderParameters parameters) [0x00008] in <9a2bc2dadc3549b3bfc74bb584d58989>:0 
  at Mono.CecilX.AssemblyDefinition.ReadAssembly (System.String fileName, Mono.CecilX.ReaderParameters parameters) [0x00000] in <9a2bc2dadc3549b3bfc74bb584d58989>:0 
  at Mirror.Weaver.Weaver.Weave (System.String assName, System.Collections.Generic.IEnumerable`1[T] dependencies) [0x00006] in E:\Unity\Projects\FoxholeTools\Assets\Mirror\Editor\Weaver\Weaver.cs:176 
  at Mirror.Weaver.Weaver.WeaveAssembly (System.String assembly, System.Collections.Generic.IEnumerable`1[T] dependencies) [0x00006] in E:\Unity\Projects\FoxholeTools\Assets\Mirror\Editor\Weaver\Weaver.cs:247 
UnityEngine.Debug:ExtractStackTraceNoAlloc (byte*,int,string)
UnityEngine.StackTraceUtility:ExtractStackTrace ()
UnityEngine.DebugLogHandler:Internal_Log (UnityEngine.LogType,UnityEngine.LogOption,string,UnityEngine.Object)
UnityEngine.DebugLogHandler:LogFormat (UnityEngine.LogType,UnityEngine.Object,string,object[])
UnityEngine.Logger:Log (UnityEngine.LogType,object)
UnityEngine.Debug:LogError (object)
Mirror.Weaver.CompilationFinishedHook:HandleError (string) (at Assets/Mirror/Editor/Weaver/CompilationFinishedHook.cs:35)
Mirror.Weaver.Weaver:WeaveAssembly (string,System.Collections.Generic.IEnumerable`1<string>) (at Assets/Mirror/Editor/Weaver/Weaver.cs:251)
Mirror.Weaver.CompilationFinishedHook:OnCompilationFinished (string,UnityEditor.Compilation.CompilerMessage[]) (at Assets/Mirror/Editor/Weaver/CompilationFinishedHook.cs:142)
Mirror.Weaver.CompilationFinishedHook:WeaveExistingAssemblies () (at Assets/Mirror/Editor/Weaver/CompilationFinishedHook.cs:62)
Mirror.Weaver.CompilationFinishedHook:OnInitializeOnLoad () (at Assets/Mirror/Editor/Weaver/CompilationFinishedHook.cs:52)
System.Reflection.RuntimeMethodInfo:Invoke (object,System.Reflection.BindingFlags,System.Reflection.Binder,object[],System.Globalization.CultureInfo)
System.Reflection.MethodBase:Invoke (object,object[])
UnityEditor.EditorAssemblies:ProcessInitializeOnLoadMethodAttributes ()

(Filename: Assets/Mirror/Editor/Weaver/CompilationFinishedHook.cs Line: 35)

Weaving failed for: Library/ScriptAssemblies/Unity.Mathematics.dll
UnityEngine.Debug:ExtractStackTraceNoAlloc (byte*,int,string)
UnityEngine.StackTraceUtility:ExtractStackTrace ()
UnityEngine.DebugLogHandler:Internal_Log (UnityEngine.LogType,UnityEngine.LogOption,string,UnityEngine.Object)
UnityEngine.DebugLogHandler:LogFormat (UnityEngine.LogType,UnityEngine.Object,string,object[])
UnityEngine.Logger:Log (UnityEngine.LogType,object)
UnityEngine.Debug:LogError (object)
Mirror.Weaver.CompilationFinishedHook:OnCompilationFinished (string,UnityEditor.Compilation.CompilerMessage[]) (at Assets/Mirror/Editor/Weaver/CompilationFinishedHook.cs:146)
Mirror.Weaver.CompilationFinishedHook:WeaveExistingAssemblies () (at Assets/Mirror/Editor/Weaver/CompilationFinishedHook.cs:62)
Mirror.Weaver.CompilationFinishedHook:OnInitializeOnLoad () (at Assets/Mirror/Editor/Weaver/CompilationFinishedHook.cs:52)
System.Reflection.RuntimeMethodInfo:Invoke (object,System.Reflection.BindingFlags,System.Reflection.Binder,object[],System.Globalization.CultureInfo)
System.Reflection.MethodBase:Invoke (object,object[])
UnityEditor.EditorAssemblies:ProcessInitializeOnLoadMethodAttributes ()

(Filename: Assets/Mirror/Editor/Weaver/CompilationFinishedHook.cs Line: 146)

Exception :System.IO.IOException: Sharing violation on path E:\Unity\Projects\FoxholeTools\Library\ScriptAssemblies\UnityEngine.UI.dll
  at System.IO.FileStream..ctor (System.String path, System.IO.FileMode mode, System.IO.FileAccess access, System.IO.FileShare share, System.Int32 bufferSize, System.Boolean anonymous, System.IO.FileOptions options) [0x0019e] in <41d29b352f6a475ab1bf7c6628b82790>:0 
  at System.IO.FileStream..ctor (System.String path, System.IO.FileMode mode, System.IO.FileAccess access, System.IO.FileShare share) [0x00000] in <41d29b352f6a475ab1bf7c6628b82790>:0 
  at (wrapper remoting-invoke-with-check) System.IO.FileStream..ctor(string,System.IO.FileMode,System.IO.FileAccess,System.IO.FileShare)
  at Mono.CecilX.ModuleDefinition.GetFileStream (System.String fileName, System.IO.FileMode mode, System.IO.FileAccess access, System.IO.FileShare share) [0x00006] in <9a2bc2dadc3549b3bfc74bb584d58989>:0 
  at Mono.CecilX.ModuleDefinition.ReadModule (System.String fileName, Mono.CecilX.ReaderParameters parameters) [0x00008] in <9a2bc2dadc3549b3bfc74bb584d58989>:0 
  at Mono.CecilX.AssemblyDefinition.ReadAssembly (System.String fileName, Mono.CecilX.ReaderParameters parameters) [0x00000] in <9a2bc2dadc3549b3bfc74bb584d58989>:0 
  at Mirror.Weaver.Weaver.Weave (System.String assName, System.Collections.Generic.IEnumerable`1[T] dependencies) [0x00006] in E:\Unity\Projects\FoxholeTools\Assets\Mirror\Editor\Weaver\Weaver.cs:176 
  at Mirror.Weaver.Weaver.WeaveAssembly (System.String assembly, System.Collections.Generic.IEnumerable`1[T] dependencies) [0x00006] in E:\Unity\Projects\FoxholeTools\Assets\Mirror\Editor\Weaver\Weaver.cs:247 
UnityEngine.Debug:ExtractStackTraceNoAlloc (byte*,int,string)
UnityEngine.StackTraceUtility:ExtractStackTrace ()
UnityEngine.DebugLogHandler:Internal_Log (UnityEngine.LogType,UnityEngine.LogOption,string,UnityEngine.Object)
UnityEngine.DebugLogHandler:LogFormat (UnityEngine.LogType,UnityEngine.Object,string,object[])
UnityEngine.Logger:Log (UnityEngine.LogType,object)
UnityEngine.Debug:LogError (object)
Mirror.Weaver.CompilationFinishedHook:HandleError (string) (at Assets/Mirror/Editor/Weaver/CompilationFinishedHook.cs:35)
Mirror.Weaver.Weaver:WeaveAssembly (string,System.Collections.Generic.IEnumerable`1<string>) (at Assets/Mirror/Editor/Weaver/Weaver.cs:251)
Mirror.Weaver.CompilationFinishedHook:OnCompilationFinished (string,UnityEditor.Compilation.CompilerMessage[]) (at Assets/Mirror/Editor/Weaver/CompilationFinishedHook.cs:142)
Mirror.Weaver.CompilationFinishedHook:WeaveExistingAssemblies () (at Assets/Mirror/Editor/Weaver/CompilationFinishedHook.cs:62)
Mirror.Weaver.CompilationFinishedHook:OnInitializeOnLoad () (at Assets/Mirror/Editor/Weaver/CompilationFinishedHook.cs:52)
System.Reflection.RuntimeMethodInfo:Invoke (object,System.Reflection.BindingFlags,System.Reflection.Binder,object[],System.Globalization.CultureInfo)
System.Reflection.MethodBase:Invoke (object,object[])
UnityEditor.EditorAssemblies:ProcessInitializeOnLoadMethodAttributes ()

(Filename: Assets/Mirror/Editor/Weaver/CompilationFinishedHook.cs Line: 35)

Weaving failed for: Library/ScriptAssemblies/UnityEngine.UI.dll
UnityEngine.Debug:ExtractStackTraceNoAlloc (byte*,int,string)
UnityEngine.StackTraceUtility:ExtractStackTrace ()
UnityEngine.DebugLogHandler:Internal_Log (UnityEngine.LogType,UnityEngine.LogOption,string,UnityEngine.Object)
UnityEngine.DebugLogHandler:LogFormat (UnityEngine.LogType,UnityEngine.Object,string,object[])
UnityEngine.Logger:Log (UnityEngine.LogType,object)
UnityEngine.Debug:LogError (object)
Mirror.Weaver.CompilationFinishedHook:OnCompilationFinished (string,UnityEditor.Compilation.CompilerMessage[]) (at Assets/Mirror/Editor/Weaver/CompilationFinishedHook.cs:146)
Mirror.Weaver.CompilationFinishedHook:WeaveExistingAssemblies () (at Assets/Mirror/Editor/Weaver/CompilationFinishedHook.cs:62)
Mirror.Weaver.CompilationFinishedHook:OnInitializeOnLoad () (at Assets/Mirror/Editor/Weaver/CompilationFinishedHook.cs:52)
System.Reflection.RuntimeMethodInfo:Invoke (object,System.Reflection.BindingFlags,System.Reflection.Binder,object[],System.Globalization.CultureInfo)
System.Reflection.MethodBase:Invoke (object,object[])
UnityEditor.EditorAssemblies:ProcessInitializeOnLoadMethodAttributes ()

(Filename: Assets/Mirror/Editor/Weaver/CompilationFinishedHook.cs Line: 146)

Find all reader and writers took 174 milliseconds
Script Module: Unity.Collections.dll
Weave behaviours and messages took72 milliseconds
Find all reader and writers took 133 milliseconds
Script Module: Unity.2D.IK.Runtime.dll
Weave behaviours and messages took3 milliseconds
Find all reader and writers took 148 milliseconds
Script Module: Unity.VisualScripting.Core.dll
Weave behaviours and messages took68 milliseconds
Find all reader and writers took 165 milliseconds
Script Module: Unity.Burst.dll
Weave behaviours and messages took33 milliseconds
Find all reader and writers took 220 milliseconds
Script Module: PsdPlugin.dll
Weave behaviours and messages took8 milliseconds
Find all reader and writers took 155 milliseconds
Script Module: gpm_webview.dll
Weave behaviours and messages took3 milliseconds
Find all reader and writers took 193 milliseconds
Script Module: Unity.InternalAPIEditorBridge.001.dll
Weave behaviours and messages took7 milliseconds
Find all reader and writers took 143 milliseconds
Script Module: Unity.2D.SpriteShape.Runtime.dll
Weave behaviours and messages took11 milliseconds
Find all reader and writers took 212 milliseconds
Script Module: Unity.InternalAPIEngineBridge.004.dll
Weave behaviours and messages took0 milliseconds
Find all reader and writers took 149 milliseconds
Script Module: ScriptablePacker.dll
Weave behaviours and messages took4 milliseconds
Find all reader and writers took 189 milliseconds
Script Module: gpm_manager.dll
Weave behaviours and messages took4 milliseconds
Find all reader and writers took 128 milliseconds
Script Module: Unity.Burst.CodeGen.dll
Weave behaviours and messages took7 milliseconds
Find all reader and writers took 130 milliseconds
Script Module: Unity.AI.Navigation.dll
Weave behaviours and messages took3 milliseconds
Find all reader and writers took 148 milliseconds
Script Module: Unity.VisualScripting.State.dll
Weave behaviours and messages took2 milliseconds
Find all reader and writers took 153 milliseconds
Script Module: gpm_communicator.dll
Weave behaviours and messages took0 milliseconds
Find all reader and writers took 189 milliseconds
Script Module: Unity.2D.Animation.Runtime.dll
Weave behaviours and messages took6 milliseconds
Find all reader and writers took 145 milliseconds
Script Module: Telepathy.dll
Weave behaviours and messages took2 milliseconds
Find all reader and writers took 249 milliseconds
Script Module: UnityEditor.UI.dll
Weave behaviours and messages took6 milliseconds
Find all reader and writers took 182 milliseconds
Script Module: Unity.TextMeshPro.dll
Weave behaviours and messages took45 milliseconds
Find all reader and writers took 177 milliseconds
Script Module: Unity.InternalAPIEngineBridge.001.dll
Weave behaviours and messages took0 milliseconds
Find all reader and writers took 139 milliseconds
Script Module: Unity.AI.Navigation.Updater.dll
Weave behaviours and messages took1 milliseconds
Find all reader and writers took 163 milliseconds
Script Module: SimpleWebTransport.dll
Weave behaviours and messages took3 milliseconds
Find all reader and writers took 181 milliseconds
Script Module: kcp2k.dll
Weave behaviours and messages took5 milliseconds
Find all reader and writers took 167 milliseconds
Script Module: Unity.2D.PixelPerfect.dll
Weave behaviours and messages took0 milliseconds
Find all reader and writers took 168 milliseconds
Script Module: Unity.2D.Common.Runtime.dll
Weave behaviours and messages took4 milliseconds
Find all reader and writers took 167 milliseconds
Script Module: Unity.Multiplayer.Center.Common.dll
Weave behaviours and messages took0 milliseconds
Find all reader and writers took 153 milliseconds
Script Module: Unity.Collections.CodeGen.dll
Weave behaviours and messages took2 milliseconds
Find all reader and writers took 123 milliseconds
Script Module: UnityEditor.UI.Analytics.dll
Weave behaviours and messages took0 milliseconds
Find all reader and writers took 178 milliseconds
Script Module: ParrelSync.dll
Weave behaviours and messages took4 milliseconds
Find all reader and writers took 192 milliseconds
Script Module: Unity.VisualScripting.DocCodeExamples.dll
Weave behaviours and messages took0 milliseconds
Find all reader and writers took 416 milliseconds
Script Module: Assembly-CSharp-firstpass.dll
Weave behaviours and messages took25 milliseconds
Find all reader and writers took 244 milliseconds
Script Module: Mirror.CompilerSymbols.dll
Weave behaviours and messages took0 milliseconds
ScheduleIndexationOnStartup MainProcess:False IndexOnStartup:True
Mono: successfully reloaded assembly
- Finished resetting the current domain, in 19.066 seconds
Domain Reload Profiling: 20465ms
	BeginReloadAssembly (333ms)
		ExecutionOrderSort (0ms)
		DisableScriptedObjects (4ms)
		BackupInstance (0ms)
		ReleaseScriptingObjects (0ms)
		CreateAndSetChildDomain (28ms)
	RebuildCommonClasses (43ms)
	RebuildNativeTypeToScriptingClass (10ms)
	initialDomainReloadingComplete (84ms)
	LoadAllAssembliesAndSetupDomain (929ms)
		LoadAssemblies (920ms)
		RebuildTransferFunctionScriptingTraits (0ms)
		AnalyzeDomain (248ms)
			TypeCache.Refresh (199ms)
				TypeCache.ScanAssembly (181ms)
			BuildScriptInfoCaches (40ms)
			ResolveRequiredComponents (5ms)
	FinalizeReload (19067ms)
		ReleaseScriptCaches (0ms)
		RebuildScriptCaches (0ms)
		SetupLoadedEditorAssemblies (18968ms)
			LogAssemblyErrors (0ms)
			InitializePlatformSupportModulesInManaged (6ms)
			SetLoadedEditorAssemblies (3ms)
			BeforeProcessingInitializeOnLoad (311ms)
			ProcessInitializeOnLoadAttributes (793ms)
			ProcessInitializeOnLoadMethodAttributes (17784ms)
			AfterProcessingInitializeOnLoad (70ms)
			EditorAssembliesLoaded (0ms)
		ExecutionOrderSort2 (0ms)
		AwakeInstancesAfterBackupRestoration (5ms)
Launched and connected shader compiler UnityShaderCompiler.exe after 0.02 seconds
Refreshing native plugins compatible for Editor in 23.32 ms, found 4 plugins.
Preloading 0 native plugins for Editor in 0.00 ms.
Unloading 0 Unused Serialized files (Serialized files now loaded: 0)
Unloading 5383 unused Assets / (1.8 MB). Loaded Objects now: 5963.
Memory consumption went from 110.6 MB to 108.8 MB.
Total: 19.051800 ms (FindLiveObjects: 0.777800 ms CreateObjectMapping: 0.368900 ms MarkObjects: 16.146100 ms  DeleteObjects: 1.757800 ms)

========================================================================
Received Import Request.
  Time since last request: 1279268.476916 seconds.
  path: Assets/Mirror/Components/Mirror.Components.asmdef
  artifactKey: Guid(72872094b21c16e48b631b2224833d49) Importer(2089858483,797179f86c6e516b54ff30bda720a719)
Start importing Assets/Mirror/Components/Mirror.Components.asmdef using Guid(72872094b21c16e48b631b2224833d49) Importer(2089858483,797179f86c6e516b54ff30bda720a719) (ScriptedImporter) -> (artifact id: '0fc1e70258f31c1af3a7e609f39920e8') in 0.0996837 seconds
Number of updated asset objects reloaded before import = 0Number of asset objects unloaded after import = 1

========================================================================
Received Import Request.
  Time since last request: 0.000017 seconds.
  path: Assets/GPM/Manager/README.pdf
  artifactKey: Guid(5edced479195fd643ac1cc5dd35eb362) Importer(2089858483,797179f86c6e516b54ff30bda720a719)
Start importing Assets/GPM/Manager/README.pdf using Guid(5edced479195fd643ac1cc5dd35eb362) Importer(2089858483,797179f86c6e516b54ff30bda720a719) (ScriptedImporter) -> (artifact id: 'a48428b098eceea1b746395006d2fc31') in 0.0400515 seconds
Number of updated asset objects reloaded before import = 0Number of asset objects unloaded after import = 1

========================================================================
Received Import Request.
  Time since last request: 0.000016 seconds.
  path: Assets/Mirror/Components/NetworkTransform.cs
  artifactKey: Guid(2f74aedd71d9a4f55b3ce499326d45fb) Importer(2089858483,797179f86c6e516b54ff30bda720a719)
Start importing Assets/Mirror/Components/NetworkTransform.cs using Guid(2f74aedd71d9a4f55b3ce499326d45fb) Importer(2089858483,797179f86c6e516b54ff30bda720a719) (ScriptedImporter) -> (artifact id: '0795339f9a992e3a5e14fe3ea864c451') in 0.0330072 seconds
Number of updated asset objects reloaded before import = 0Number of asset objects unloaded after import = 0

========================================================================
Received Import Request.
  Time since last request: 0.000033 seconds.
  path: Assets/Mirror/Editor/NetworkBehaviourInspector.cs
  artifactKey: Guid(f02853db46b6346e4866594a96c3b0e7) Importer(2089858483,797179f86c6e516b54ff30bda720a719)
Start importing Assets/Mirror/Editor/NetworkBehaviourInspector.cs using Guid(f02853db46b6346e4866594a96c3b0e7) Importer(2089858483,797179f86c6e516b54ff30bda720a719) (ScriptedImporter) -> (artifact id: '31fcaf6b2a3e5a860290043d79f5f702') in 0.0332895 seconds
Number of updated asset objects reloaded before import = 0Number of asset objects unloaded after import = 0

========================================================================
Received Import Request.
  Time since last request: 0.000053 seconds.
  path: Assets/Mirror/Editor/Mirror.Editor.asmdef
  artifactKey: Guid(1c7c33eb5480dd24c9e29a8250c1a775) Importer(2089858483,797179f86c6e516b54ff30bda720a719)
Start importing Assets/Mirror/Editor/Mirror.Editor.asmdef using Guid(1c7c33eb5480dd24c9e29a8250c1a775) Importer(2089858483,797179f86c6e516b54ff30bda720a719) (ScriptedImporter) -> (artifact id: '11f0c8035a875b42e0fef1c5480f3ccd') in 0.0796106 seconds
Number of updated asset objects reloaded before import = 0Number of asset objects unloaded after import = 1

========================================================================
Received Import Request.
  Time since last request: 0.000099 seconds.
  path: Assets/MapToolPack/Maps/MapKalokaiHex.TGA
  artifactKey: Guid(e0e3a25a288581c4580be5e7d746325d) Importer(2089858483,797179f86c6e516b54ff30bda720a719)
Start importing Assets/MapToolPack/Maps/MapKalokaiHex.TGA using Guid(e0e3a25a288581c4580be5e7d746325d) Importer(2089858483,797179f86c6e516b54ff30bda720a719) (ScriptedImporter) -> (artifact id: 'd528bdf30395f1f4ca47ddc0330a7917') in 0.0779339 seconds
Number of updated asset objects reloaded before import = 0Number of asset objects unloaded after import = 2

========================================================================
Received Import Request.
  Time since last request: 0.000016 seconds.
  path: Assets/Scripts/MapContextMenu.cs
  artifactKey: Guid(cb390ec57cdccbf44bcfc60dc4cd4212) Importer(2089858483,797179f86c6e516b54ff30bda720a719)
Start importing Assets/Scripts/MapContextMenu.cs using Guid(cb390ec57cdccbf44bcfc60dc4cd4212) Importer(2089858483,797179f86c6e516b54ff30bda720a719) (ScriptedImporter) -> (artifact id: '66c9c111f0b84750386fbafacd99e266') in 0.0644176 seconds
Number of updated asset objects reloaded before import = 0Number of asset objects unloaded after import = 0

========================================================================
Received Import Request.
  Time since last request: 0.000020 seconds.
  path: Assets/MapToolPack/Maps Post 1.0/MapHowlCountyHex.TGA
  artifactKey: Guid(d5e34e36d4f5497468c643b304157e29) Importer(2089858483,797179f86c6e516b54ff30bda720a719)
Start importing Assets/MapToolPack/Maps Post 1.0/MapHowlCountyHex.TGA using Guid(d5e34e36d4f5497468c643b304157e29) Importer(2089858483,797179f86c6e516b54ff30bda720a719) (ScriptedImporter) -> (artifact id: 'e1f163c973893d6ebcdeeff1b43fe606') in 0.0628607 seconds
Number of updated asset objects reloaded before import = 0Number of asset objects unloaded after import = 2

========================================================================
Received Import Request.
  Time since last request: 0.000025 seconds.
  path: Assets/Mirror/Components/NetworkOwnerChecker.cs
  artifactKey: Guid(25fd0c51bbe07c140bc30978b91e9182) Importer(2089858483,797179f86c6e516b54ff30bda720a719)
Start importing Assets/Mirror/Components/NetworkOwnerChecker.cs using Guid(25fd0c51bbe07c140bc30978b91e9182) Importer(2089858483,797179f86c6e516b54ff30bda720a719) (ScriptedImporter) -> (artifact id: '0232c0d3f42849ef6584368fc151df12') in 0.0511582 seconds
Number of updated asset objects reloaded before import = 0Number of asset objects unloaded after import = 0

========================================================================
Received Import Request.
  Time since last request: 0.000063 seconds.
  path: Assets/Mirror/Components/NetworkLobbyPlayer.cs
  artifactKey: Guid(777a368af85f2e84da7ea5666581921b) Importer(2089858483,797179f86c6e516b54ff30bda720a719)
Start importing Assets/Mirror/Components/NetworkLobbyPlayer.cs using Guid(777a368af85f2e84da7ea5666581921b) Importer(2089858483,797179f86c6e516b54ff30bda720a719) (ScriptedImporter) -> (artifact id: 'c70db051457fd1b8ef20872a773ba250') in 0.0487735 seconds
Number of updated asset objects reloaded before import = 0Number of asset objects unloaded after import = 0

========================================================================
Received Import Request.
  Time since last request: 0.000055 seconds.
  path: Assets/Mirror/Components/NetworkMatchChecker.cs
  artifactKey: Guid(1020a74962faada4b807ac5dc053a4cf) Importer(2089858483,797179f86c6e516b54ff30bda720a719)
Start importing Assets/Mirror/Components/NetworkMatchChecker.cs using Guid(1020a74962faada4b807ac5dc053a4cf) Importer(2089858483,797179f86c6e516b54ff30bda720a719) (ScriptedImporter) -> (artifact id: '7b6b788a06dcc07f9b936444f840224c') in 0.0420701 seconds
Number of updated asset objects reloaded before import = 0Number of asset objects unloaded after import = 0

========================================================================
Received Import Request.
  Time since last request: 0.000095 seconds.
  path: Assets/Scripts/DataManager.cs
  artifactKey: Guid(aed4f21e88669a64fa8e946bbaceef8f) Importer(2089858483,797179f86c6e516b54ff30bda720a719)
Start importing Assets/Scripts/DataManager.cs using Guid(aed4f21e88669a64fa8e946bbaceef8f) Importer(2089858483,797179f86c6e516b54ff30bda720a719) (ScriptedImporter) -> (artifact id: 'f10b232fd8effccee9ca1d87a5d6146a') in 0.1478872 seconds
Number of updated asset objects reloaded before import = 0Number of asset objects unloaded after import = 0

========================================================================
Received Import Request.
  Time since last request: 0.000129 seconds.
  path: Assets/Mirror/CompilerSymbols/Mirror.CompilerSymbols.asmdef
  artifactKey: Guid(325984b52e4128546bc7558552f8b1d2) Importer(2089858483,797179f86c6e516b54ff30bda720a719)
Start importing Assets/Mirror/CompilerSymbols/Mirror.CompilerSymbols.asmdef using Guid(325984b52e4128546bc7558552f8b1d2) Importer(2089858483,797179f86c6e516b54ff30bda720a719) (ScriptedImporter) -> (artifact id: '23c1d97e0c4d062eddaa78912e73bcdd') in 0.144947 seconds
Number of updated asset objects reloaded before import = 0Number of asset objects unloaded after import = 1

========================================================================
Received Import Request.
  Time since last request: 0.000014 seconds.
  path: Assets/Mirror/Runtime/ExponentialMovingAverage.cs
  artifactKey: Guid(05e858cbaa54b4ce4a48c8c7f50c1914) Importer(2089858483,797179f86c6e516b54ff30bda720a719)
Start importing Assets/Mirror/Runtime/ExponentialMovingAverage.cs using Guid(05e858cbaa54b4ce4a48c8c7f50c1914) Importer(2089858483,797179f86c6e516b54ff30bda720a719) (ScriptedImporter) -> (artifact id: 'b2129d18cbb044d8e654f2b01ac7a814') in 0.0528548 seconds
Number of updated asset objects reloaded before import = 0Number of asset objects unloaded after import = 0

========================================================================
Received Import Request.
  Time since last request: 0.000049 seconds.
  path: Assets/Mirror/Runtime/NetworkReaderPool.cs
  artifactKey: Guid(2bacff63613ad634a98f9e4d15d29dbf) Importer(2089858483,797179f86c6e516b54ff30bda720a719)
Start importing Assets/Mirror/Runtime/NetworkReaderPool.cs using Guid(2bacff63613ad634a98f9e4d15d29dbf) Importer(2089858483,797179f86c6e516b54ff30bda720a719) (ScriptedImporter) -> (artifact id: 'a56229bc339f1aac3e50f23c3cc83020') in 0.0592311 seconds
Number of updated asset objects reloaded before import = 0Number of asset objects unloaded after import = 0

========================================================================
Received Import Request.
  Time since last request: 0.000074 seconds.
  path: Assets/Prefabs/UI/MapPin.prefab
  artifactKey: Guid(13a8f1437c787774baabf9e963b22dcf) Importer(2089858483,797179f86c6e516b54ff30bda720a719)
Start importing Assets/Prefabs/UI/MapPin.prefab using Guid(13a8f1437c787774baabf9e963b22dcf) Importer(2089858483,797179f86c6e516b54ff30bda720a719) (ScriptedImporter) -> (artifact id: '6f2ccd3e1802537e13f81089afe7a0a6') in 0.0863467 seconds
Number of updated asset objects reloaded before import = 0Number of asset objects unloaded after import = 9

========================================================================
Received Import Request.
  Time since last request: 0.000050 seconds.
  path: Assets/Mirror/Runtime/NetworkConnectionToClient.cs
  artifactKey: Guid(bb2195f8b29d24f0680a57fde2e9fd09) Importer(2089858483,797179f86c6e516b54ff30bda720a719)
Start importing Assets/Mirror/Runtime/NetworkConnectionToClient.cs using Guid(bb2195f8b29d24f0680a57fde2e9fd09) Importer(2089858483,797179f86c6e516b54ff30bda720a719) (ScriptedImporter) -> (artifact id: '87a23ee788c3aeeac7ef356a74082c46') in 0.0535786 seconds
Number of updated asset objects reloaded before import = 0Number of asset objects unloaded after import = 0

========================================================================
Received Import Request.
  Time since last request: 0.000061 seconds.
  path: Assets/Prefabs/UI/LogElement.prefab
  artifactKey: Guid(8b2d18715c21c3a44b408d7ed632ec1c) Importer(2089858483,797179f86c6e516b54ff30bda720a719)
Start importing Assets/Prefabs/UI/LogElement.prefab using Guid(8b2d18715c21c3a44b408d7ed632ec1c) Importer(2089858483,797179f86c6e516b54ff30bda720a719) (ScriptedImporter) -> (artifact id: 'cb71b38d9919ff6ad23ecc2069e53fef') in 0.1287199 seconds
Number of updated asset objects reloaded before import = 0Number of asset objects unloaded after import = 12

========================================================================
Received Import Request.
  Time since last request: 0.000035 seconds.
  path: Assets/ParrelSync/ParrelSync/package.json
  artifactKey: Guid(a2a889c264e34b47a7349cbcb2cbedd7) Importer(2089858483,797179f86c6e516b54ff30bda720a719)
Start importing Assets/ParrelSync/ParrelSync/package.json using Guid(a2a889c264e34b47a7349cbcb2cbedd7) Importer(2089858483,797179f86c6e516b54ff30bda720a719) (ScriptedImporter) -> (artifact id: 'bd373501faaca5a7a4b95556da8c655c') in 0.0612785 seconds
Number of updated asset objects reloaded before import = 0Number of asset objects unloaded after import = 1

========================================================================
Received Import Request.
  Time since last request: 0.000038 seconds.
  path: Assets/Plugins/Unity-mongo-csharp-driver-dlls-master/System.Buffers.dll
  artifactKey: Guid(51b7e577662635846b03cc5ce8c9817f) Importer(2089858483,797179f86c6e516b54ff30bda720a719)
Start importing Assets/Plugins/Unity-mongo-csharp-driver-dlls-master/System.Buffers.dll using Guid(51b7e577662635846b03cc5ce8c9817f) Importer(2089858483,797179f86c6e516b54ff30bda720a719) (ScriptedImporter) -> (artifact id: '6df83080ab60acb871d2bd3548a48478') in 0.0777808 seconds
Number of updated asset objects reloaded before import = 0Number of asset objects unloaded after import = 0

========================================================================
Received Import Request.
  Time since last request: 0.000097 seconds.
  path: Assets/ParrelSync/Examples/CustomArgumentExample.cs
  artifactKey: Guid(346d302ecc25a9a41b48b857ce51d873) Importer(2089858483,797179f86c6e516b54ff30bda720a719)
Start importing Assets/ParrelSync/Examples/CustomArgumentExample.cs using Guid(346d302ecc25a9a41b48b857ce51d873) Importer(2089858483,797179f86c6e516b54ff30bda720a719) (ScriptedImporter) -> (artifact id: '2d6f68035ca52edbd773c8a0c6ef009a') in 0.0551325 seconds
Number of updated asset objects reloaded before import = 0Number of asset objects unloaded after import = 0

========================================================================
Received Import Request.
  Time since last request: 0.000087 seconds.
  path: Assets/Mirror/Runtime/NetworkClient.cs
  artifactKey: Guid(abe6be14204d94224a3e7cd99dd2ea73) Importer(2089858483,797179f86c6e516b54ff30bda720a719)
Start importing Assets/Mirror/Runtime/NetworkClient.cs using Guid(abe6be14204d94224a3e7cd99dd2ea73) Importer(2089858483,797179f86c6e516b54ff30bda720a719) (ScriptedImporter) -> (artifact id: '26eff3e3b92356936d3aadbc2bdcb6aa') in 0.057819 seconds
Number of updated asset objects reloaded before import = 0Number of asset objects unloaded after import = 0

========================================================================
Received Import Request.
  Time since last request: 0.000050 seconds.
  path: Assets/Mirror/Runtime/NetworkManagerHUD.cs
  artifactKey: Guid(6442dc8070ceb41f094e44de0bf87274) Importer(2089858483,797179f86c6e516b54ff30bda720a719)
Start importing Assets/Mirror/Runtime/NetworkManagerHUD.cs using Guid(6442dc8070ceb41f094e44de0bf87274) Importer(2089858483,797179f86c6e516b54ff30bda720a719) (ScriptedImporter) -> (artifact id: '59f0589b43a091e59f6c3e9323d8ece7') in 0.0750461 seconds
Number of updated asset objects reloaded before import = 0Number of asset objects unloaded after import = 0

========================================================================
Received Import Request.
  Time since last request: 0.000022 seconds.
  path: Assets/Mirror/Runtime/LocalConnections.cs
  artifactKey: Guid(a88758df7db2043d6a9d926e0b6d4191) Importer(2089858483,797179f86c6e516b54ff30bda720a719)
Start importing Assets/Mirror/Runtime/LocalConnections.cs using Guid(a88758df7db2043d6a9d926e0b6d4191) Importer(2089858483,797179f86c6e516b54ff30bda720a719) (ScriptedImporter) -> (artifact id: '0e80e68827066501a7c6da0a6c1efd72') in 0.0851427 seconds
Number of updated asset objects reloaded before import = 0Number of asset objects unloaded after import = 0

========================================================================
Received Import Request.
  Time since last request: 0.000033 seconds.
  path: Assets/Mirror/Editor/NetworkInformationPreview.cs
  artifactKey: Guid(51a99294efe134232932c34606737356) Importer(2089858483,797179f86c6e516b54ff30bda720a719)
Start importing Assets/Mirror/Editor/NetworkInformationPreview.cs using Guid(51a99294efe134232932c34606737356) Importer(2089858483,797179f86c6e516b54ff30bda720a719) (ScriptedImporter) -> (artifact id: 'd21b957f5bba153e34c84d17fc2ed2fa') in 0.1315335 seconds
Number of updated asset objects reloaded before import = 0Number of asset objects unloaded after import = 0

========================================================================
Received Import Request.
  Time since last request: 0.000115 seconds.
  path: Assets/Resources/Fonts/NanumGothic-Regular SDF.asset
  artifactKey: Guid(7233a660509ab9c449b7384b13c91d53) Importer(2089858483,797179f86c6e516b54ff30bda720a719)
Start importing Assets/Resources/Fonts/NanumGothic-Regular SDF.asset using Guid(7233a660509ab9c449b7384b13c91d53) Importer(2089858483,797179f86c6e516b54ff30bda720a719) (ScriptedImporter) -> (artifact id: '616175c580e15e7a0984c0387e348419') in 0.1571957 seconds
Number of updated asset objects reloaded before import = 0Number of asset objects unloaded after import = 3

========================================================================
Received Import Request.
  Time since last request: 0.000015 seconds.
  path: Assets/Mirror/Runtime/Pool.cs
  artifactKey: Guid(845bb05fa349344c3811022f4f15dfbc) Importer(2089858483,797179f86c6e516b54ff30bda720a719)
Start importing Assets/Mirror/Runtime/Pool.cs using Guid(845bb05fa349344c3811022f4f15dfbc) Importer(2089858483,797179f86c6e516b54ff30bda720a719) (ScriptedImporter) -> (artifact id: '8050c60eaf1584b1fdc0dc47680f9750') in 0.0445985 seconds
Number of updated asset objects reloaded before import = 0Number of asset objects unloaded after import = 0

========================================================================
Received Import Request.
  Time since last request: 0.000072 seconds.
  path: Assets/Mirror/Runtime/SyncObject.cs
  artifactKey: Guid(ae226d17a0c844041aa24cc2c023dd49) Importer(2089858483,797179f86c6e516b54ff30bda720a719)
Start importing Assets/Mirror/Runtime/SyncObject.cs using Guid(ae226d17a0c844041aa24cc2c023dd49) Importer(2089858483,797179f86c6e516b54ff30bda720a719) (ScriptedImporter) -> (artifact id: '2ea62e79d8d9d05f9612df4158040c3e') in 0.0879391 seconds
Number of updated asset objects reloaded before import = 0Number of asset objects unloaded after import = 0

========================================================================
Received Import Request.
  Time since last request: 0.000046 seconds.
  path: Assets/TextMesh Pro/Shaders/TMPro_Mobile.cginc
  artifactKey: Guid(c334973cef89a9840b0b0c507e0377ab) Importer(2089858483,797179f86c6e516b54ff30bda720a719)
Start importing Assets/TextMesh Pro/Shaders/TMPro_Mobile.cginc using Guid(c334973cef89a9840b0b0c507e0377ab) Importer(2089858483,797179f86c6e516b54ff30bda720a719) (ScriptedImporter) -> (artifact id: 'ec6cc049d70465e8ab5c45f9abcf3fc4') in 0.1657199 seconds
Number of updated asset objects reloaded before import = 0Number of asset objects unloaded after import = 1

========================================================================
Received Import Request.
  Time since last request: 0.000028 seconds.
  path: Assets/Unity.VisualScripting.Generated/VisualScripting.Flow/ProjectSettings.asset
  artifactKey: Guid(5a3a4cbdb279ce940a2a65384dcbce4b) Importer(2089858483,797179f86c6e516b54ff30bda720a719)
Start importing Assets/Unity.VisualScripting.Generated/VisualScripting.Flow/ProjectSettings.asset using Guid(5a3a4cbdb279ce940a2a65384dcbce4b) Importer(2089858483,797179f86c6e516b54ff30bda720a719) (ScriptedImporter) -> (artifact id: 'dc31324a41663b0f063cd6a1c7cbbb5b') in 0.0449152 seconds
Number of updated asset objects reloaded before import = 0Number of asset objects unloaded after import = 1

========================================================================
Received Import Request.
  Time since last request: 0.000024 seconds.
  path: Assets/TextMesh Pro/Shaders/TMP_SDF-Mobile SSD.shader
  artifactKey: Guid(c8d12adcee749c344b8117cf7c7eb912) Importer(2089858483,797179f86c6e516b54ff30bda720a719)
Start importing Assets/TextMesh Pro/Shaders/TMP_SDF-Mobile SSD.shader using Guid(c8d12adcee749c344b8117cf7c7eb912) Importer(2089858483,797179f86c6e516b54ff30bda720a719) (ScriptedImporter) -> (artifact id: 'bd603f9f4b411bc2dd17faaa709f0ba0') in 0.1103259 seconds
Number of updated asset objects reloaded before import = 0Number of asset objects unloaded after import = 1

========================================================================
Received Import Request.
  Time since last request: 0.000045 seconds.
  path: Assets/GPM/Common/Util/GameObjectContainer.cs
  artifactKey: Guid(501c249b07df948479c56be098e67692) Importer(2089858483,797179f86c6e516b54ff30bda720a719)
Start importing Assets/GPM/Common/Util/GameObjectContainer.cs using Guid(501c249b07df948479c56be098e67692) Importer(2089858483,797179f86c6e516b54ff30bda720a719) (ScriptedImporter) -> (artifact id: '64299da7540feb7500a28748137e5da8') in 0.0629117 seconds
Number of updated asset objects reloaded before import = 0Number of asset objects unloaded after import = 0

========================================================================
Received Import Request.
  Time since last request: 0.000037 seconds.
  path: Assets/GPM/Common/Util/EditorCoroutine.cs
  artifactKey: Guid(2afa4fd8c42b9a240aeb7b501cac59cb) Importer(2089858483,797179f86c6e516b54ff30bda720a719)
Start importing Assets/GPM/Common/Util/EditorCoroutine.cs using Guid(2afa4fd8c42b9a240aeb7b501cac59cb) Importer(2089858483,797179f86c6e516b54ff30bda720a719) (ScriptedImporter) -> (artifact id: '32ee948ca67691442147fed0c53b97f1') in 0.0773902 seconds
Number of updated asset objects reloaded before import = 0Number of asset objects unloaded after import = 0

========================================================================
Received Import Request.
  Time since last request: 0.000023 seconds.
  path: Assets/GPM/Common/Util/Miscellaneous.cs
  artifactKey: Guid(60f16d4eb211ebc4083f0f3f0479abec) Importer(2089858483,797179f86c6e516b54ff30bda720a719)
Start importing Assets/GPM/Common/Util/Miscellaneous.cs using Guid(60f16d4eb211ebc4083f0f3f0479abec) Importer(2089858483,797179f86c6e516b54ff30bda720a719) (ScriptedImporter) -> (artifact id: 'bbac28c4fcd110cd2de81e3b09ea829a') in 0.0750644 seconds
Number of updated asset objects reloaded before import = 0Number of asset objects unloaded after import = 0

========================================================================
Received Import Request.
  Time since last request: 0.000155 seconds.
  path: Assets/GPM/Common/Log/GpmLogger.cs
  artifactKey: Guid(1fa1053dd494d79418ae255f6dc35258) Importer(2089858483,797179f86c6e516b54ff30bda720a719)
Start importing Assets/GPM/Common/Log/GpmLogger.cs using Guid(1fa1053dd494d79418ae255f6dc35258) Importer(2089858483,797179f86c6e516b54ff30bda720a719) (ScriptedImporter) -> (artifact id: '98ac31cfefa125ed5c3619bf26f5a561') in 0.0730343 seconds
Number of updated asset objects reloaded before import = 0Number of asset objects unloaded after import = 0

========================================================================
Received Import Request.
  Time since last request: 0.000088 seconds.
  path: Assets/TextMesh Pro/Resources/LineBreaking Leading Characters.txt
  artifactKey: Guid(d82c1b31c7e74239bff1220585707d2b) Importer(2089858483,797179f86c6e516b54ff30bda720a719)
Start importing Assets/TextMesh Pro/Resources/LineBreaking Leading Characters.txt using Guid(d82c1b31c7e74239bff1220585707d2b) Importer(2089858483,797179f86c6e516b54ff30bda720a719) (ScriptedImporter) -> (artifact id: 'c672f0a2380394e7073a9661f61d726d') in 0.0569202 seconds
Number of updated asset objects reloaded before import = 0Number of asset objects unloaded after import = 1

========================================================================
Received Import Request.
  Time since last request: 0.000016 seconds.
  path: Assets/TextMesh Pro/Shaders/TMP_SDF-Surface.shader
  artifactKey: Guid(f7ada0af4f174f0694ca6a487b8f543d) Importer(2089858483,797179f86c6e516b54ff30bda720a719)
Start importing Assets/TextMesh Pro/Shaders/TMP_SDF-Surface.shader using Guid(f7ada0af4f174f0694ca6a487b8f543d) Importer(2089858483,797179f86c6e516b54ff30bda720a719) (ScriptedImporter) -> (artifact id: 'e21e616bb8aa1e669c406fdd721fadc7') in 0.0804418 seconds
Number of updated asset objects reloaded before import = 0Number of asset objects unloaded after import = 1

========================================================================
Received Import Request.
  Time since last request: 0.000021 seconds.
  path: Assets/TextMesh Pro/Shaders/SDFFunctions.hlsl
  artifactKey: Guid(96de908384869cd409c75efa351d5edf) Importer(2089858483,797179f86c6e516b54ff30bda720a719)
Start importing Assets/TextMesh Pro/Shaders/SDFFunctions.hlsl using Guid(96de908384869cd409c75efa351d5edf) Importer(2089858483,797179f86c6e516b54ff30bda720a719) (ScriptedImporter) -> (artifact id: '52d562f3c48928b7fa9ca8c07a6df0ea') in 0.1656743 seconds
Number of updated asset objects reloaded before import = 0Number of asset objects unloaded after import = 1

========================================================================
Received Import Request.
  Time since last request: 0.000015 seconds.
  path: Assets/GPM/Common/Util/GpmMessagePackMapper.cs
  artifactKey: Guid(97dcc0525c53a89448b46e7f1749f98d) Importer(2089858483,797179f86c6e516b54ff30bda720a719)
Start importing Assets/GPM/Common/Util/GpmMessagePackMapper.cs using Guid(97dcc0525c53a89448b46e7f1749f98d) Importer(2089858483,797179f86c6e516b54ff30bda720a719) (ScriptedImporter) -> (artifact id: 'f243a9e7d90f6375c52fe79508ad7e35') in 0.1015265 seconds
Number of updated asset objects reloaded before import = 0Number of asset objects unloaded after import = 0

========================================================================
Received Import Request.
  Time since last request: 0.000015 seconds.
  path: Assets/Scripts/Utils/WebRequests.cs
  artifactKey: Guid(655920761d07f9848a8ccd4edb431290) Importer(2089858483,797179f86c6e516b54ff30bda720a719)
Start importing Assets/Scripts/Utils/WebRequests.cs using Guid(655920761d07f9848a8ccd4edb431290) Importer(2089858483,797179f86c6e516b54ff30bda720a719) (ScriptedImporter) -> (artifact id: 'f49f041ec8184fe8b1c8f49adae0f34c') in 0.0704168 seconds
Number of updated asset objects reloaded before import = 0Number of asset objects unloaded after import = 0

========================================================================
Received Import Request.
  Time since last request: 0.000025 seconds.
  path: Assets/TextMesh Pro/Shaders/TMP_SDF-Mobile.shader
  artifactKey: Guid(fe393ace9b354375a9cb14cdbbc28be4) Importer(2089858483,797179f86c6e516b54ff30bda720a719)
Start importing Assets/TextMesh Pro/Shaders/TMP_SDF-Mobile.shader using Guid(fe393ace9b354375a9cb14cdbbc28be4) Importer(2089858483,797179f86c6e516b54ff30bda720a719) (ScriptedImporter) -> (artifact id: '21fd360b5ce024f5f5316aa679d5ddf2') in 0.0644088 seconds
Number of updated asset objects reloaded before import = 0Number of asset objects unloaded after import = 1

========================================================================
Received Import Request.
  Time since last request: 0.000044 seconds.
  path: Assets/Images/Resources/Medical/BloodPlasma.png
  artifactKey: Guid(c58643b214e13b94fa203598d88fb972) Importer(2089858483,797179f86c6e516b54ff30bda720a719)
Start importing Assets/Images/Resources/Medical/BloodPlasma.png using Guid(c58643b214e13b94fa203598d88fb972) Importer(2089858483,797179f86c6e516b54ff30bda720a719) (ScriptedImporter) -> (artifact id: '46aa435face347fcea56ea0e881005d5') in 0.0484681 seconds
Number of updated asset objects reloaded before import = 0Number of asset objects unloaded after import = 2

========================================================================
Received Import Request.
  Time since last request: 0.000041 seconds.
  path: Assets/Images/Resources/HeavyArms/Bonesaw.png
  artifactKey: Guid(5aaafe069410ba54b9d16a39bb8a0961) Importer(2089858483,797179f86c6e516b54ff30bda720a719)
Start importing Assets/Images/Resources/HeavyArms/Bonesaw.png using Guid(5aaafe069410ba54b9d16a39bb8a0961) Importer(2089858483,797179f86c6e516b54ff30bda720a719) (ScriptedImporter) -> (artifact id: '41fdea2f0b3587a8ee5dc279ba565e99') in 0.0707659 seconds
Number of updated asset objects reloaded before import = 0Number of asset objects unloaded after import = 2

========================================================================
Received Import Request.
  Time since last request: 0.000013 seconds.
  path: Assets/Images/Resources/Supplies/AssMat1.png
  artifactKey: Guid(f096c299b0603fb47a73689b25d3f984) Importer(2089858483,797179f86c6e516b54ff30bda720a719)
Start importing Assets/Images/Resources/Supplies/AssMat1.png using Guid(f096c299b0603fb47a73689b25d3f984) Importer(2089858483,797179f86c6e516b54ff30bda720a719) (ScriptedImporter) -> (artifact id: '8b30cd8d4c781c331b236665ec4953bc') in 0.0801426 seconds
Number of updated asset objects reloaded before import = 0Number of asset objects unloaded after import = 2

========================================================================
Received Import Request.
  Time since last request: 0.000016 seconds.
  path: Assets/Images/Resources/SmallArms/Shotgun.png
  artifactKey: Guid(6b977d7b9c765f945bb03db5f9a9085e) Importer(2089858483,797179f86c6e516b54ff30bda720a719)
Start importing Assets/Images/Resources/SmallArms/Shotgun.png using Guid(6b977d7b9c765f945bb03db5f9a9085e) Importer(2089858483,797179f86c6e516b54ff30bda720a719) (ScriptedImporter) -> (artifact id: '1a65969a7b81f0e1d2a04311eaa91940') in 0.0579788 seconds
Number of updated asset objects reloaded before import = 0Number of asset objects unloaded after import = 2

========================================================================
Received Import Request.
  Time since last request: 0.000022 seconds.
  path: Assets/Images/Resources/HeavyArms/Foebreaker.png
  artifactKey: Guid(46d669f083a192544bab879ac9eaaafb) Importer(2089858483,797179f86c6e516b54ff30bda720a719)
Start importing Assets/Images/Resources/HeavyArms/Foebreaker.png using Guid(46d669f083a192544bab879ac9eaaafb) Importer(2089858483,797179f86c6e516b54ff30bda720a719) (ScriptedImporter) -> (artifact id: 'bd813544c7624f4354426e0ea2c39b28') in 0.0768268 seconds
Number of updated asset objects reloaded before import = 0Number of asset objects unloaded after import = 2

========================================================================
Received Import Request.
  Time since last request: 0.000039 seconds.
  path: Assets/Images/Resources/HeavyArms/Mortar.png
  artifactKey: Guid(00617e3d0edec1a4ca2f8ff9406fc4af) Importer(2089858483,797179f86c6e516b54ff30bda720a719)
Start importing Assets/Images/Resources/HeavyArms/Mortar.png using Guid(00617e3d0edec1a4ca2f8ff9406fc4af) Importer(2089858483,797179f86c6e516b54ff30bda720a719) (ScriptedImporter) -> (artifact id: '84831382254b444ac165ef5bea38ce86') in 0.0691765 seconds
Number of updated asset objects reloaded before import = 0Number of asset objects unloaded after import = 2

========================================================================
Received Import Request.
  Time since last request: 0.000014 seconds.
  path: Assets/Images/Resources/Shells/75mm.png
  artifactKey: Guid(8e332c377b091184fac1d5506c17232c) Importer(2089858483,797179f86c6e516b54ff30bda720a719)
Start importing Assets/Images/Resources/Shells/75mm.png using Guid(8e332c377b091184fac1d5506c17232c) Importer(2089858483,797179f86c6e516b54ff30bda720a719) (ScriptedImporter) -> (artifact id: '5d54412f65c8a6a0fe8a6926988ebca1') in 0.1000707 seconds
Number of updated asset objects reloaded before import = 0Number of asset objects unloaded after import = 2

========================================================================
Received Import Request.
  Time since last request: 0.000017 seconds.
  path: Assets/GPM/WebView/Scripts/GpmWebViewSafeBrowsing.cs
  artifactKey: Guid(b3be70882eb336b4bb200574d9c2cf1e) Importer(2089858483,797179f86c6e516b54ff30bda720a719)
Start importing Assets/GPM/WebView/Scripts/GpmWebViewSafeBrowsing.cs using Guid(b3be70882eb336b4bb200574d9c2cf1e) Importer(2089858483,797179f86c6e516b54ff30bda720a719) (ScriptedImporter) -> (artifact id: 'd9827029913e35de30f9f6864c4fad4a') in 0.0983302 seconds
Number of updated asset objects reloaded before import = 0Number of asset objects unloaded after import = 0

========================================================================
Received Import Request.
  Time since last request: 0.000062 seconds.
  path: Assets/Images/Resources/Supplies/AssMat5.png
  artifactKey: Guid(6d33e54016ff17248895af130e12a7b6) Importer(2089858483,797179f86c6e516b54ff30bda720a719)
Start importing Assets/Images/Resources/Supplies/AssMat5.png using Guid(6d33e54016ff17248895af130e12a7b6) Importer(2089858483,797179f86c6e516b54ff30bda720a719) (ScriptedImporter) -> (artifact id: '7ad1c08e2761111de8eea929d3f3a92a') in 0.1047414 seconds
Number of updated asset objects reloaded before import = 0Number of asset objects unloaded after import = 2

========================================================================
Received Import Request.
  Time since last request: 0.000016 seconds.
  path: Assets/Images/Resources/Shells/FlameAmmo.png
  artifactKey: Guid(936a4bddab0526149ae5fa500010f9ea) Importer(2089858483,797179f86c6e516b54ff30bda720a719)
Start importing Assets/Images/Resources/Shells/FlameAmmo.png using Guid(936a4bddab0526149ae5fa500010f9ea) Importer(2089858483,797179f86c6e516b54ff30bda720a719) (ScriptedImporter) -> (artifact id: '9536a67ce37cc490304a6c1fc16a0251') in 0.0532418 seconds
Number of updated asset objects reloaded before import = 0Number of asset objects unloaded after import = 2

========================================================================
Received Import Request.
  Time since last request: 0.000057 seconds.
  path: Assets/Images/Resources/HeavyArms/Neville.png
  artifactKey: Guid(f34047a439df2c34e8e13a6ea319f82a) Importer(2089858483,797179f86c6e516b54ff30bda720a719)
Start importing Assets/Images/Resources/HeavyArms/Neville.png using Guid(f34047a439df2c34e8e13a6ea319f82a) Importer(2089858483,797179f86c6e516b54ff30bda720a719) (ScriptedImporter) -> (artifact id: 'b00b7e7efad280bcc3902dc24658a038') in 0.0958966 seconds
Number of updated asset objects reloaded before import = 0Number of asset objects unloaded after import = 2

========================================================================
Received Import Request.
  Time since last request: 0.000016 seconds.
  path: Assets/Images/Resources/HeavyArms/Sticky.png
  artifactKey: Guid(801b3b73410bb7e4c8f13471acfe430a) Importer(2089858483,797179f86c6e516b54ff30bda720a719)
Start importing Assets/Images/Resources/HeavyArms/Sticky.png using Guid(801b3b73410bb7e4c8f13471acfe430a) Importer(2089858483,797179f86c6e516b54ff30bda720a719) (ScriptedImporter) -> (artifact id: 'bf01dad07bb38cc84d5dea5b9bcfd5fc') in 0.0614928 seconds
Number of updated asset objects reloaded before import = 0Number of asset objects unloaded after import = 2

========================================================================
Received Import Request.
  Time since last request: 0.000022 seconds.
  path: Assets/TextMesh Pro/Shaders/TMP_SDF Overlay.shader
  artifactKey: Guid(dd89cf5b9246416f84610a006f916af7) Importer(2089858483,797179f86c6e516b54ff30bda720a719)
Start importing Assets/TextMesh Pro/Shaders/TMP_SDF Overlay.shader using Guid(dd89cf5b9246416f84610a006f916af7) Importer(2089858483,797179f86c6e516b54ff30bda720a719) (ScriptedImporter) -> (artifact id: '03c129b9aedc3a6ba679844b8577465a') in 0.0831375 seconds
Number of updated asset objects reloaded before import = 0Number of asset objects unloaded after import = 1

========================================================================
Received Import Request.
  Time since last request: 0.000015 seconds.
  path: Assets/Prefabs/UI/StockpileLogWindow.prefab
  artifactKey: Guid(89f80f289d5d4af4eb9a7a5e285e8771) Importer(2089858483,797179f86c6e516b54ff30bda720a719)
Start importing Assets/Prefabs/UI/StockpileLogWindow.prefab using Guid(89f80f289d5d4af4eb9a7a5e285e8771) Importer(2089858483,797179f86c6e516b54ff30bda720a719) (ScriptedImporter) -> (artifact id: '2a80e8c0f99d74be7144914691b4cdce') in 0.0725959 seconds
Number of updated asset objects reloaded before import = 0Number of asset objects unloaded after import = 78

========================================================================
Received Import Request.
  Time since last request: 0.000019 seconds.
  path: Assets/TextMesh Pro/Shaders/TMPro_Properties.cginc
  artifactKey: Guid(3997e2241185407d80309a82f9148466) Importer(2089858483,797179f86c6e516b54ff30bda720a719)
Start importing Assets/TextMesh Pro/Shaders/TMPro_Properties.cginc using Guid(3997e2241185407d80309a82f9148466) Importer(2089858483,797179f86c6e516b54ff30bda720a719) (ScriptedImporter) -> (artifact id: 'f6c90c4d3cd232e8d03ac7c4e1fb2f1d') in 0.0751016 seconds
Number of updated asset objects reloaded before import = 0Number of asset objects unloaded after import = 1

========================================================================
Received Import Request.
  Time since last request: 0.000037 seconds.
  path: Assets/MapToolPack/Resources/MapIcons/MapIconBunkerBaseTier1Colonial.png
  artifactKey: Guid(66c724a0972611b4bb3abdabaaa98c29) Importer(2089858483,797179f86c6e516b54ff30bda720a719)
Start importing Assets/MapToolPack/Resources/MapIcons/MapIconBunkerBaseTier1Colonial.png using Guid(66c724a0972611b4bb3abdabaaa98c29) Importer(2089858483,797179f86c6e516b54ff30bda720a719) (ScriptedImporter) -> (artifact id: '8b56aeb08205e4b7031fc3ab93dfd3b7') in 0.1072936 seconds
Number of updated asset objects reloaded before import = 0Number of asset objects unloaded after import = 2

========================================================================
Received Import Request.
  Time since last request: 0.000029 seconds.
  path: Assets/Images/Resources/Utility/Satchel.png
  artifactKey: Guid(20ae589d8c6dc934caa2ee39ea9b2371) Importer(2089858483,797179f86c6e516b54ff30bda720a719)
Start importing Assets/Images/Resources/Utility/Satchel.png using Guid(20ae589d8c6dc934caa2ee39ea9b2371) Importer(2089858483,797179f86c6e516b54ff30bda720a719) (ScriptedImporter) -> (artifact id: 'c980e451f174004795f03e255d84049f') in 0.0683566 seconds
Number of updated asset objects reloaded before import = 0Number of asset objects unloaded after import = 2

========================================================================
Received Import Request.
  Time since last request: 0.000014 seconds.
  path: Assets/Images/Resources/Utility/Shovel.png
  artifactKey: Guid(1cddf6809461b2a43ab52ea2a342854a) Importer(2089858483,797179f86c6e516b54ff30bda720a719)
Start importing Assets/Images/Resources/Utility/Shovel.png using Guid(1cddf6809461b2a43ab52ea2a342854a) Importer(2089858483,797179f86c6e516b54ff30bda720a719) (ScriptedImporter) -> (artifact id: '3ac821cd7e8778725248fe51db69f70f') in 0.1640949 seconds
Number of updated asset objects reloaded before import = 0Number of asset objects unloaded after import = 2

========================================================================
Received Import Request.
  Time since last request: 0.000018 seconds.
  path: Assets/Images/Resources/Utility/Bayonet.png
  artifactKey: Guid(3336a362a35220646983ea1ade2f62f4) Importer(2089858483,797179f86c6e516b54ff30bda720a719)
Start importing Assets/Images/Resources/Utility/Bayonet.png using Guid(3336a362a35220646983ea1ade2f62f4) Importer(2089858483,797179f86c6e516b54ff30bda720a719) (ScriptedImporter) -> (artifact id: '22caa9b650d480ed22a08fc7ed02529f') in 0.0552674 seconds
Number of updated asset objects reloaded before import = 0Number of asset objects unloaded after import = 2

========================================================================
Received Import Request.
  Time since last request: 0.000025 seconds.
  path: Assets/Images/Resources/Utility/BarbedWire.png
  artifactKey: Guid(7505b3b0e9ba49646b4b5c05bd9d02a6) Importer(2089858483,797179f86c6e516b54ff30bda720a719)
Start importing Assets/Images/Resources/Utility/BarbedWire.png using Guid(7505b3b0e9ba49646b4b5c05bd9d02a6) Importer(2089858483,797179f86c6e516b54ff30bda720a719) (ScriptedImporter) -> (artifact id: 'e3ba96f4aa3e00577013010f0ffba114') in 0.1550876 seconds
Number of updated asset objects reloaded before import = 0Number of asset objects unloaded after import = 2

========================================================================
Received Import Request.
  Time since last request: 0.000016 seconds.
  path: Assets/Images/Resources/Utility/Radio.png
  artifactKey: Guid(c1532364c4393f6498dadee48fa8b3ad) Importer(2089858483,797179f86c6e516b54ff30bda720a719)
Start importing Assets/Images/Resources/Utility/Radio.png using Guid(c1532364c4393f6498dadee48fa8b3ad) Importer(2089858483,797179f86c6e516b54ff30bda720a719) (ScriptedImporter) -> (artifact id: '122da4d7866ce1a9f9470abd4eadf26e') in 0.0844287 seconds
Number of updated asset objects reloaded before import = 0Number of asset objects unloaded after import = 2

========================================================================
Received Import Request.
  Time since last request: 0.000017 seconds.
  path: Assets/Images/Resources/Uniforms/OfficerUniform.png
  artifactKey: Guid(b378d8f11db70a74f8378aafded4bb4d) Importer(2089858483,797179f86c6e516b54ff30bda720a719)
Start importing Assets/Images/Resources/Uniforms/OfficerUniform.png using Guid(b378d8f11db70a74f8378aafded4bb4d) Importer(2089858483,797179f86c6e516b54ff30bda720a719) (ScriptedImporter) -> (artifact id: '6c6b36b576c2882da7eebf7f83d99da0') in 0.0996623 seconds
Number of updated asset objects reloaded before import = 0Number of asset objects unloaded after import = 2

========================================================================
Received Import Request.
  Time since last request: 0.000022 seconds.
  path: Assets/Images/Resources/Supplies/Oil.png
  artifactKey: Guid(5b3086832e83dd54ab7b49a3db8f2edb) Importer(2089858483,797179f86c6e516b54ff30bda720a719)
Start importing Assets/Images/Resources/Supplies/Oil.png using Guid(5b3086832e83dd54ab7b49a3db8f2edb) Importer(2089858483,797179f86c6e516b54ff30bda720a719) (ScriptedImporter) -> (artifact id: '50650c54ff5bb17a644f489b1ac01973') in 0.0598275 seconds
Number of updated asset objects reloaded before import = 0Number of asset objects unloaded after import = 2

========================================================================
Received Import Request.
  Time since last request: 0.000014 seconds.
  path: Assets/MapToolPack/Resources/MapIcons/MapIconBunkerBaseTier2.png
  artifactKey: Guid(e68892ea5c0df6245a062effef0b2f0a) Importer(2089858483,797179f86c6e516b54ff30bda720a719)
Start importing Assets/MapToolPack/Resources/MapIcons/MapIconBunkerBaseTier2.png using Guid(e68892ea5c0df6245a062effef0b2f0a) Importer(2089858483,797179f86c6e516b54ff30bda720a719) (ScriptedImporter) -> (artifact id: '546d8aba75e6c1c0c1d66aabcfa55247') in 0.1222979 seconds
Number of updated asset objects reloaded before import = 0Number of asset objects unloaded after import = 2

========================================================================
Received Import Request.
  Time since last request: 0.000107 seconds.
  path: Assets/MapToolPack/Resources/MapIcons/MapIconAmmoFactory.TGA
  artifactKey: Guid(7a0fe3bf212ee4746b0cd9fbd695891a) Importer(2089858483,797179f86c6e516b54ff30bda720a719)
Start importing Assets/MapToolPack/Resources/MapIcons/MapIconAmmoFactory.TGA using Guid(7a0fe3bf212ee4746b0cd9fbd695891a) Importer(2089858483,797179f86c6e516b54ff30bda720a719) (ScriptedImporter) -> (artifact id: '4797c5c14c6fe7d331851da4a1a9f104') in 0.1080228 seconds
Number of updated asset objects reloaded before import = 0Number of asset objects unloaded after import = 2

========================================================================
Received Import Request.
  Time since last request: 0.000016 seconds.
  path: Assets/Images/Resources/Supplies/Petrol.png
  artifactKey: Guid(21bc706ef841b5641b28f76ba752c8fa) Importer(2089858483,797179f86c6e516b54ff30bda720a719)
Start importing Assets/Images/Resources/Supplies/Petrol.png using Guid(21bc706ef841b5641b28f76ba752c8fa) Importer(2089858483,797179f86c6e516b54ff30bda720a719) (ScriptedImporter) -> (artifact id: '88f2475c10ebe05d0ba33762cfbbbdf3') in 0.1186441 seconds
Number of updated asset objects reloaded before import = 0Number of asset objects unloaded after import = 2

========================================================================
Received Import Request.
  Time since last request: 0.000024 seconds.
  path: Assets/MapToolPack/Resources/MapIcons/MapIconHomeBaseHallColonial.TGA
  artifactKey: Guid(0a80634525e078f45a1cbece75540ace) Importer(2089858483,797179f86c6e516b54ff30bda720a719)
Start importing Assets/MapToolPack/Resources/MapIcons/MapIconHomeBaseHallColonial.TGA using Guid(0a80634525e078f45a1cbece75540ace) Importer(2089858483,797179f86c6e516b54ff30bda720a719) (ScriptedImporter) -> (artifact id: 'aa2832d814c55e70fec5fbb25bf96ecf') in 0.0952901 seconds
Number of updated asset objects reloaded before import = 0Number of asset objects unloaded after import = 2

========================================================================
Received Import Request.
  Time since last request: 0.000013 seconds.
  path: Assets/MapToolPack/Resources/MapIcons/MapIconStaticBase3Warden.TGA
  artifactKey: Guid(da608a8e3c7e5b34bbf6c9c581987faa) Importer(2089858483,797179f86c6e516b54ff30bda720a719)
Start importing Assets/MapToolPack/Resources/MapIcons/MapIconStaticBase3Warden.TGA using Guid(da608a8e3c7e5b34bbf6c9c581987faa) Importer(2089858483,797179f86c6e516b54ff30bda720a719) (ScriptedImporter) -> (artifact id: '06b34d6906a1ea34da4b7f663459bf63') in 0.0992904 seconds
Number of updated asset objects reloaded before import = 0Number of asset objects unloaded after import = 2

========================================================================
Received Import Request.
  Time since last request: 0.000014 seconds.
  path: Assets/MapToolPack/Resources/MapIcons/MapIconRocketSite.TGA
  artifactKey: Guid(e520c06a15f69224fbb8d65c93fe7f98) Importer(2089858483,797179f86c6e516b54ff30bda720a719)
Start importing Assets/MapToolPack/Resources/MapIcons/MapIconRocketSite.TGA using Guid(e520c06a15f69224fbb8d65c93fe7f98) Importer(2089858483,797179f86c6e516b54ff30bda720a719) (ScriptedImporter) -> (artifact id: 'e55c6626ea20f752f55120fcbcbaf237') in 0.1005608 seconds
Number of updated asset objects reloaded before import = 0Number of asset objects unloaded after import = 2

========================================================================
Received Import Request.
  Time since last request: 0.000016 seconds.
  path: Assets/MapToolPack/Resources/MapIcons/MapIconStaticBase1Warden.TGA
  artifactKey: Guid(92991576ad778ea47883120cd291f33c) Importer(2089858483,797179f86c6e516b54ff30bda720a719)
Start importing Assets/MapToolPack/Resources/MapIcons/MapIconStaticBase1Warden.TGA using Guid(92991576ad778ea47883120cd291f33c) Importer(2089858483,797179f86c6e516b54ff30bda720a719) (ScriptedImporter) -> (artifact id: '549ae81cf0473d69a7cd574b26e878b6') in 0.1489296 seconds
Number of updated asset objects reloaded before import = 0Number of asset objects unloaded after import = 2

========================================================================
Received Import Request.
  Time since last request: 0.000019 seconds.
  path: Assets/MapToolPack/Resources/MapIcons/MapIconFuel.TGA
  artifactKey: Guid(6a0ff714483923c4c832babd56e11be7) Importer(2089858483,797179f86c6e516b54ff30bda720a719)
Start importing Assets/MapToolPack/Resources/MapIcons/MapIconFuel.TGA using Guid(6a0ff714483923c4c832babd56e11be7) Importer(2089858483,797179f86c6e516b54ff30bda720a719) (ScriptedImporter) -> (artifact id: 'b85553df4bf1d61bb8fe1d05637ae540') in 0.0946073 seconds
Number of updated asset objects reloaded before import = 0Number of asset objects unloaded after import = 2

========================================================================
Received Import Request.
  Time since last request: 0.000036 seconds.
  path: Assets/MapToolPack/Resources/MapIcons/MapIconSafehouse.TGA
  artifactKey: Guid(1a7a1f0201740f144ae958b7b1c3214d) Importer(2089858483,797179f86c6e516b54ff30bda720a719)
Start importing Assets/MapToolPack/Resources/MapIcons/MapIconSafehouse.TGA using Guid(1a7a1f0201740f144ae958b7b1c3214d) Importer(2089858483,797179f86c6e516b54ff30bda720a719) (ScriptedImporter) -> (artifact id: 'fea3ed55dd2920d7a59552299e6e85f8') in 0.087857 seconds
Number of updated asset objects reloaded before import = 0Number of asset objects unloaded after import = 2

========================================================================
Received Import Request.
  Time since last request: 0.000015 seconds.
  path: Assets/MapToolPack/Resources/MapIcons/MapIconObservationTower.TGA
  artifactKey: Guid(10c12a9777146c74e9ded18430e8fab3) Importer(2089858483,797179f86c6e516b54ff30bda720a719)
Start importing Assets/MapToolPack/Resources/MapIcons/MapIconObservationTower.TGA using Guid(10c12a9777146c74e9ded18430e8fab3) Importer(2089858483,797179f86c6e516b54ff30bda720a719) (ScriptedImporter) -> (artifact id: 'b047cd3c7618325f678401e51e8180fd') in 0.0931404 seconds
Number of updated asset objects reloaded before import = 0Number of asset objects unloaded after import = 2

========================================================================
Received Import Request.
  Time since last request: 0.000014 seconds.
  path: Assets/MapToolPack/Resources/MapIcons/MapIconStorageFacility.TGA
  artifactKey: Guid(036c77a17f8d0c74b9af1f8cab05b309) Importer(2089858483,797179f86c6e516b54ff30bda720a719)
Start importing Assets/MapToolPack/Resources/MapIcons/MapIconStorageFacility.TGA using Guid(036c77a17f8d0c74b9af1f8cab05b309) Importer(2089858483,797179f86c6e516b54ff30bda720a719) (ScriptedImporter) -> (artifact id: '48f4aec38a0da08a779b710fe910caa5') in 0.0891403 seconds
Number of updated asset objects reloaded before import = 0Number of asset objects unloaded after import = 2

========================================================================
Received Import Request.
  Time since last request: 0.000039 seconds.
  path: Assets/MapToolPack/Resources/MapIcons/MapIconTownBaseTier3.TGA
  artifactKey: Guid(f1ad8bbcb5228364f823f7fe99eb7c00) Importer(2089858483,797179f86c6e516b54ff30bda720a719)
Start importing Assets/MapToolPack/Resources/MapIcons/MapIconTownBaseTier3.TGA using Guid(f1ad8bbcb5228364f823f7fe99eb7c00) Importer(2089858483,797179f86c6e516b54ff30bda720a719) (ScriptedImporter) -> (artifact id: 'b4cac2fab564d5e5f43275ca9d42b1cc') in 0.115201 seconds
Number of updated asset objects reloaded before import = 0Number of asset objects unloaded after import = 2

========================================================================
Received Import Request.
  Time since last request: 0.000051 seconds.
  path: Assets/MapToolPack/Resources/MapIcons/MapIconShipyard.TGA
  artifactKey: Guid(c757a0296abf75a4a89c155ee1a0d955) Importer(2089858483,797179f86c6e516b54ff30bda720a719)
Start importing Assets/MapToolPack/Resources/MapIcons/MapIconShipyard.TGA using Guid(c757a0296abf75a4a89c155ee1a0d955) Importer(2089858483,797179f86c6e516b54ff30bda720a719) (ScriptedImporter) -> (artifact id: 'c6db581c92bcfd3370a948230a81943a') in 0.0833488 seconds
Number of updated asset objects reloaded before import = 0Number of asset objects unloaded after import = 2

========================================================================
Received Import Request.
  Time since last request: 0.000031 seconds.
  path: Assets/MapToolPack/Resources/MapIcons/MapIconTroopShipWarden.tga
  artifactKey: Guid(6551d07cea4ef1c40841f42b4c57db94) Importer(2089858483,797179f86c6e516b54ff30bda720a719)
Start importing Assets/MapToolPack/Resources/MapIcons/MapIconTroopShipWarden.tga using Guid(6551d07cea4ef1c40841f42b4c57db94) Importer(2089858483,797179f86c6e516b54ff30bda720a719) (ScriptedImporter) -> (artifact id: '31f7bc39df0c778fe260dd04378430f4') in 0.0921682 seconds
Number of updated asset objects reloaded before import = 0Number of asset objects unloaded after import = 2

========================================================================
Received Import Request.
  Time since last request: 0.000016 seconds.
  path: Assets/MapToolPack/Resources/MapIcons/MapIconTownHallColonial.TGA
  artifactKey: Guid(d0ad4152acd414649ad4f1817c00d7c8) Importer(2089858483,797179f86c6e516b54ff30bda720a719)
Start importing Assets/MapToolPack/Resources/MapIcons/MapIconTownHallColonial.TGA using Guid(d0ad4152acd414649ad4f1817c00d7c8) Importer(2089858483,797179f86c6e516b54ff30bda720a719) (ScriptedImporter) -> (artifact id: '5cc49a1b3b0ecb844f239429a369e483') in 0.0809249 seconds
Number of updated asset objects reloaded before import = 0Number of asset objects unloaded after import = 2

========================================================================
Received Import Request.
  Time since last request: 0.000022 seconds.
  path: Assets/Mirror/Editor/Weaver/Resolvers.cs
  artifactKey: Guid(3039a59c76aec43c797ad66930430367) Importer(2089858483,797179f86c6e516b54ff30bda720a719)
Start importing Assets/Mirror/Editor/Weaver/Resolvers.cs using Guid(3039a59c76aec43c797ad66930430367) Importer(2089858483,797179f86c6e516b54ff30bda720a719) (ScriptedImporter) -> (artifact id: 'd7a5980fc59bb7c0c953cce955eaf7cb') in 0.1188141 seconds
Number of updated asset objects reloaded before import = 0Number of asset objects unloaded after import = 0

========================================================================
Received Import Request.
  Time since last request: 0.000054 seconds.
  path: Assets/Mirror/Components/Discovery/ServerRequest.cs
  artifactKey: Guid(ea7254bf7b9454da4adad881d94cd141) Importer(2089858483,797179f86c6e516b54ff30bda720a719)
Start importing Assets/Mirror/Components/Discovery/ServerRequest.cs using Guid(ea7254bf7b9454da4adad881d94cd141) Importer(2089858483,797179f86c6e516b54ff30bda720a719) (ScriptedImporter) -> (artifact id: 'e51e40e507f4f20c35530bc714a4b472') in 0.1133698 seconds
Number of updated asset objects reloaded before import = 0Number of asset objects unloaded after import = 0

========================================================================
Received Import Request.
  Time since last request: 0.000041 seconds.
  path: Assets/Mirror/Examples/Room/README.md
  artifactKey: Guid(9110f04bd1e8468479f6625342d311c5) Importer(2089858483,797179f86c6e516b54ff30bda720a719)
Start importing Assets/Mirror/Examples/Room/README.md using Guid(9110f04bd1e8468479f6625342d311c5) Importer(2089858483,797179f86c6e516b54ff30bda720a719) (ScriptedImporter) -> (artifact id: 'fadebf5ba2d95a3d3dcfe3eb98de881b') in 0.2513649 seconds
Number of updated asset objects reloaded before import = 0Number of asset objects unloaded after import = 1

========================================================================
Received Import Request.
  Time since last request: 0.000016 seconds.
  path: Assets/Mirror/Components/Experimental/NetworkTransform.cs
  artifactKey: Guid(741bbe11f5357b44593b15c0d11b16bd) Importer(2089858483,797179f86c6e516b54ff30bda720a719)
Start importing Assets/Mirror/Components/Experimental/NetworkTransform.cs using Guid(741bbe11f5357b44593b15c0d11b16bd) Importer(2089858483,797179f86c6e516b54ff30bda720a719) (ScriptedImporter) -> (artifact id: '1253d712a2b67c573440c45f07aaa76c') in 0.0788215 seconds
Number of updated asset objects reloaded before import = 0Number of asset objects unloaded after import = 0

========================================================================
Received Import Request.
  Time since last request: 0.000052 seconds.
  path: Assets/MapToolPack/TextMesh Pro/Fonts/LiberationSans - OFL.txt
  artifactKey: Guid(985b0b4caebde79438527d71b4a75d15) Importer(2089858483,797179f86c6e516b54ff30bda720a719)
Start importing Assets/MapToolPack/TextMesh Pro/Fonts/LiberationSans - OFL.txt using Guid(985b0b4caebde79438527d71b4a75d15) Importer(2089858483,797179f86c6e516b54ff30bda720a719) (ScriptedImporter) -> (artifact id: 'd36598c83dfeb3f5618e146f13347934') in 0.1698074 seconds
Number of updated asset objects reloaded before import = 0Number of asset objects unloaded after import = 1

========================================================================
Received Import Request.
  Time since last request: 0.000014 seconds.
  path: Assets/Mirror/Examples/AdditiveScenes/README.md
  artifactKey: Guid(0a023e0d7315ac74094703ab69348733) Importer(2089858483,797179f86c6e516b54ff30bda720a719)
Start importing Assets/Mirror/Examples/AdditiveScenes/README.md using Guid(0a023e0d7315ac74094703ab69348733) Importer(2089858483,797179f86c6e516b54ff30bda720a719) (ScriptedImporter) -> (artifact id: 'dbf6dcc6b9e6c19e16ffcf776395bcb2') in 0.1567362 seconds
Number of updated asset objects reloaded before import = 0Number of asset objects unloaded after import = 1

========================================================================
Received Import Request.
  Time since last request: 0.000026 seconds.
  path: Assets/GPM/Common/ThirdParty/MessagePack/Attributes.cs
  artifactKey: Guid(16f4289f9f403744a8e49e08e5bf2c64) Importer(2089858483,797179f86c6e516b54ff30bda720a719)
Start importing Assets/GPM/Common/ThirdParty/MessagePack/Attributes.cs using Guid(16f4289f9f403744a8e49e08e5bf2c64) Importer(2089858483,797179f86c6e516b54ff30bda720a719) (ScriptedImporter) -> (artifact id: '6dc5691666297e07642d88e679be403e') in 0.0752479 seconds
Number of updated asset objects reloaded before import = 0Number of asset objects unloaded after import = 0

========================================================================
Received Import Request.
  Time since last request: 0.000055 seconds.
  path: Assets/GPM/Common/ThirdParty/LitJson/Lexer.cs
  artifactKey: Guid(e51fbfc183b55ed4ab9ffd84494700a4) Importer(2089858483,797179f86c6e516b54ff30bda720a719)
Start importing Assets/GPM/Common/ThirdParty/LitJson/Lexer.cs using Guid(e51fbfc183b55ed4ab9ffd84494700a4) Importer(2089858483,797179f86c6e516b54ff30bda720a719) (ScriptedImporter) -> (artifact id: '12cb0b60956aace36498f1c10259976c') in 0.090929 seconds
Number of updated asset objects reloaded before import = 0Number of asset objects unloaded after import = 0

========================================================================
Received Import Request.
  Time since last request: 0.000059 seconds.
  path: Assets/GPM/Common/ThirdParty/MessagePack/FloatBits.cs
  artifactKey: Guid(f218f6f9fb9367b428d536b3fe55da4a) Importer(2089858483,797179f86c6e516b54ff30bda720a719)
Start importing Assets/GPM/Common/ThirdParty/MessagePack/FloatBits.cs using Guid(f218f6f9fb9367b428d536b3fe55da4a) Importer(2089858483,797179f86c6e516b54ff30bda720a719) (ScriptedImporter) -> (artifact id: '4cfe84090891d86fda6e398e2baaaa92') in 0.0790164 seconds
Number of updated asset objects reloaded before import = 0Number of asset objects unloaded after import = 0

========================================================================
Received Import Request.
  Time since last request: 0.000066 seconds.
  path: Assets/TextMesh Pro/Resources/Fonts & Materials/LiberationSans SDF - Outline.mat
  artifactKey: Guid(79459efec17a4d00a321bdcc27bbc385) Importer(2089858483,797179f86c6e516b54ff30bda720a719)
Start importing Assets/TextMesh Pro/Resources/Fonts & Materials/LiberationSans SDF - Outline.mat using Guid(79459efec17a4d00a321bdcc27bbc385) Importer(2089858483,797179f86c6e516b54ff30bda720a719) (ScriptedImporter) -> (artifact id: 'f74c8e485a9943b23fb17a94b81834be') in 0.1505587 seconds
Number of updated asset objects reloaded before import = 0Number of asset objects unloaded after import = 1

========================================================================
Received Import Request.
  Time since last request: 0.000015 seconds.
  path: Assets/GPM/Common/ThirdParty/LitJson/JsonData.cs
  artifactKey: Guid(fc557d77ebf1bd248a63f5855f2d4358) Importer(2089858483,797179f86c6e516b54ff30bda720a719)
Start importing Assets/GPM/Common/ThirdParty/LitJson/JsonData.cs using Guid(fc557d77ebf1bd248a63f5855f2d4358) Importer(2089858483,797179f86c6e516b54ff30bda720a719) (ScriptedImporter) -> (artifact id: '586ec68eec7386a8e9fc93a343158e38') in 0.1103834 seconds
Number of updated asset objects reloaded before import = 0Number of asset objects unloaded after import = 0

========================================================================
Received Import Request.
  Time since last request: 0.000055 seconds.
  path: Assets/ParrelSync/ParrelSync/Editor/ExternalLinks.cs
  artifactKey: Guid(65daf17fbe5101b41977305639f30c65) Importer(2089858483,797179f86c6e516b54ff30bda720a719)
Start importing Assets/ParrelSync/ParrelSync/Editor/ExternalLinks.cs using Guid(65daf17fbe5101b41977305639f30c65) Importer(2089858483,797179f86c6e516b54ff30bda720a719) (ScriptedImporter) -> (artifact id: '38dc312ecdc5b638edfc6a49327d6d52') in 0.0728256 seconds
Number of updated asset objects reloaded before import = 0Number of asset objects unloaded after import = 0

========================================================================
Received Import Request.
  Time since last request: 0.000056 seconds.
  path: Assets/GPM/Common/ThirdParty/LitJson/JsonException.cs
  artifactKey: Guid(79ee9ff242169c24a80f7e06a0195a16) Importer(2089858483,797179f86c6e516b54ff30bda720a719)
Start importing Assets/GPM/Common/ThirdParty/LitJson/JsonException.cs using Guid(79ee9ff242169c24a80f7e06a0195a16) Importer(2089858483,797179f86c6e516b54ff30bda720a719) (ScriptedImporter) -> (artifact id: 'c4c6d1562f3cb6d387678b0cc7aa175d') in 0.0536772 seconds
Number of updated asset objects reloaded before import = 0Number of asset objects unloaded after import = 0

========================================================================
Received Import Request.
  Time since last request: 0.000060 seconds.
  path: Assets/GPM/Common/ThirdParty/LitJson/Netstandard15Polyfill.cs
  artifactKey: Guid(07b9214e6a679784e9ac7269ae49ac94) Importer(2089858483,797179f86c6e516b54ff30bda720a719)
Start importing Assets/GPM/Common/ThirdParty/LitJson/Netstandard15Polyfill.cs using Guid(07b9214e6a679784e9ac7269ae49ac94) Importer(2089858483,797179f86c6e516b54ff30bda720a719) (ScriptedImporter) -> (artifact id: 'dc72f5b8ce4c03ff9735cbfede183444') in 0.0784331 seconds
Number of updated asset objects reloaded before import = 0Number of asset objects unloaded after import = 0

========================================================================
Received Import Request.
  Time since last request: 0.000082 seconds.
  path: Assets/MapToolPack/Resources/MapIcons/MapIconComponents.TGA
  artifactKey: Guid(568ba5427c8269e43bf93740d82f9e86) Importer(2089858483,797179f86c6e516b54ff30bda720a719)
Start importing Assets/MapToolPack/Resources/MapIcons/MapIconComponents.TGA using Guid(568ba5427c8269e43bf93740d82f9e86) Importer(2089858483,797179f86c6e516b54ff30bda720a719) (ScriptedImporter) -> (artifact id: 'e8e6bea3535f17ce452898f1b80c20e4') in 0.0980733 seconds
Number of updated asset objects reloaded before import = 0Number of asset objects unloaded after import = 2

========================================================================
Received Import Request.
  Time since last request: 0.000014 seconds.
  path: Assets/Mirror/Editor/NetworkManagerEditor.cs
  artifactKey: Guid(519712eb07f7a44039df57664811c2c5) Importer(2089858483,797179f86c6e516b54ff30bda720a719)
Start importing Assets/Mirror/Editor/NetworkManagerEditor.cs using Guid(519712eb07f7a44039df57664811c2c5) Importer(2089858483,797179f86c6e516b54ff30bda720a719) (ScriptedImporter) -> (artifact id: 'da7f2dc772f37915cef384d2d0ef8c8c') in 0.0835882 seconds
Number of updated asset objects reloaded before import = 0Number of asset objects unloaded after import = 0

========================================================================
Received Import Request.
  Time since last request: 0.000067 seconds.
  path: Assets/GPM/WebView/Plugins/Android/gpm-webview.aar
  artifactKey: Guid(4f6a9df007ca7fe44ba27ddbb0d81b02) Importer(2089858483,797179f86c6e516b54ff30bda720a719)
Start importing Assets/GPM/WebView/Plugins/Android/gpm-webview.aar using Guid(4f6a9df007ca7fe44ba27ddbb0d81b02) Importer(2089858483,797179f86c6e516b54ff30bda720a719) (ScriptedImporter) -> (artifact id: '65755643daeacae9bb127746c4f17e95') in 0.0761257 seconds
Number of updated asset objects reloaded before import = 0Number of asset objects unloaded after import = 0

========================================================================
Received Import Request.
  Time since last request: 0.000062 seconds.
  path: Assets/GPM/Manager/Editor/Constant/ManagerStrings.cs
  artifactKey: Guid(b49ab26e90eb11d49a493ad327bd1ce0) Importer(2089858483,797179f86c6e516b54ff30bda720a719)
Start importing Assets/GPM/Manager/Editor/Constant/ManagerStrings.cs using Guid(b49ab26e90eb11d49a493ad327bd1ce0) Importer(2089858483,797179f86c6e516b54ff30bda720a719) (ScriptedImporter) -> (artifact id: '3d1839af630a3cf300912674490cbba8') in 0.0754691 seconds
Number of updated asset objects reloaded before import = 0Number of asset objects unloaded after import = 0

========================================================================
Received Import Request.
  Time since last request: 0.000078 seconds.
  path: Assets/GPM/Manager/Editor/UI/GpmServiceList.cs
  artifactKey: Guid(b278a88d2b3e3474fba47b64de5a208e) Importer(2089858483,797179f86c6e516b54ff30bda720a719)
Start importing Assets/GPM/Manager/Editor/UI/GpmServiceList.cs using Guid(b278a88d2b3e3474fba47b64de5a208e) Importer(2089858483,797179f86c6e516b54ff30bda720a719) (ScriptedImporter) -> (artifact id: 'f5bbb8177128598d2322c4963fefe8a7') in 0.0898325 seconds
Number of updated asset objects reloaded before import = 0Number of asset objects unloaded after import = 0

========================================================================
Received Import Request.
  Time since last request: 0.000128 seconds.
  path: Assets/Images/Resources/SmallArms/Ammo/Buckshot.png
  artifactKey: Guid(0c3dd3e4a2fd9ec4b84f95070c8655d2) Importer(2089858483,797179f86c6e516b54ff30bda720a719)
Start importing Assets/Images/Resources/SmallArms/Ammo/Buckshot.png using Guid(0c3dd3e4a2fd9ec4b84f95070c8655d2) Importer(2089858483,797179f86c6e516b54ff30bda720a719) (ScriptedImporter) -> (artifact id: '75816e5b61c29f9b7422f6409c1d99da') in 0.1236258 seconds
Number of updated asset objects reloaded before import = 0Number of asset objects unloaded after import = 2

========================================================================
Received Import Request.
  Time since last request: 0.000016 seconds.
  path: Assets/GPM/Manager/Editor/Util/FileManager.cs
  artifactKey: Guid(6464a1e3751413843aa76c1fb4463b30) Importer(2089858483,797179f86c6e516b54ff30bda720a719)
Start importing Assets/GPM/Manager/Editor/Util/FileManager.cs using Guid(6464a1e3751413843aa76c1fb4463b30) Importer(2089858483,797179f86c6e516b54ff30bda720a719) (ScriptedImporter) -> (artifact id: '385839e92e6e6f0edf03edc2f548b0b6') in 0.3443663 seconds
Number of updated asset objects reloaded before import = 0Number of asset objects unloaded after import = 0

========================================================================
Received Import Request.
  Time since last request: 0.000075 seconds.
  path: Assets/MapToolPack/TextMesh Pro/Resources/Fonts & Materials/LiberationSans SDF - Drop Shadow.mat
  artifactKey: Guid(171a91f172308d4408405c7e4cff4efa) Importer(2089858483,797179f86c6e516b54ff30bda720a719)
Start importing Assets/MapToolPack/TextMesh Pro/Resources/Fonts & Materials/LiberationSans SDF - Drop Shadow.mat using Guid(171a91f172308d4408405c7e4cff4efa) Importer(2089858483,797179f86c6e516b54ff30bda720a719) (ScriptedImporter) -> (artifact id: 'c31f2c6bb4fe5830f009ed4623b5c7f8') in 0.0823749 seconds
Number of updated asset objects reloaded before import = 0Number of asset objects unloaded after import = 1

========================================================================
Received Import Request.
  Time since last request: 0.000018 seconds.
  path: Assets/GPM/Common/ThirdParty/SharpCompress/EnumExtensions.cs
  artifactKey: Guid(8b455eab94b81d34ea8b5cf68c133ffb) Importer(2089858483,797179f86c6e516b54ff30bda720a719)
Start importing Assets/GPM/Common/ThirdParty/SharpCompress/EnumExtensions.cs using Guid(8b455eab94b81d34ea8b5cf68c133ffb) Importer(2089858483,797179f86c6e516b54ff30bda720a719) (ScriptedImporter) -> (artifact id: '99e0a1fa5d2d297e5d2368e169b1bdbb') in 0.0485876 seconds
Number of updated asset objects reloaded before import = 0Number of asset objects unloaded after import = 0

========================================================================
Received Import Request.
  Time since last request: 0.000055 seconds.
  path: Assets/Mirror/Editor/Weaver/Empty/Program.cs
  artifactKey: Guid(0152994c9591626408fcfec96fcc7933) Importer(2089858483,797179f86c6e516b54ff30bda720a719)
Start importing Assets/Mirror/Editor/Weaver/Empty/Program.cs using Guid(0152994c9591626408fcfec96fcc7933) Importer(2089858483,797179f86c6e516b54ff30bda720a719) (ScriptedImporter) -> (artifact id: 'ff3769d16b08b686cd7814dd91486f2a') in 0.1012457 seconds
Number of updated asset objects reloaded before import = 0Number of asset objects unloaded after import = 0

========================================================================
Received Import Request.
  Time since last request: 0.000058 seconds.
  path: Assets/Mirror/Editor/Weaver/Processors/MonoBehaviourProcessor.cs
  artifactKey: Guid(35c16722912b64af894e4f6668f2e54c) Importer(2089858483,797179f86c6e516b54ff30bda720a719)
Start importing Assets/Mirror/Editor/Weaver/Processors/MonoBehaviourProcessor.cs using Guid(35c16722912b64af894e4f6668f2e54c) Importer(2089858483,797179f86c6e516b54ff30bda720a719) (ScriptedImporter) -> (artifact id: '1bd0c715ad1f26420482feb9439c4626') in 0.1565485 seconds
Number of updated asset objects reloaded before import = 0Number of asset objects unloaded after import = 0

========================================================================
Received Import Request.
  Time since last request: 0.000037 seconds.
  path: Assets/Mirror/Components/InterestManagement/Distance/DistanceInterestManagement.cs
  artifactKey: Guid(8f60becab051427fbdd3c8ac9ab4712b) Importer(2089858483,797179f86c6e516b54ff30bda720a719)
Start importing Assets/Mirror/Components/InterestManagement/Distance/DistanceInterestManagement.cs using Guid(8f60becab051427fbdd3c8ac9ab4712b) Importer(2089858483,797179f86c6e516b54ff30bda720a719) (ScriptedImporter) -> (artifact id: 'e6850ff08ee7cda9554b88570e27424d') in 0.1004654 seconds
Number of updated asset objects reloaded before import = 0Number of asset objects unloaded after import = 0

========================================================================
Received Import Request.
  Time since last request: 0.000081 seconds.
  path: Assets/MapToolPack/TextMesh Pro/Resources/Shaders/TMP_Sprite.shader
  artifactKey: Guid(6cc1fbcf3cd1f784b90444b3349c43a3) Importer(2089858483,797179f86c6e516b54ff30bda720a719)
Start importing Assets/MapToolPack/TextMesh Pro/Resources/Shaders/TMP_Sprite.shader using Guid(6cc1fbcf3cd1f784b90444b3349c43a3) Importer(2089858483,797179f86c6e516b54ff30bda720a719) (ScriptedImporter) -> (artifact id: '142117098cc873faacc4a54b7c10f92f') in 0.1150602 seconds
Number of updated asset objects reloaded before import = 0Number of asset objects unloaded after import = 1

========================================================================
Received Import Request.
  Time since last request: 0.000014 seconds.
  path: Assets/Mirror/Editor/Weaver/Empty/SyncDictionaryProcessor.cs
  artifactKey: Guid(29e4a45f69822462ab0b15adda962a29) Importer(2089858483,797179f86c6e516b54ff30bda720a719)
Start importing Assets/Mirror/Editor/Weaver/Empty/SyncDictionaryProcessor.cs using Guid(29e4a45f69822462ab0b15adda962a29) Importer(2089858483,797179f86c6e516b54ff30bda720a719) (ScriptedImporter) -> (artifact id: '1f406c28f3f80864c7a1cb390620aef3') in 0.1092582 seconds
Number of updated asset objects reloaded before import = 0Number of asset objects unloaded after import = 0

========================================================================
Received Import Request.
  Time since last request: 0.000105 seconds.
  path: Assets/MapToolPack/TextMesh Pro/Resources/Shaders/TMP_SDF-Surface-Mobile.shader
  artifactKey: Guid(14a5e84fe2021bf4f9a9e5405aa47b5b) Importer(2089858483,797179f86c6e516b54ff30bda720a719)
Start importing Assets/MapToolPack/TextMesh Pro/Resources/Shaders/TMP_SDF-Surface-Mobile.shader using Guid(14a5e84fe2021bf4f9a9e5405aa47b5b) Importer(2089858483,797179f86c6e516b54ff30bda720a719) (ScriptedImporter) -> (artifact id: '155f08dcb3d9a8c9795cb2b49314a9f1') in 0.1037629 seconds
Number of updated asset objects reloaded before import = 0Number of asset objects unloaded after import = 1

========================================================================
Received Import Request.
  Time since last request: 0.000012 seconds.
  path: Assets/GPM/Manager/Editor/Internal/GpmServiceDownloader.cs
  artifactKey: Guid(ed8356f2187085a4abcfbf615e872978) Importer(2089858483,797179f86c6e516b54ff30bda720a719)
Start importing Assets/GPM/Manager/Editor/Internal/GpmServiceDownloader.cs using Guid(ed8356f2187085a4abcfbf615e872978) Importer(2089858483,797179f86c6e516b54ff30bda720a719) (ScriptedImporter) -> (artifact id: 'e79a4bcfc1774cd60023c957cdb78000') in 0.1068831 seconds
Number of updated asset objects reloaded before import = 0Number of asset objects unloaded after import = 0

========================================================================
Received Import Request.
  Time since last request: 0.000041 seconds.
  path: Assets/Mirror/Editor/Weaver/Processors/PropertySiteProcessor.cs
  artifactKey: Guid(d48f1ab125e9940a995603796bccc59e) Importer(2089858483,797179f86c6e516b54ff30bda720a719)
Start importing Assets/Mirror/Editor/Weaver/Processors/PropertySiteProcessor.cs using Guid(d48f1ab125e9940a995603796bccc59e) Importer(2089858483,797179f86c6e516b54ff30bda720a719) (ScriptedImporter) -> (artifact id: '8d5f34e4f709605c7997c64a3333fb8b') in 0.1024474 seconds
Number of updated asset objects reloaded before import = 0Number of asset objects unloaded after import = 0

========================================================================
Received Import Request.
  Time since last request: 0.000056 seconds.
  path: Assets/Images/Resources/SmallArms/Aalto.png
  artifactKey: Guid(e3e268ec0c7589a4b9fb020b4d32fe02) Importer(2089858483,797179f86c6e516b54ff30bda720a719)
Start importing Assets/Images/Resources/SmallArms/Aalto.png using Guid(e3e268ec0c7589a4b9fb020b4d32fe02) Importer(2089858483,797179f86c6e516b54ff30bda720a719) (ScriptedImporter) -> (artifact id: '856e3d3a4a4720172a3984129cd8cc9a') in 0.1258169 seconds
Number of updated asset objects reloaded before import = 0Number of asset objects unloaded after import = 2

========================================================================
Received Import Request.
  Time since last request: 0.000090 seconds.
  path: Assets/Mirror/Examples/Benchmark/Scripts/MonsterMovement.cs
  artifactKey: Guid(9cddc2e496c474e538a494465be0192a) Importer(2089858483,797179f86c6e516b54ff30bda720a719)
Start importing Assets/Mirror/Examples/Benchmark/Scripts/MonsterMovement.cs using Guid(9cddc2e496c474e538a494465be0192a) Importer(2089858483,797179f86c6e516b54ff30bda720a719) (ScriptedImporter) -> (artifact id: 'd776e02fcb0a66d99154fb85cc93f373') in 0.1340859 seconds
Number of updated asset objects reloaded before import = 0Number of asset objects unloaded after import = 0

========================================================================
Received Import Request.
  Time since last request: 0.000036 seconds.
  path: Assets/Mirror/Examples/Chat/Scripts/ChatWindow.cs
  artifactKey: Guid(2c102f62d739545269250f48327d4429) Importer(2089858483,797179f86c6e516b54ff30bda720a719)
Start importing Assets/Mirror/Examples/Chat/Scripts/ChatWindow.cs using Guid(2c102f62d739545269250f48327d4429) Importer(2089858483,797179f86c6e516b54ff30bda720a719) (ScriptedImporter) -> (artifact id: '5d5bd8f2865f23d4b160b0a3668c1a6a') in 0.0767516 seconds
Number of updated asset objects reloaded before import = 0Number of asset objects unloaded after import = 0

========================================================================
Received Import Request.
  Time since last request: 0.000105 seconds.
  path: Assets/Mirror/Examples/AdditiveScenes/Scripts/ShootingTankBehaviour.cs
  artifactKey: Guid(7a25c54cd35eb284eb6b8ed19cf60443) Importer(2089858483,797179f86c6e516b54ff30bda720a719)
Start importing Assets/Mirror/Examples/AdditiveScenes/Scripts/ShootingTankBehaviour.cs using Guid(7a25c54cd35eb284eb6b8ed19cf60443) Importer(2089858483,797179f86c6e516b54ff30bda720a719) (ScriptedImporter) -> (artifact id: '41c4127d8ad8adf85ea8d87f2041db6a') in 0.1021249 seconds
Number of updated asset objects reloaded before import = 0Number of asset objects unloaded after import = 0

========================================================================
Received Import Request.
  Time since last request: 0.000017 seconds.
  path: Assets/Mirror/Examples/AdditiveScenes/Materials/Shelter.mat
  artifactKey: Guid(aef230244d219314fb8453f0365b8176) Importer(2089858483,797179f86c6e516b54ff30bda720a719)
Start importing Assets/Mirror/Examples/AdditiveScenes/Materials/Shelter.mat using Guid(aef230244d219314fb8453f0365b8176) Importer(2089858483,797179f86c6e516b54ff30bda720a719) (ScriptedImporter) -> (artifact id: 'da34f1e3d4ff252114edc267c9631f4b') in 0.0841189 seconds
Number of updated asset objects reloaded before import = 0Number of asset objects unloaded after import = 1

========================================================================
Received Import Request.
  Time since last request: 0.000022 seconds.
  path: Assets/Mirror/Examples/AdditiveScenes/Prefabs/Tank.prefab
  artifactKey: Guid(ab222ed73ada1ac4ba2f61e843d7627c) Importer(2089858483,797179f86c6e516b54ff30bda720a719)
Start importing Assets/Mirror/Examples/AdditiveScenes/Prefabs/Tank.prefab using Guid(ab222ed73ada1ac4ba2f61e843d7627c) Importer(2089858483,797179f86c6e516b54ff30bda720a719) (ScriptedImporter) -> (artifact id: 'd779add04a421c0098ce30626228ae17') in 0.1199077 seconds
Number of updated asset objects reloaded before import = 0Number of asset objects unloaded after import = 38

========================================================================
Received Import Request.
  Time since last request: 0.000015 seconds.
  path: Assets/Mirror/Examples/Benchmark/Scripts/PlayerMovement.cs
  artifactKey: Guid(c482338c8cc6d4a3cba81934c0151972) Importer(2089858483,797179f86c6e516b54ff30bda720a719)
Start importing Assets/Mirror/Examples/Benchmark/Scripts/PlayerMovement.cs using Guid(c482338c8cc6d4a3cba81934c0151972) Importer(2089858483,797179f86c6e516b54ff30bda720a719) (ScriptedImporter) -> (artifact id: '8417bd4dea7f736ab490c29a6f7bc9f2') in 0.1657305 seconds
Number of updated asset objects reloaded before import = 0Number of asset objects unloaded after import = 0

========================================================================
Received Import Request.
  Time since last request: 0.000122 seconds.
  path: Assets/Mirror/Examples/MultipleMatches/Prefabs/MatchPlayer.prefab
  artifactKey: Guid(11d2414f1e120a14c98cba6866e5348f) Importer(2089858483,797179f86c6e516b54ff30bda720a719)
Start importing Assets/Mirror/Examples/MultipleMatches/Prefabs/MatchPlayer.prefab using Guid(11d2414f1e120a14c98cba6866e5348f) Importer(2089858483,797179f86c6e516b54ff30bda720a719) (ScriptedImporter) -> (artifact id: '0534f59aa5f5abed3b78dbc415739940') in 0.0885222 seconds
Number of updated asset objects reloaded before import = 0Number of asset objects unloaded after import = 6

========================================================================
Received Import Request.
  Time since last request: 0.000014 seconds.
  path: Assets/Mirror/Examples/Room/Materials/Player.mat
  artifactKey: Guid(ac64a68d9ea8fa9459ff2f158065c1d0) Importer(2089858483,797179f86c6e516b54ff30bda720a719)
Start importing Assets/Mirror/Examples/Room/Materials/Player.mat using Guid(ac64a68d9ea8fa9459ff2f158065c1d0) Importer(2089858483,797179f86c6e516b54ff30bda720a719) (ScriptedImporter) -> (artifact id: '6db2a25508a12773c16d7bd30b0e5500') in 0.0531686 seconds
Number of updated asset objects reloaded before import = 0Number of asset objects unloaded after import = 1

========================================================================
Received Import Request.
  Time since last request: 0.000014 seconds.
  path: Assets/Mirror/Examples/MultipleAdditiveScenes/Scripts/RandomColor.cs
  artifactKey: Guid(218520098fbe58b4b8f0963ef41953f7) Importer(2089858483,797179f86c6e516b54ff30bda720a719)
Start importing Assets/Mirror/Examples/MultipleAdditiveScenes/Scripts/RandomColor.cs using Guid(218520098fbe58b4b8f0963ef41953f7) Importer(2089858483,797179f86c6e516b54ff30bda720a719) (ScriptedImporter) -> (artifact id: 'c9158db2e47d74eb4175f52d694ee2bb') in 0.0621798 seconds
Number of updated asset objects reloaded before import = 0Number of asset objects unloaded after import = 0

========================================================================
Received Import Request.
  Time since last request: 0.000045 seconds.
  path: Assets/Mirror/Examples/Pong/Scripts/NetworkManagerPong.cs
  artifactKey: Guid(0aa3018bb284840d6a6d0acee29ab098) Importer(2089858483,797179f86c6e516b54ff30bda720a719)
Start importing Assets/Mirror/Examples/Pong/Scripts/NetworkManagerPong.cs using Guid(0aa3018bb284840d6a6d0acee29ab098) Importer(2089858483,797179f86c6e516b54ff30bda720a719) (ScriptedImporter) -> (artifact id: 'c45a9fa0756e3d16ad468333bcaa0335') in 0.042988 seconds
Number of updated asset objects reloaded before import = 0Number of asset objects unloaded after import = 0

========================================================================
Received Import Request.
  Time since last request: 0.000057 seconds.
  path: Assets/Mirror/Examples/RigidbodyPhysics/PhysicMaterials/Floor.physicMaterial
  artifactKey: Guid(df195ce493ed09b4c929f832263ba617) Importer(2089858483,797179f86c6e516b54ff30bda720a719)
Start importing Assets/Mirror/Examples/RigidbodyPhysics/PhysicMaterials/Floor.physicMaterial using Guid(df195ce493ed09b4c929f832263ba617) Importer(2089858483,797179f86c6e516b54ff30bda720a719) (ScriptedImporter) -> (artifact id: 'f70be13532350f8c8ab8d9a9e35b6333') in 0.1416664 seconds
Number of updated asset objects reloaded before import = 0Number of asset objects unloaded after import = 1

========================================================================
Received Import Request.
  Time since last request: 0.000018 seconds.
  path: Assets/Mirror/Examples/MultipleMatches/Scripts/PlayerGUI.cs
  artifactKey: Guid(f61e9bc3715eb904b91222a5526f63d8) Importer(2089858483,797179f86c6e516b54ff30bda720a719)
Start importing Assets/Mirror/Examples/MultipleMatches/Scripts/PlayerGUI.cs using Guid(f61e9bc3715eb904b91222a5526f63d8) Importer(2089858483,797179f86c6e516b54ff30bda720a719) (ScriptedImporter) -> (artifact id: 'be3ac53fd4b2595ec7b12986cf4b72ee') in 0.0890819 seconds
Number of updated asset objects reloaded before import = 0Number of asset objects unloaded after import = 0

========================================================================
Received Import Request.
  Time since last request: 0.000021 seconds.
  path: Assets/Mirror/Examples/MultipleAdditiveScenes/Scripts/MultiSceneNetManager.cs
  artifactKey: Guid(b982a1fd37427e64e8310a863d03d2c9) Importer(2089858483,797179f86c6e516b54ff30bda720a719)
Start importing Assets/Mirror/Examples/MultipleAdditiveScenes/Scripts/MultiSceneNetManager.cs using Guid(b982a1fd37427e64e8310a863d03d2c9) Importer(2089858483,797179f86c6e516b54ff30bda720a719) (ScriptedImporter) -> (artifact id: 'b49a8b3962738a1eefad72c1287b627e') in 0.0777663 seconds
Number of updated asset objects reloaded before import = 0Number of asset objects unloaded after import = 0

========================================================================
Received Import Request.
  Time since last request: 0.000074 seconds.
  path: Assets/Mirror/Editor/Empty/Logging/LogSettingsEditor.cs
  artifactKey: Guid(8f4ecb3d81ce9ff44b91f311ee46d4ea) Importer(2089858483,797179f86c6e516b54ff30bda720a719)
Start importing Assets/Mirror/Editor/Empty/Logging/LogSettingsEditor.cs using Guid(8f4ecb3d81ce9ff44b91f311ee46d4ea) Importer(2089858483,797179f86c6e516b54ff30bda720a719) (ScriptedImporter) -> (artifact id: '232f9e066c3aa1cb4dd7ae86fa1f0724') in 0.0787496 seconds
Number of updated asset objects reloaded before import = 0Number of asset objects unloaded after import = 0

========================================================================
Received Import Request.
  Time since last request: 0.000092 seconds.
  path: Assets/GPM/Common/ThirdParty/MessagePack/Nil.cs
  artifactKey: Guid(5b96577c45030da42be552824a15b873) Importer(2089858483,797179f86c6e516b54ff30bda720a719)
Start importing Assets/GPM/Common/ThirdParty/MessagePack/Nil.cs using Guid(5b96577c45030da42be552824a15b873) Importer(2089858483,797179f86c6e516b54ff30bda720a719) (ScriptedImporter) -> (artifact id: '4e701aa923d467167efa6847ae342084') in 0.0607232 seconds
Number of updated asset objects reloaded before import = 0Number of asset objects unloaded after import = 0

========================================================================
Received Import Request.
  Time since last request: 0.000050 seconds.
  path: Assets/Mirror/Runtime/Empty/Cloud/JsonStructs.cs
  artifactKey: Guid(0688c0fdae5376e4ea74d5c3904eed17) Importer(2089858483,797179f86c6e516b54ff30bda720a719)
Start importing Assets/Mirror/Runtime/Empty/Cloud/JsonStructs.cs using Guid(0688c0fdae5376e4ea74d5c3904eed17) Importer(2089858483,797179f86c6e516b54ff30bda720a719) (ScriptedImporter) -> (artifact id: '079bc002862d71020e8167a8c8a3f49b') in 0.0781784 seconds
Number of updated asset objects reloaded before import = 0Number of asset objects unloaded after import = 0

========================================================================
Received Import Request.
  Time since last request: 0.000046 seconds.
  path: Assets/Mirror/Runtime/Empty/Logging/LogSettings.cs
  artifactKey: Guid(633889a39717fde4fa28dd6b948dfac7) Importer(2089858483,797179f86c6e516b54ff30bda720a719)
Start importing Assets/Mirror/Runtime/Empty/Logging/LogSettings.cs using Guid(633889a39717fde4fa28dd6b948dfac7) Importer(2089858483,797179f86c6e516b54ff30bda720a719) (ScriptedImporter) -> (artifact id: 'bee819a34a3436f7622d0f6cfa41fc49') in 0.1539106 seconds
Number of updated asset objects reloaded before import = 0Number of asset objects unloaded after import = 0

========================================================================
Received Import Request.
  Time since last request: 0.000157 seconds.
  path: Assets/Mirror/Runtime/Empty/Logging/ConsoleColorLogHandler.cs
  artifactKey: Guid(2a9618569c20a504aa86feb5913c70e9) Importer(2089858483,797179f86c6e516b54ff30bda720a719)
Start importing Assets/Mirror/Runtime/Empty/Logging/ConsoleColorLogHandler.cs using Guid(2a9618569c20a504aa86feb5913c70e9) Importer(2089858483,797179f86c6e516b54ff30bda720a719) (ScriptedImporter) -> (artifact id: 'de2f4f87fcbd28363c1b937655246c9d') in 0.1010209 seconds
Number of updated asset objects reloaded before import = 0Number of asset objects unloaded after import = 0

========================================================================
Received Import Request.
  Time since last request: 0.000022 seconds.
  path: Assets/Mirror/Runtime/Empty/Cloud/Logger.cs
  artifactKey: Guid(457ba2df6cb6e1542996c17c715ee81b) Importer(2089858483,797179f86c6e516b54ff30bda720a719)
Start importing Assets/Mirror/Runtime/Empty/Cloud/Logger.cs using Guid(457ba2df6cb6e1542996c17c715ee81b) Importer(2089858483,797179f86c6e516b54ff30bda720a719) (ScriptedImporter) -> (artifact id: 'b27113d4e3d57497dce93c3cdd015125') in 0.1489064 seconds
Number of updated asset objects reloaded before import = 0Number of asset objects unloaded after import = 0

========================================================================
Received Import Request.
  Time since last request: 0.000047 seconds.
  path: Assets/Mirror/Examples/Tanks/Prefabs/Projectile.prefab
  artifactKey: Guid(b7dd46dbf38c643f09e206f9fa4be008) Importer(2089858483,797179f86c6e516b54ff30bda720a719)
Start importing Assets/Mirror/Examples/Tanks/Prefabs/Projectile.prefab using Guid(b7dd46dbf38c643f09e206f9fa4be008) Importer(2089858483,797179f86c6e516b54ff30bda720a719) (ScriptedImporter) -> (artifact id: 'd698fd7307f498877f879642fa0a5893') in 0.0912056 seconds
Number of updated asset objects reloaded before import = 0Number of asset objects unloaded after import = 15

========================================================================
Received Import Request.
  Time since last request: 0.000020 seconds.
  path: Assets/Mirror/Examples/Tanks/Scenes/Scene.unity
  artifactKey: Guid(83f9d2fb76f5742448c6e51f258327a2) Importer(2089858483,797179f86c6e516b54ff30bda720a719)
Start importing Assets/Mirror/Examples/Tanks/Scenes/Scene.unity using Guid(83f9d2fb76f5742448c6e51f258327a2) Importer(2089858483,797179f86c6e516b54ff30bda720a719) (ScriptedImporter) -> (artifact id: '07cf9bc0b912cc98fe46938c13995a79') in 0.0954475 seconds
Number of updated asset objects reloaded before import = 0Number of asset objects unloaded after import = 1

========================================================================
Received Import Request.
  Time since last request: 0.000015 seconds.
  path: Assets/GPM/Common/Indicator/Scripts/Internal/InAppIndicator.cs
  artifactKey: Guid(b85bef712b4f5bc43ad23584fe7e1945) Importer(2089858483,797179f86c6e516b54ff30bda720a719)
Start importing Assets/GPM/Common/Indicator/Scripts/Internal/InAppIndicator.cs using Guid(b85bef712b4f5bc43ad23584fe7e1945) Importer(2089858483,797179f86c6e516b54ff30bda720a719) (ScriptedImporter) -> (artifact id: '452dabf183c3f77dfd6a1710903d97c6') in 0.1259468 seconds
Number of updated asset objects reloaded before import = 0Number of asset objects unloaded after import = 0

========================================================================
Received Import Request.
  Time since last request: 0.000015 seconds.
  path: Assets/GPM/Common/ThirdParty/MessagePack/Formatters/NullableFormatter.cs
  artifactKey: Guid(f29d59df026d9c84898e3dc89a9fb01c) Importer(2089858483,797179f86c6e516b54ff30bda720a719)
Start importing Assets/GPM/Common/ThirdParty/MessagePack/Formatters/NullableFormatter.cs using Guid(f29d59df026d9c84898e3dc89a9fb01c) Importer(2089858483,797179f86c6e516b54ff30bda720a719) (ScriptedImporter) -> (artifact id: 'fcb21b8d1cf328259981e39b07c0ec49') in 0.0904599 seconds
Number of updated asset objects reloaded before import = 0Number of asset objects unloaded after import = 0

========================================================================
Received Import Request.
  Time since last request: 0.000069 seconds.
  path: Assets/Mirror/Runtime/Transport/SimpleWebTransport/README.txt
  artifactKey: Guid(0e3971d5783109f4d9ce93c7a689d701) Importer(2089858483,797179f86c6e516b54ff30bda720a719)
Start importing Assets/Mirror/Runtime/Transport/SimpleWebTransport/README.txt using Guid(0e3971d5783109f4d9ce93c7a689d701) Importer(2089858483,797179f86c6e516b54ff30bda720a719) (ScriptedImporter) -> (artifact id: '484277e08ae0b6d7074fe9f6102f3a2b') in 0.1227469 seconds
Number of updated asset objects reloaded before import = 0Number of asset objects unloaded after import = 1

========================================================================
Received Import Request.
  Time since last request: 0.000031 seconds.
  path: Assets/Mirror/Runtime/Empty/Logging/LogFactory.cs
  artifactKey: Guid(d06522432d5a44e1587967a4731cd279) Importer(2089858483,797179f86c6e516b54ff30bda720a719)
Start importing Assets/Mirror/Runtime/Empty/Logging/LogFactory.cs using Guid(d06522432d5a44e1587967a4731cd279) Importer(2089858483,797179f86c6e516b54ff30bda720a719) (ScriptedImporter) -> (artifact id: '5ab417ddacededdee3f639eb0969c9a4') in 0.113124 seconds
Number of updated asset objects reloaded before import = 0Number of asset objects unloaded after import = 0

========================================================================
Received Import Request.
  Time since last request: 0.000065 seconds.
  path: Assets/GPM/Common/Compress/Editor/Internal/CompressImplementation.cs
  artifactKey: Guid(351ec58ed69f324489f05d9fd55b6cc5) Importer(2089858483,797179f86c6e516b54ff30bda720a719)
Start importing Assets/GPM/Common/Compress/Editor/Internal/CompressImplementation.cs using Guid(351ec58ed69f324489f05d9fd55b6cc5) Importer(2089858483,797179f86c6e516b54ff30bda720a719) (ScriptedImporter) -> (artifact id: '10a76df161188823b4d477ab4140f264') in 0.1268046 seconds
Number of updated asset objects reloaded before import = 0Number of asset objects unloaded after import = 0

========================================================================
Received Import Request.
  Time since last request: 0.000064 seconds.
  path: Assets/Scripts/UI/Components/Windows/WindowMaker.cs
  artifactKey: Guid(148efb6f3fce84b49b816ea20bfecceb) Importer(2089858483,797179f86c6e516b54ff30bda720a719)
Start importing Assets/Scripts/UI/Components/Windows/WindowMaker.cs using Guid(148efb6f3fce84b49b816ea20bfecceb) Importer(2089858483,797179f86c6e516b54ff30bda720a719) (ScriptedImporter) -> (artifact id: '3d52cfaacdc52209dadcb2024061da19') in 0.1194743 seconds
Number of updated asset objects reloaded before import = 0Number of asset objects unloaded after import = 0

========================================================================
Received Import Request.
  Time since last request: 0.000059 seconds.
  path: Assets/GPM/Common/ThirdParty/MessagePack/Resolvers/OldSpecResolver.cs
  artifactKey: Guid(ae8e53fb90db3cb4fa089c1fcb504461) Importer(2089858483,797179f86c6e516b54ff30bda720a719)
Start importing Assets/GPM/Common/ThirdParty/MessagePack/Resolvers/OldSpecResolver.cs using Guid(ae8e53fb90db3cb4fa089c1fcb504461) Importer(2089858483,797179f86c6e516b54ff30bda720a719) (ScriptedImporter) -> (artifact id: 'a4994277b2814c1943fce9180378ba35') in 0.0964291 seconds
Number of updated asset objects reloaded before import = 0Number of asset objects unloaded after import = 0

========================================================================
Received Import Request.
  Time since last request: 0.000043 seconds.
  path: Assets/GPM/Common/ThirdParty/MessagePack/Internal/UnsafeMemory.Low.cs
  artifactKey: Guid(8070319c22c60b54aa9383bfaf035334) Importer(2089858483,797179f86c6e516b54ff30bda720a719)
Start importing Assets/GPM/Common/ThirdParty/MessagePack/Internal/UnsafeMemory.Low.cs using Guid(8070319c22c60b54aa9383bfaf035334) Importer(2089858483,797179f86c6e516b54ff30bda720a719) (ScriptedImporter) -> (artifact id: 'ca27944b146f035247a7346ed4174d28') in 0.1011726 seconds
Number of updated asset objects reloaded before import = 0Number of asset objects unloaded after import = 0

========================================================================
Received Import Request.
  Time since last request: 0.000052 seconds.
  path: Assets/GPM/Common/ThirdParty/MessagePack/Internal/ArrayPool.cs
  artifactKey: Guid(767e42665f8ff574d86598966594931c) Importer(2089858483,797179f86c6e516b54ff30bda720a719)
Start importing Assets/GPM/Common/ThirdParty/MessagePack/Internal/ArrayPool.cs using Guid(767e42665f8ff574d86598966594931c) Importer(2089858483,797179f86c6e516b54ff30bda720a719) (ScriptedImporter) -> (artifact id: '46395bdcf0fdb281bcbe0ae12498c0a6') in 0.1377317 seconds
Number of updated asset objects reloaded before import = 0Number of asset objects unloaded after import = 0

========================================================================
Received Import Request.
  Time since last request: 0.000029 seconds.
  path: Assets/GPM/Common/ThirdParty/MessagePack/Resolvers/TypelessContractlessStandardResolver.cs
  artifactKey: Guid(323c7ae275d12df44bead84a740d0e2b) Importer(2089858483,797179f86c6e516b54ff30bda720a719)
Start importing Assets/GPM/Common/ThirdParty/MessagePack/Resolvers/TypelessContractlessStandardResolver.cs using Guid(323c7ae275d12df44bead84a740d0e2b) Importer(2089858483,797179f86c6e516b54ff30bda720a719) (ScriptedImporter) -> (artifact id: 'a6c443e2317f3fbdcdad62d844a80ec6') in 0.0815724 seconds
Number of updated asset objects reloaded before import = 0Number of asset objects unloaded after import = 0

========================================================================
Received Import Request.
  Time since last request: 0.000057 seconds.
  path: Assets/GPM/Common/ThirdParty/MessagePack/LZ4/LZ4MessagePackSerializer.cs
  artifactKey: Guid(314710a60cc488944b8f43064a934d00) Importer(2089858483,797179f86c6e516b54ff30bda720a719)
Start importing Assets/GPM/Common/ThirdParty/MessagePack/LZ4/LZ4MessagePackSerializer.cs using Guid(314710a60cc488944b8f43064a934d00) Importer(2089858483,797179f86c6e516b54ff30bda720a719) (ScriptedImporter) -> (artifact id: 'c4284e7736910e236e3c62458a75312d') in 0.1665158 seconds
Number of updated asset objects reloaded before import = 0Number of asset objects unloaded after import = 0

========================================================================
Received Import Request.
  Time since last request: 0.000052 seconds.
  path: Assets/GPM/Common/ThirdParty/SharpCompress/Common/FilePart.cs
  artifactKey: Guid(dcdc560429407304396ed55f995b955d) Importer(2089858483,797179f86c6e516b54ff30bda720a719)
Start importing Assets/GPM/Common/ThirdParty/SharpCompress/Common/FilePart.cs using Guid(dcdc560429407304396ed55f995b955d) Importer(2089858483,797179f86c6e516b54ff30bda720a719) (ScriptedImporter) -> (artifact id: 'cfc24e28465161c96b79c1de9535f0e9') in 0.0839678 seconds
Number of updated asset objects reloaded before import = 0Number of asset objects unloaded after import = 0

========================================================================
Received Import Request.
  Time since last request: 0.000089 seconds.
  path: Assets/GPM/Common/ThirdParty/SharpCompress/Common/EntryStream.cs
  artifactKey: Guid(0dce320b21818b94382fd982c51f3f97) Importer(2089858483,797179f86c6e516b54ff30bda720a719)
Start importing Assets/GPM/Common/ThirdParty/SharpCompress/Common/EntryStream.cs using Guid(0dce320b21818b94382fd982c51f3f97) Importer(2089858483,797179f86c6e516b54ff30bda720a719) (ScriptedImporter) -> (artifact id: 'c359cf06b0d64b970207717f1e95f6eb') in 0.0567584 seconds
Number of updated asset objects reloaded before import = 0Number of asset objects unloaded after import = 0

========================================================================
Received Import Request.
  Time since last request: 0.000064 seconds.
  path: Assets/GPM/Common/ThirdParty/SharpCompress/Common/ExtractionException.cs
  artifactKey: Guid(7eb0aab033f8d064ba8173f622f14093) Importer(2089858483,797179f86c6e516b54ff30bda720a719)
Start importing Assets/GPM/Common/ThirdParty/SharpCompress/Common/ExtractionException.cs using Guid(7eb0aab033f8d064ba8173f622f14093) Importer(2089858483,797179f86c6e516b54ff30bda720a719) (ScriptedImporter) -> (artifact id: '66e946d133bddea4c5447fbcbe9e0b53') in 0.0703895 seconds
Number of updated asset objects reloaded before import = 0Number of asset objects unloaded after import = 0

========================================================================
Received Import Request.
  Time since last request: 0.000055 seconds.
  path: Assets/GPM/Common/ThirdParty/SharpCompress/Archives/ArchiveFactory.cs
  artifactKey: Guid(abc4f16954cfa6240bea17f4a514de02) Importer(2089858483,797179f86c6e516b54ff30bda720a719)
Start importing Assets/GPM/Common/ThirdParty/SharpCompress/Archives/ArchiveFactory.cs using Guid(abc4f16954cfa6240bea17f4a514de02) Importer(2089858483,797179f86c6e516b54ff30bda720a719) (ScriptedImporter) -> (artifact id: 'f3602f1763c1eea34b48806e14c1efae') in 0.0569127 seconds
Number of updated asset objects reloaded before import = 0Number of asset objects unloaded after import = 0

========================================================================
Received Import Request.
  Time since last request: 0.000058 seconds.
  path: Assets/GPM/Common/ThirdParty/SharpCompress/Archives/AbstractArchive.cs
  artifactKey: Guid(e7b0a3317f1e6424ba91c8930958c724) Importer(2089858483,797179f86c6e516b54ff30bda720a719)
Start importing Assets/GPM/Common/ThirdParty/SharpCompress/Archives/AbstractArchive.cs using Guid(e7b0a3317f1e6424ba91c8930958c724) Importer(2089858483,797179f86c6e516b54ff30bda720a719) (ScriptedImporter) -> (artifact id: '3712c80204f701a909d55048da663c66') in 0.092776 seconds
Number of updated asset objects reloaded before import = 0Number of asset objects unloaded after import = 0

========================================================================
Received Import Request.
  Time since last request: 0.000066 seconds.
  path: Assets/Mirror/Runtime/Transport/Telepathy/TelepathyTransport.cs
  artifactKey: Guid(c7424c1070fad4ba2a7a96b02fbeb4bb) Importer(2089858483,797179f86c6e516b54ff30bda720a719)
Start importing Assets/Mirror/Runtime/Transport/Telepathy/TelepathyTransport.cs using Guid(c7424c1070fad4ba2a7a96b02fbeb4bb) Importer(2089858483,797179f86c6e516b54ff30bda720a719) (ScriptedImporter) -> (artifact id: '7c68ce236cebfb762f037ce11ca24b0b') in 0.0986709 seconds
Number of updated asset objects reloaded before import = 0Number of asset objects unloaded after import = 0

========================================================================
Received Import Request.
  Time since last request: 0.000058 seconds.
  path: Assets/GPM/Common/ThirdParty/MessagePack/Resolvers/TypelessObjectResolver.cs
  artifactKey: Guid(1e1a76b0c834a96478e3994f7493d2a7) Importer(2089858483,797179f86c6e516b54ff30bda720a719)
Start importing Assets/GPM/Common/ThirdParty/MessagePack/Resolvers/TypelessObjectResolver.cs using Guid(1e1a76b0c834a96478e3994f7493d2a7) Importer(2089858483,797179f86c6e516b54ff30bda720a719) (ScriptedImporter) -> (artifact id: '58bd86bb5b14e0c483f03834ba416b3c') in 0.0895098 seconds
Number of updated asset objects reloaded before import = 0Number of asset objects unloaded after import = 0

========================================================================
Received Import Request.
  Time since last request: 0.000057 seconds.
  path: Assets/GPM/Common/ThirdParty/SharpCompress/Common/CompressionType.cs
  artifactKey: Guid(85ef584591c5a584f8fc5cb87dd81e8b) Importer(2089858483,797179f86c6e516b54ff30bda720a719)
Start importing Assets/GPM/Common/ThirdParty/SharpCompress/Common/CompressionType.cs using Guid(85ef584591c5a584f8fc5cb87dd81e8b) Importer(2089858483,797179f86c6e516b54ff30bda720a719) (ScriptedImporter) -> (artifact id: '1fb8a413ee42be7911fcef97ba08fecd') in 0.1145879 seconds
Number of updated asset objects reloaded before import = 0Number of asset objects unloaded after import = 0

========================================================================
Received Import Request.
  Time since last request: 0.000088 seconds.
  path: Assets/GPM/Common/ThirdParty/SharpCompress/Common/MultipartStreamRequiredException.cs
  artifactKey: Guid(198c88e9204733344bff49e179d67fc1) Importer(2089858483,797179f86c6e516b54ff30bda720a719)
Start importing Assets/GPM/Common/ThirdParty/SharpCompress/Common/MultipartStreamRequiredException.cs using Guid(198c88e9204733344bff49e179d67fc1) Importer(2089858483,797179f86c6e516b54ff30bda720a719) (ScriptedImporter) -> (artifact id: '6c2446c9ebf1ef1a1fd38bbb9239a7c6') in 0.0916315 seconds
Number of updated asset objects reloaded before import = 0Number of asset objects unloaded after import = 0

========================================================================
Received Import Request.
  Time since last request: 0.000062 seconds.
  path: Assets/GPM/Common/ThirdParty/SharpCompress/Crypto/KeyParameter.cs
  artifactKey: Guid(31e7e8caa808e2f4fb532b16f215aac2) Importer(2089858483,797179f86c6e516b54ff30bda720a719)
Start importing Assets/GPM/Common/ThirdParty/SharpCompress/Crypto/KeyParameter.cs using Guid(31e7e8caa808e2f4fb532b16f215aac2) Importer(2089858483,797179f86c6e516b54ff30bda720a719) (ScriptedImporter) -> (artifact id: '3c67256b6075b3f080544e04d995e583') in 0.1575826 seconds
Number of updated asset objects reloaded before import = 0Number of asset objects unloaded after import = 0

========================================================================
Received Import Request.
  Time since last request: 0.000070 seconds.
  path: Assets/GPM/Common/ThirdParty/SharpCompress/Common/MultiVolumeExtractionException.cs
  artifactKey: Guid(e0a5da3211f56d34f9b4a4d888a414b3) Importer(2089858483,797179f86c6e516b54ff30bda720a719)
Start importing Assets/GPM/Common/ThirdParty/SharpCompress/Common/MultiVolumeExtractionException.cs using Guid(e0a5da3211f56d34f9b4a4d888a414b3) Importer(2089858483,797179f86c6e516b54ff30bda720a719) (ScriptedImporter) -> (artifact id: '51d145e7fb3a529ca6faee5044e905ba') in 0.1210409 seconds
Number of updated asset objects reloaded before import = 0Number of asset objects unloaded after import = 0

========================================================================
Received Import Request.
  Time since last request: 0.000085 seconds.
  path: Assets/GPM/Common/ThirdParty/SharpCompress/Common/IEntry.cs
  artifactKey: Guid(00912764e7aad104b9141db09d3acc77) Importer(2089858483,797179f86c6e516b54ff30bda720a719)
Start importing Assets/GPM/Common/ThirdParty/SharpCompress/Common/IEntry.cs using Guid(00912764e7aad104b9141db09d3acc77) Importer(2089858483,797179f86c6e516b54ff30bda720a719) (ScriptedImporter) -> (artifact id: 'b3eada68d24dfa76c1df2b964dac0db3') in 0.062861 seconds
Number of updated asset objects reloaded before import = 0Number of asset objects unloaded after import = 0

========================================================================
Received Import Request.
  Time since last request: 0.000064 seconds.
  path: Assets/GPM/Manager/Editor/Util/AD/Advertisement.cs
  artifactKey: Guid(fce744737ff5d3648a1e0f73525d9dc0) Importer(2089858483,797179f86c6e516b54ff30bda720a719)
Start importing Assets/GPM/Manager/Editor/Util/AD/Advertisement.cs using Guid(fce744737ff5d3648a1e0f73525d9dc0) Importer(2089858483,797179f86c6e516b54ff30bda720a719) (ScriptedImporter) -> (artifact id: '098d407bdede41f8f38fe12bef68a34c') in 0.0808316 seconds
Number of updated asset objects reloaded before import = 0Number of asset objects unloaded after import = 0

========================================================================
Received Import Request.
  Time since last request: 0.000052 seconds.
  path: Assets/GPM/Manager/Editor/UI/Constant/ManagerUiIcon.cs
  artifactKey: Guid(494ae7f7210d9ee47adcc3a7c5549616) Importer(2089858483,797179f86c6e516b54ff30bda720a719)
Start importing Assets/GPM/Manager/Editor/UI/Constant/ManagerUiIcon.cs using Guid(494ae7f7210d9ee47adcc3a7c5549616) Importer(2089858483,797179f86c6e516b54ff30bda720a719) (ScriptedImporter) -> (artifact id: '75e17d8caf4cb93ef68de20563b26305') in 0.0693667 seconds
Number of updated asset objects reloaded before import = 0Number of asset objects unloaded after import = 0

========================================================================
Received Import Request.
  Time since last request: 0.000086 seconds.
  path: Assets/GPM/WebView/Scripts/Internal/Interface/IWebView.cs
  artifactKey: Guid(e8545ffb02590f8499533bc5cad8c4fa) Importer(2089858483,797179f86c6e516b54ff30bda720a719)
Start importing Assets/GPM/WebView/Scripts/Internal/Interface/IWebView.cs using Guid(e8545ffb02590f8499533bc5cad8c4fa) Importer(2089858483,797179f86c6e516b54ff30bda720a719) (ScriptedImporter) -> (artifact id: '5add10fc14b41aa4b8164a52c9ef5423') in 0.0803955 seconds
Number of updated asset objects reloaded before import = 0Number of asset objects unloaded after import = 0

========================================================================
Received Import Request.
  Time since last request: 0.000044 seconds.
  path: Assets/GPM/Manager/Editor/Constant/Vo/ServiceInfo.cs
  artifactKey: Guid(4c892a1e3a8b14b4fb1eefb95a3ee42b) Importer(2089858483,797179f86c6e516b54ff30bda720a719)
Start importing Assets/GPM/Manager/Editor/Constant/Vo/ServiceInfo.cs using Guid(4c892a1e3a8b14b4fb1eefb95a3ee42b) Importer(2089858483,797179f86c6e516b54ff30bda720a719) (ScriptedImporter) -> (artifact id: '3a0759a5b8aa8bbfd4c6eda453393f52') in 0.0905024 seconds
Number of updated asset objects reloaded before import = 0Number of asset objects unloaded after import = 0

========================================================================
Received Import Request.
  Time since last request: 0.000066 seconds.
  path: Assets/GPM/Manager/Editor/UI/Helper/ManagerUiLayout.cs
  artifactKey: Guid(eb1914a79612e8640a5eabace9457d5d) Importer(2089858483,797179f86c6e516b54ff30bda720a719)
Start importing Assets/GPM/Manager/Editor/UI/Helper/ManagerUiLayout.cs using Guid(eb1914a79612e8640a5eabace9457d5d) Importer(2089858483,797179f86c6e516b54ff30bda720a719) (ScriptedImporter) -> (artifact id: '21d304e89ba4a5ebe183b5114be6b35b') in 0.1025136 seconds
Number of updated asset objects reloaded before import = 0Number of asset objects unloaded after import = 0

========================================================================
Received Import Request.
  Time since last request: 0.000048 seconds.
  path: Assets/Mirror/Runtime/Empty/Logging/NetworkHeadlessLogger.cs
  artifactKey: Guid(c7627623f2b9fad4484082517cd73e67) Importer(2089858483,797179f86c6e516b54ff30bda720a719)
Start importing Assets/Mirror/Runtime/Empty/Logging/NetworkHeadlessLogger.cs using Guid(c7627623f2b9fad4484082517cd73e67) Importer(2089858483,797179f86c6e516b54ff30bda720a719) (ScriptedImporter) -> (artifact id: '7a091cf97421f79ed8dc605f73b8b00a') in 0.2233238 seconds
Number of updated asset objects reloaded before import = 0Number of asset objects unloaded after import = 0

========================================================================
Received Import Request.
  Time since last request: 0.000071 seconds.
  path: Assets/Mirror/Examples/MultipleAdditiveScenes/Materials/Physics/RoomBounce.physicMaterial
  artifactKey: Guid(2e179c076d5d0924dbf5a2de0630bdb1) Importer(2089858483,797179f86c6e516b54ff30bda720a719)
Start importing Assets/Mirror/Examples/MultipleAdditiveScenes/Materials/Physics/RoomBounce.physicMaterial using Guid(2e179c076d5d0924dbf5a2de0630bdb1) Importer(2089858483,797179f86c6e516b54ff30bda720a719) (ScriptedImporter) -> (artifact id: 'f291beb46e61f8e59923914abf5d1d73') in 0.0986443 seconds
Number of updated asset objects reloaded before import = 0Number of asset objects unloaded after import = 1

========================================================================
Received Import Request.
  Time since last request: 0.000102 seconds.
  path: Assets/GPM/Manager/Editor/Constant/Vo/NoticeInfo.cs
  artifactKey: Guid(aa6bfafa3f31e7c41898d22fc547d68e) Importer(2089858483,797179f86c6e516b54ff30bda720a719)
Start importing Assets/GPM/Manager/Editor/Constant/Vo/NoticeInfo.cs using Guid(aa6bfafa3f31e7c41898d22fc547d68e) Importer(2089858483,797179f86c6e516b54ff30bda720a719) (ScriptedImporter) -> (artifact id: '0992993c8a0d983f1bbfbe60ce3b36f7') in 0.0941736 seconds
Number of updated asset objects reloaded before import = 0Number of asset objects unloaded after import = 0

========================================================================
Received Import Request.
  Time since last request: 0.000045 seconds.
  path: Assets/Mirror/Runtime/Transport/SimpleWebTransport/Common/TcpConfig.cs
  artifactKey: Guid(81ac8d35f28fab14b9edda5cd9d4fc86) Importer(2089858483,797179f86c6e516b54ff30bda720a719)
Start importing Assets/Mirror/Runtime/Transport/SimpleWebTransport/Common/TcpConfig.cs using Guid(81ac8d35f28fab14b9edda5cd9d4fc86) Importer(2089858483,797179f86c6e516b54ff30bda720a719) (ScriptedImporter) -> (artifact id: 'fb5e8e4119efcfadbfade9c89b47d9ef') in 0.1287176 seconds
Number of updated asset objects reloaded before import = 0Number of asset objects unloaded after import = 0

========================================================================
Received Import Request.
  Time since last request: 0.000082 seconds.
  path: Assets/Mirror/Runtime/Transport/SimpleWebTransport/Common/SendLoop.cs
  artifactKey: Guid(f87dd81736d9c824db67f808ac71841d) Importer(2089858483,797179f86c6e516b54ff30bda720a719)
Start importing Assets/Mirror/Runtime/Transport/SimpleWebTransport/Common/SendLoop.cs using Guid(f87dd81736d9c824db67f808ac71841d) Importer(2089858483,797179f86c6e516b54ff30bda720a719) (ScriptedImporter) -> (artifact id: '56c61e7080536623fd0d47c306c22b5e') in 0.1163609 seconds
Number of updated asset objects reloaded before import = 0Number of asset objects unloaded after import = 0

========================================================================
Received Import Request.
  Time since last request: 0.000049 seconds.
  path: Assets/Mirror/Runtime/Transport/Telepathy/Telepathy/ConnectionState.cs
  artifactKey: Guid(af95e2b6f6343411aa8bdf871abd7b1b) Importer(2089858483,797179f86c6e516b54ff30bda720a719)
Start importing Assets/Mirror/Runtime/Transport/Telepathy/Telepathy/ConnectionState.cs using Guid(af95e2b6f6343411aa8bdf871abd7b1b) Importer(2089858483,797179f86c6e516b54ff30bda720a719) (ScriptedImporter) -> (artifact id: 'ab57a048531ac9ee0120f8382ea49dcd') in 0.0967356 seconds
Number of updated asset objects reloaded before import = 0Number of asset objects unloaded after import = 0

========================================================================
Received Import Request.
  Time since last request: 0.000062 seconds.
  path: Assets/Mirror/Runtime/Transport/SimpleWebTransport/Common/Log.cs
  artifactKey: Guid(3cf1521098e04f74fbea0fe2aa0439f8) Importer(2089858483,797179f86c6e516b54ff30bda720a719)
Start importing Assets/Mirror/Runtime/Transport/SimpleWebTransport/Common/Log.cs using Guid(3cf1521098e04f74fbea0fe2aa0439f8) Importer(2089858483,797179f86c6e516b54ff30bda720a719) (ScriptedImporter) -> (artifact id: 'd15022ff327357e94a2417347ca84ed6') in 0.1259312 seconds
Number of updated asset objects reloaded before import = 0Number of asset objects unloaded after import = 0

========================================================================
Received Import Request.
  Time since last request: 0.000049 seconds.
  path: Assets/GPM/Common/Indicator/Scripts/Internal/Implementation/IndicatorImplementation.cs
  artifactKey: Guid(e0f1b64cb5f98934dacbfcd4938afd24) Importer(2089858483,797179f86c6e516b54ff30bda720a719)
Start importing Assets/GPM/Common/Indicator/Scripts/Internal/Implementation/IndicatorImplementation.cs using Guid(e0f1b64cb5f98934dacbfcd4938afd24) Importer(2089858483,797179f86c6e516b54ff30bda720a719) (ScriptedImporter) -> (artifact id: 'c21e33ae3e3e1d914ec3cb675f805784') in 0.1123874 seconds
Number of updated asset objects reloaded before import = 0Number of asset objects unloaded after import = 0

========================================================================
Received Import Request.
  Time since last request: 0.000052 seconds.
  path: Assets/GPM/Common/Indicator/Scripts/Internal/Implementation/InAppCoroutineObject.cs
  artifactKey: Guid(4e9539819eaf6b0458c34472b958b3ba) Importer(2089858483,797179f86c6e516b54ff30bda720a719)
Start importing Assets/GPM/Common/Indicator/Scripts/Internal/Implementation/InAppCoroutineObject.cs using Guid(4e9539819eaf6b0458c34472b958b3ba) Importer(2089858483,797179f86c6e516b54ff30bda720a719) (ScriptedImporter) -> (artifact id: '65c318e2126b1fef616b2ad5d511f950') in 0.1008623 seconds
Number of updated asset objects reloaded before import = 0Number of asset objects unloaded after import = 0

========================================================================
Received Import Request.
  Time since last request: 0.000017 seconds.
  path: Assets/Samples/Unity Web Browser/2.0.2/Basic/Materials/reload.png
  artifactKey: Guid(aa3c986a43c22084590db2dcc76fdc42) Importer(2089858483,797179f86c6e516b54ff30bda720a719)
Start importing Assets/Samples/Unity Web Browser/2.0.2/Basic/Materials/reload.png using Guid(aa3c986a43c22084590db2dcc76fdc42) Importer(2089858483,797179f86c6e516b54ff30bda720a719) (ScriptedImporter) -> (artifact id: '3ae2152b429eb65d958bc6b0cd94fd29') in 0.0926268 seconds
Number of updated asset objects reloaded before import = 0Number of asset objects unloaded after import = 2

========================================================================
Received Import Request.
  Time since last request: 0.000018 seconds.
  path: Assets/GPM/Common/ThirdParty/MessagePack/LZ4/Codec/LZ4Codec.Unsafe.cs
  artifactKey: Guid(7326a721b57d8324299b1eb5c5c7d563) Importer(2089858483,797179f86c6e516b54ff30bda720a719)
Start importing Assets/GPM/Common/ThirdParty/MessagePack/LZ4/Codec/LZ4Codec.Unsafe.cs using Guid(7326a721b57d8324299b1eb5c5c7d563) Importer(2089858483,797179f86c6e516b54ff30bda720a719) (ScriptedImporter) -> (artifact id: 'a7bafb8606c5328d1c011ca32276d08d') in 0.1019192 seconds
Number of updated asset objects reloaded before import = 0Number of asset objects unloaded after import = 0

========================================================================
Received Import Request.
  Time since last request: 0.000053 seconds.
  path: Assets/Mirror/Examples/Tanks/Models/(Public Domain) Recon_Tank/Metallic.png
  artifactKey: Guid(a7467e18a834e4d1390091c8b1ea562c) Importer(2089858483,797179f86c6e516b54ff30bda720a719)
Start importing Assets/Mirror/Examples/Tanks/Models/(Public Domain) Recon_Tank/Metallic.png using Guid(a7467e18a834e4d1390091c8b1ea562c) Importer(2089858483,797179f86c6e516b54ff30bda720a719) (ScriptedImporter) -> (artifact id: '6f6e9c99f3cb6c7a67c4085ed66d76d2') in 0.1613464 seconds
Number of updated asset objects reloaded before import = 0Number of asset objects unloaded after import = 1

========================================================================
Received Import Request.
  Time since last request: 0.000025 seconds.
  path: Assets/GPM/Common/ThirdParty/SharpCompress/Archives/GZip/GZipWritableArchiveEntry.cs
  artifactKey: Guid(ec09a3bb58d9990408c96229bb3f62b5) Importer(2089858483,797179f86c6e516b54ff30bda720a719)
Start importing Assets/GPM/Common/ThirdParty/SharpCompress/Archives/GZip/GZipWritableArchiveEntry.cs using Guid(ec09a3bb58d9990408c96229bb3f62b5) Importer(2089858483,797179f86c6e516b54ff30bda720a719) (ScriptedImporter) -> (artifact id: '0ae9ede9c2a16e3a704cfc91fb6d048a') in 0.1507065 seconds
Number of updated asset objects reloaded before import = 0Number of asset objects unloaded after import = 0

========================================================================
Received Import Request.
  Time since last request: 0.000022 seconds.
  path: Assets/GPM/Common/ThirdParty/SharpCompress/Common/Rar/RarCrcBinaryReader.cs
  artifactKey: Guid(55241e7d710314b419036e8be0c8b410) Importer(2089858483,797179f86c6e516b54ff30bda720a719)
Start importing Assets/GPM/Common/ThirdParty/SharpCompress/Common/Rar/RarCrcBinaryReader.cs using Guid(55241e7d710314b419036e8be0c8b410) Importer(2089858483,797179f86c6e516b54ff30bda720a719) (ScriptedImporter) -> (artifact id: '08b59d3ef88158e5c4de1a7346b07068') in 0.0762641 seconds
Number of updated asset objects reloaded before import = 0Number of asset objects unloaded after import = 0

========================================================================
Received Import Request.
  Time since last request: 0.000085 seconds.
  path: Assets/Mirror/Runtime/Transport/Telepathy/Telepathy/MagnificentSendPipe.cs
  artifactKey: Guid(d490021c2e6a64374bc88168cec75c70) Importer(2089858483,797179f86c6e516b54ff30bda720a719)
Start importing Assets/Mirror/Runtime/Transport/Telepathy/Telepathy/MagnificentSendPipe.cs using Guid(d490021c2e6a64374bc88168cec75c70) Importer(2089858483,797179f86c6e516b54ff30bda720a719) (ScriptedImporter) -> (artifact id: '2819775ab8d1f6a036ddc975a7729e4b') in 0.0846646 seconds
Number of updated asset objects reloaded before import = 0Number of asset objects unloaded after import = 0

========================================================================
Received Import Request.
  Time since last request: 0.000013 seconds.
  path: Assets/Mirror/Examples/Tanks/Textures/(Public Domain) Dirt Hand Painted Texture/Dirt.mat
  artifactKey: Guid(29b49c27a74f145918356859bd7af511) Importer(2089858483,797179f86c6e516b54ff30bda720a719)
Start importing Assets/Mirror/Examples/Tanks/Textures/(Public Domain) Dirt Hand Painted Texture/Dirt.mat using Guid(29b49c27a74f145918356859bd7af511) Importer(2089858483,797179f86c6e516b54ff30bda720a719) (ScriptedImporter) -> (artifact id: '378ad9b8d4eae24c4c86a71b58be791c') in 0.1287133 seconds
Number of updated asset objects reloaded before import = 0Number of asset objects unloaded after import = 1

========================================================================
Received Import Request.
  Time since last request: 0.000024 seconds.
  path: Assets/GPM/Common/ThirdParty/SharpCompress/Common/Tar/TarVolume.cs
  artifactKey: Guid(8503072d8f409bd4385ab05b4bac7a99) Importer(2089858483,797179f86c6e516b54ff30bda720a719)
Start importing Assets/GPM/Common/ThirdParty/SharpCompress/Common/Tar/TarVolume.cs using Guid(8503072d8f409bd4385ab05b4bac7a99) Importer(2089858483,797179f86c6e516b54ff30bda720a719) (ScriptedImporter) -> (artifact id: 'ea3b5caa434d3653a08cc6795a31503b') in 0.1465385 seconds
Number of updated asset objects reloaded before import = 0Number of asset objects unloaded after import = 0

========================================================================
Received Import Request.
  Time since last request: 0.000057 seconds.
  path: Assets/GPM/Common/ThirdParty/SharpCompress/Common/Rar/RarRijndael.cs
  artifactKey: Guid(154b539e94327854c8fb59935e2a3970) Importer(2089858483,797179f86c6e516b54ff30bda720a719)
Start importing Assets/GPM/Common/ThirdParty/SharpCompress/Common/Rar/RarRijndael.cs using Guid(154b539e94327854c8fb59935e2a3970) Importer(2089858483,797179f86c6e516b54ff30bda720a719) (ScriptedImporter) -> (artifact id: '5ca0659ecc084f7cb731e3d25922819a') in 0.0658689 seconds
Number of updated asset objects reloaded before import = 0Number of asset objects unloaded after import = 0

========================================================================
Received Import Request.
  Time since last request: 0.000067 seconds.
  path: Assets/GPM/Common/ThirdParty/SharpCompress/Common/Tar/TarHeaderFactory.cs
  artifactKey: Guid(cd794f088757e994ebd623b1ef71c9e2) Importer(2089858483,797179f86c6e516b54ff30bda720a719)
Start importing Assets/GPM/Common/ThirdParty/SharpCompress/Common/Tar/TarHeaderFactory.cs using Guid(cd794f088757e994ebd623b1ef71c9e2) Importer(2089858483,797179f86c6e516b54ff30bda720a719) (ScriptedImporter) -> (artifact id: '8ca745de3c1b17d71206306dfc4bd16f') in 0.1282169 seconds
Number of updated asset objects reloaded before import = 0Number of asset objects unloaded after import = 0

========================================================================
Received Import Request.
  Time since last request: 0.000070 seconds.
  path: Assets/GPM/Common/ThirdParty/SharpCompress/Archives/Rar/FileInfoRarArchiveVolume.cs
  artifactKey: Guid(a97c81db23d4fdc459c1f7a493951f0f) Importer(2089858483,797179f86c6e516b54ff30bda720a719)
Start importing Assets/GPM/Common/ThirdParty/SharpCompress/Archives/Rar/FileInfoRarArchiveVolume.cs using Guid(a97c81db23d4fdc459c1f7a493951f0f) Importer(2089858483,797179f86c6e516b54ff30bda720a719) (ScriptedImporter) -> (artifact id: 'e0895009c4e48b240154b00d7f49f695') in 0.1702516 seconds
Number of updated asset objects reloaded before import = 0Number of asset objects unloaded after import = 0

========================================================================
Received Import Request.
  Time since last request: 0.000067 seconds.
  path: Assets/GPM/Common/ThirdParty/SharpCompress/Common/Zip/ZipFilePart.cs
  artifactKey: Guid(f42821c4e0f296043a8740adce7c7a7f) Importer(2089858483,797179f86c6e516b54ff30bda720a719)
Start importing Assets/GPM/Common/ThirdParty/SharpCompress/Common/Zip/ZipFilePart.cs using Guid(f42821c4e0f296043a8740adce7c7a7f) Importer(2089858483,797179f86c6e516b54ff30bda720a719) (ScriptedImporter) -> (artifact id: '380df6a4c8329e5b5ba508c2458146b4') in 0.0979877 seconds
Number of updated asset objects reloaded before import = 0Number of asset objects unloaded after import = 0

========================================================================
Received Import Request.
  Time since last request: 0.000016 seconds.
  path: Assets/GPM/Common/ThirdParty/SharpCompress/Common/Zip/ZipVolume.cs
  artifactKey: Guid(e708c57c89660ec4fb50814d569fa5c3) Importer(2089858483,797179f86c6e516b54ff30bda720a719)
Start importing Assets/GPM/Common/ThirdParty/SharpCompress/Common/Zip/ZipVolume.cs using Guid(e708c57c89660ec4fb50814d569fa5c3) Importer(2089858483,797179f86c6e516b54ff30bda720a719) (ScriptedImporter) -> (artifact id: 'd479c43b7c1a16ee0b7606afd357d6be') in 0.0836201 seconds
Number of updated asset objects reloaded before import = 0Number of asset objects unloaded after import = 0

========================================================================
Received Import Request.
  Time since last request: 0.000041 seconds.
  path: Assets/GPM/Common/ThirdParty/SharpCompress/Common/Zip/WinzipAesCryptoStream.cs
  artifactKey: Guid(3ffadb3b8d2cf344e9cba39438f3fc14) Importer(2089858483,797179f86c6e516b54ff30bda720a719)
Start importing Assets/GPM/Common/ThirdParty/SharpCompress/Common/Zip/WinzipAesCryptoStream.cs using Guid(3ffadb3b8d2cf344e9cba39438f3fc14) Importer(2089858483,797179f86c6e516b54ff30bda720a719) (ScriptedImporter) -> (artifact id: '4a433932af2b251483a5b8d44452ed91') in 0.1054927 seconds
Number of updated asset objects reloaded before import = 0Number of asset objects unloaded after import = 0

========================================================================
Received Import Request.
  Time since last request: 0.000072 seconds.
  path: Assets/Mirror/Runtime/Transport/Telepathy/Telepathy/MagnificentReceivePipe.cs
  artifactKey: Guid(010a208972a9a4e0cb0e7c18a60b4494) Importer(2089858483,797179f86c6e516b54ff30bda720a719)
Start importing Assets/Mirror/Runtime/Transport/Telepathy/Telepathy/MagnificentReceivePipe.cs using Guid(010a208972a9a4e0cb0e7c18a60b4494) Importer(2089858483,797179f86c6e516b54ff30bda720a719) (ScriptedImporter) -> (artifact id: 'dd358dc20b9b41ee099c3887ad6d9f48') in 0.0815313 seconds
Number of updated asset objects reloaded before import = 0Number of asset objects unloaded after import = 0

========================================================================
Received Import Request.
  Time since last request: 0.000057 seconds.
  path: Assets/GPM/Common/ThirdParty/SharpCompress/Common/Rar/RarVolume.cs
  artifactKey: Guid(7e8b7f6b80ab70a438e672bce37a0335) Importer(2089858483,797179f86c6e516b54ff30bda720a719)
Start importing Assets/GPM/Common/ThirdParty/SharpCompress/Common/Rar/RarVolume.cs using Guid(7e8b7f6b80ab70a438e672bce37a0335) Importer(2089858483,797179f86c6e516b54ff30bda720a719) (ScriptedImporter) -> (artifact id: '4a14a51b77d85f87c7f62add26c2540c') in 0.0965199 seconds
Number of updated asset objects reloaded before import = 0Number of asset objects unloaded after import = 0

========================================================================
Received Import Request.
  Time since last request: 0.000050 seconds.
  path: Assets/GPM/Common/ThirdParty/SharpCompress/Compressors/Deflate/GZipStream.cs
  artifactKey: Guid(cc6e5048908c7894cbd4ffe9bfbf5b57) Importer(2089858483,797179f86c6e516b54ff30bda720a719)
Start importing Assets/GPM/Common/ThirdParty/SharpCompress/Compressors/Deflate/GZipStream.cs using Guid(cc6e5048908c7894cbd4ffe9bfbf5b57) Importer(2089858483,797179f86c6e516b54ff30bda720a719) (ScriptedImporter) -> (artifact id: 'b3e147e270e3d98647fcc0acd145ba4e') in 0.0907168 seconds
Number of updated asset objects reloaded before import = 0Number of asset objects unloaded after import = 0

========================================================================
Received Import Request.
  Time since last request: 0.000044 seconds.
  path: Assets/GPM/Common/ThirdParty/SharpCompress/Compressors/LZMA/DecoderStream.cs
  artifactKey: Guid(da480ff02a2899340888a95ac35ed245) Importer(2089858483,797179f86c6e516b54ff30bda720a719)
Start importing Assets/GPM/Common/ThirdParty/SharpCompress/Compressors/LZMA/DecoderStream.cs using Guid(da480ff02a2899340888a95ac35ed245) Importer(2089858483,797179f86c6e516b54ff30bda720a719) (ScriptedImporter) -> (artifact id: '7cee70786e23310875c12e4bbb70867f') in 0.0889328 seconds
Number of updated asset objects reloaded before import = 0Number of asset objects unloaded after import = 0

========================================================================
Received Import Request.
  Time since last request: 0.000053 seconds.
  path: Assets/GPM/Common/ThirdParty/SharpCompress/Compressors/LZMA/Log.cs
  artifactKey: Guid(f8f35a020fcacfa46a6c3e1da42c1132) Importer(2089858483,797179f86c6e516b54ff30bda720a719)
Start importing Assets/GPM/Common/ThirdParty/SharpCompress/Compressors/LZMA/Log.cs using Guid(f8f35a020fcacfa46a6c3e1da42c1132) Importer(2089858483,797179f86c6e516b54ff30bda720a719) (ScriptedImporter) -> (artifact id: '7355c344a2225fcc8cba1d1e32658741') in 0.1203772 seconds
Number of updated asset objects reloaded before import = 0Number of asset objects unloaded after import = 0

========================================================================
Received Import Request.
  Time since last request: 0.000048 seconds.
  path: Assets/GPM/Common/ThirdParty/SharpCompress/Compressors/Deflate64/DeflateInput.cs
  artifactKey: Guid(24a1ec4c64e9cd64f8d8887b816b86b7) Importer(2089858483,797179f86c6e516b54ff30bda720a719)
Start importing Assets/GPM/Common/ThirdParty/SharpCompress/Compressors/Deflate64/DeflateInput.cs using Guid(24a1ec4c64e9cd64f8d8887b816b86b7) Importer(2089858483,797179f86c6e516b54ff30bda720a719) (ScriptedImporter) -> (artifact id: '74246d07f4203de15d341eec822688af') in 0.0954448 seconds
Number of updated asset objects reloaded before import = 0Number of asset objects unloaded after import = 0

========================================================================
Received Import Request.
  Time since last request: 0.000079 seconds.
  path: Assets/GPM/Common/ThirdParty/SharpCompress/Compressors/Deflate/Inflate.cs
  artifactKey: Guid(a6894d82d1d46f640ab11aa5bc4a6765) Importer(2089858483,797179f86c6e516b54ff30bda720a719)
Start importing Assets/GPM/Common/ThirdParty/SharpCompress/Compressors/Deflate/Inflate.cs using Guid(a6894d82d1d46f640ab11aa5bc4a6765) Importer(2089858483,797179f86c6e516b54ff30bda720a719) (ScriptedImporter) -> (artifact id: '100e232725e071a8ee61a2b62e4ab618') in 0.1017988 seconds
Number of updated asset objects reloaded before import = 0Number of asset objects unloaded after import = 0

========================================================================
Received Import Request.
  Time since last request: 0.000033 seconds.
  path: Assets/GPM/Common/ThirdParty/SharpCompress/Compressors/Deflate64/MatchState.cs
  artifactKey: Guid(ed92336545897c94e89371c382fbb99a) Importer(2089858483,797179f86c6e516b54ff30bda720a719)
Start importing Assets/GPM/Common/ThirdParty/SharpCompress/Compressors/Deflate64/MatchState.cs using Guid(ed92336545897c94e89371c382fbb99a) Importer(2089858483,797179f86c6e516b54ff30bda720a719) (ScriptedImporter) -> (artifact id: '57123c20ed255250fb1f90f4b0c80114') in 0.178992 seconds
Number of updated asset objects reloaded before import = 0Number of asset objects unloaded after import = 0

========================================================================
Received Import Request.
  Time since last request: 0.000100 seconds.
  path: Assets/GPM/Common/ThirdParty/SharpCompress/Compressors/Xz/XZBlock.cs
  artifactKey: Guid(a42beb4559e506144b0ad555ba5f9287) Importer(2089858483,797179f86c6e516b54ff30bda720a719)
Start importing Assets/GPM/Common/ThirdParty/SharpCompress/Compressors/Xz/XZBlock.cs using Guid(a42beb4559e506144b0ad555ba5f9287) Importer(2089858483,797179f86c6e516b54ff30bda720a719) (ScriptedImporter) -> (artifact id: '35d1d9635109975d5062be4b4695b106') in 0.0930076 seconds
Number of updated asset objects reloaded before import = 0Number of asset objects unloaded after import = 0

========================================================================
Received Import Request.
  Time since last request: 0.000052 seconds.
  path: Assets/GPM/Common/ThirdParty/SharpCompress/Compressors/Xz/Crc64.cs
  artifactKey: Guid(1941653b984cd894680128ee92d67a1a) Importer(2089858483,797179f86c6e516b54ff30bda720a719)
Start importing Assets/GPM/Common/ThirdParty/SharpCompress/Compressors/Xz/Crc64.cs using Guid(1941653b984cd894680128ee92d67a1a) Importer(2089858483,797179f86c6e516b54ff30bda720a719) (ScriptedImporter) -> (artifact id: '4be0f2fe6be67c8d34ca1f50c754c942') in 0.0669325 seconds
Number of updated asset objects reloaded before import = 0Number of asset objects unloaded after import = 0

========================================================================
Received Import Request.
  Time since last request: 0.000040 seconds.
  path: Assets/GPM/Common/ThirdParty/SharpCompress/Compressors/Rar/RarCRC.cs
  artifactKey: Guid(48be7c1cf37210c4da786547f4a8847d) Importer(2089858483,797179f86c6e516b54ff30bda720a719)
Start importing Assets/GPM/Common/ThirdParty/SharpCompress/Compressors/Rar/RarCRC.cs using Guid(48be7c1cf37210c4da786547f4a8847d) Importer(2089858483,797179f86c6e516b54ff30bda720a719) (ScriptedImporter) -> (artifact id: '58ed9f874f46aa5f6dff9b2f3527321c') in 0.0530402 seconds
Number of updated asset objects reloaded before import = 0Number of asset objects unloaded after import = 0

========================================================================
Received Import Request.
  Time since last request: 0.000023 seconds.
  path: Assets/GPM/Common/ThirdParty/SharpCompress/Compressors/LZMA/LzmaStream.cs
  artifactKey: Guid(75f692f9ca0bfc443929a9d6fe994bf3) Importer(2089858483,797179f86c6e516b54ff30bda720a719)
Start importing Assets/GPM/Common/ThirdParty/SharpCompress/Compressors/LZMA/LzmaStream.cs using Guid(75f692f9ca0bfc443929a9d6fe994bf3) Importer(2089858483,797179f86c6e516b54ff30bda720a719) (ScriptedImporter) -> (artifact id: '2c65af1dd519556727705eb43f8d07be') in 0.0681243 seconds
Number of updated asset objects reloaded before import = 0Number of asset objects unloaded after import = 0

========================================================================
Received Import Request.
  Time since last request: 0.000046 seconds.
  path: Assets/GPM/Common/ThirdParty/SharpCompress/Readers/Rar/NonSeekableStreamFilePart.cs
  artifactKey: Guid(eadffb7221d1e1349ae4f2a570b27408) Importer(2089858483,797179f86c6e516b54ff30bda720a719)
Start importing Assets/GPM/Common/ThirdParty/SharpCompress/Readers/Rar/NonSeekableStreamFilePart.cs using Guid(eadffb7221d1e1349ae4f2a570b27408) Importer(2089858483,797179f86c6e516b54ff30bda720a719) (ScriptedImporter) -> (artifact id: '79ebbb19f8888b4bac74fe46383bbc2e') in 0.0818104 seconds
Number of updated asset objects reloaded before import = 0Number of asset objects unloaded after import = 0

========================================================================
Received Import Request.
  Time since last request: 0.000052 seconds.
  path: Assets/GPM/Communicator/Plugins/IOS/GpmCommunicatorPlugin/Interface/GpmCommunicatorReceiver.mm
  artifactKey: Guid(eb2ce95c36b9640fd81356f22f502a52) Importer(2089858483,797179f86c6e516b54ff30bda720a719)
Start importing Assets/GPM/Communicator/Plugins/IOS/GpmCommunicatorPlugin/Interface/GpmCommunicatorReceiver.mm using Guid(eb2ce95c36b9640fd81356f22f502a52) Importer(2089858483,797179f86c6e516b54ff30bda720a719) (ScriptedImporter) -> (artifact id: 'd720aecfe246382f6b731d8b39f78388') in 0.0820003 seconds
Number of updated asset objects reloaded before import = 0Number of asset objects unloaded after import = 0

========================================================================
Received Import Request.
  Time since last request: 0.000055 seconds.
  path: Assets/GPM/WebView/Scripts/Internal/Platforms/Native/NativeWebView.cs
  artifactKey: Guid(e0daa9f150f0b804cb05f1c16883b4e2) Importer(2089858483,797179f86c6e516b54ff30bda720a719)
Start importing Assets/GPM/WebView/Scripts/Internal/Platforms/Native/NativeWebView.cs using Guid(e0daa9f150f0b804cb05f1c16883b4e2) Importer(2089858483,797179f86c6e516b54ff30bda720a719) (ScriptedImporter) -> (artifact id: 'ad2fb650de81b2ad1e423aee2a07e008') in 0.0937253 seconds
Number of updated asset objects reloaded before import = 0Number of asset objects unloaded after import = 0

========================================================================
Received Import Request.
  Time since last request: 0.000047 seconds.
  path: Assets/GPM/WebView/Scripts/Internal/Platforms/Default/DefaultWebView.cs
  artifactKey: Guid(c5778f07b2e4b5e48bd3693b60181be7) Importer(2089858483,797179f86c6e516b54ff30bda720a719)
Start importing Assets/GPM/WebView/Scripts/Internal/Platforms/Default/DefaultWebView.cs using Guid(c5778f07b2e4b5e48bd3693b60181be7) Importer(2089858483,797179f86c6e516b54ff30bda720a719) (ScriptedImporter) -> (artifact id: '9a0f665a4af5b69c1dbec608eb0ae5be') in 0.1237988 seconds
Number of updated asset objects reloaded before import = 0Number of asset objects unloaded after import = 0

========================================================================
Received Import Request.
  Time since last request: 0.000054 seconds.
  path: Assets/GPM/WebView/Scripts/Internal/Platforms/Native/NativeCallbackHandler.cs
  artifactKey: Guid(3009ef8ed77b9d442b56cce37b33d2e6) Importer(2089858483,797179f86c6e516b54ff30bda720a719)
Start importing Assets/GPM/WebView/Scripts/Internal/Platforms/Native/NativeCallbackHandler.cs using Guid(3009ef8ed77b9d442b56cce37b33d2e6) Importer(2089858483,797179f86c6e516b54ff30bda720a719) (ScriptedImporter) -> (artifact id: '9be231fa8cf83b4abc8634e4ecd32233') in 0.1166224 seconds
Number of updated asset objects reloaded before import = 0Number of asset objects unloaded after import = 0

========================================================================
Received Import Request.
  Time since last request: 0.000078 seconds.
  path: Assets/GPM/Common/ThirdParty/SharpCompress/Compressors/Xz/BinaryUtils.cs
  artifactKey: Guid(c592e4272322c0647961fbc64700b745) Importer(2089858483,797179f86c6e516b54ff30bda720a719)
Start importing Assets/GPM/Common/ThirdParty/SharpCompress/Compressors/Xz/BinaryUtils.cs using Guid(c592e4272322c0647961fbc64700b745) Importer(2089858483,797179f86c6e516b54ff30bda720a719) (ScriptedImporter) -> (artifact id: '0cec4ce9707fe74e623d5efed67ec17a') in 0.1723493 seconds
Number of updated asset objects reloaded before import = 0Number of asset objects unloaded after import = 0

========================================================================
Received Import Request.
  Time since last request: 0.000023 seconds.
  path: Assets/Mirror/Runtime/Transport/KCP/kcp2k/highlevel/KcpConnection.cs
  artifactKey: Guid(3915c7c62b72d4dc2a9e4e76c94fc484) Importer(2089858483,797179f86c6e516b54ff30bda720a719)
Start importing Assets/Mirror/Runtime/Transport/KCP/kcp2k/highlevel/KcpConnection.cs using Guid(3915c7c62b72d4dc2a9e4e76c94fc484) Importer(2089858483,797179f86c6e516b54ff30bda720a719) (ScriptedImporter) -> (artifact id: '81d826011539ae017e95d42ee61fa977') in 0.1120177 seconds
Number of updated asset objects reloaded before import = 0Number of asset objects unloaded after import = 0

========================================================================
Received Import Request.
  Time since last request: 0.000057 seconds.
  path: Assets/GPM/Common/ThirdParty/SharpCompress/Common/Rar/Headers/MarkHeader.cs
  artifactKey: Guid(8b827d72bd666064f8e2c3afc84b7d4f) Importer(2089858483,797179f86c6e516b54ff30bda720a719)
Start importing Assets/GPM/Common/ThirdParty/SharpCompress/Common/Rar/Headers/MarkHeader.cs using Guid(8b827d72bd666064f8e2c3afc84b7d4f) Importer(2089858483,797179f86c6e516b54ff30bda720a719) (ScriptedImporter) -> (artifact id: '605ad804bdfb7c5f08a826b5b20ff6be') in 0.0809373 seconds
Number of updated asset objects reloaded before import = 0Number of asset objects unloaded after import = 0

========================================================================
Received Import Request.
  Time since last request: 0.000053 seconds.
  path: Assets/Mirror/Runtime/Transport/KCP/kcp2k/kcp/Segment.cs
  artifactKey: Guid(fc58706a05dd3442c8fde858d5266855) Importer(2089858483,797179f86c6e516b54ff30bda720a719)
Start importing Assets/Mirror/Runtime/Transport/KCP/kcp2k/kcp/Segment.cs using Guid(fc58706a05dd3442c8fde858d5266855) Importer(2089858483,797179f86c6e516b54ff30bda720a719) (ScriptedImporter) -> (artifact id: 'bd192a06d2ab580ba5dad830261dfe3b') in 0.1098827 seconds
Number of updated asset objects reloaded before import = 0Number of asset objects unloaded after import = 0

========================================================================
Received Import Request.
  Time since last request: 0.000051 seconds.
  path: Assets/GPM/Common/ThirdParty/SharpCompress/Common/Rar/Headers/IRarHeader.cs
  artifactKey: Guid(f2ae57240cc27334dbb811bf0cf72860) Importer(2089858483,797179f86c6e516b54ff30bda720a719)
Start importing Assets/GPM/Common/ThirdParty/SharpCompress/Common/Rar/Headers/IRarHeader.cs using Guid(f2ae57240cc27334dbb811bf0cf72860) Importer(2089858483,797179f86c6e516b54ff30bda720a719) (ScriptedImporter) -> (artifact id: '34d5cf29e5b9eb26b8bcc3d7607f73da') in 0.1287405 seconds
Number of updated asset objects reloaded before import = 0Number of asset objects unloaded after import = 0

========================================================================
Received Import Request.
  Time since last request: 0.000066 seconds.
  path: Assets/Mirror/Runtime/Transport/KCP/kcp2k/kcp/Utils.cs
  artifactKey: Guid(ef959eb716205bd48b050f010a9a35ae) Importer(2089858483,797179f86c6e516b54ff30bda720a719)
Start importing Assets/Mirror/Runtime/Transport/KCP/kcp2k/kcp/Utils.cs using Guid(ef959eb716205bd48b050f010a9a35ae) Importer(2089858483,797179f86c6e516b54ff30bda720a719) (ScriptedImporter) -> (artifact id: 'cbed43fd35b7927176ddd9616dabc69a') in 0.0985902 seconds
Number of updated asset objects reloaded before import = 0Number of asset objects unloaded after import = 0

========================================================================
Received Import Request.
  Time since last request: 0.000041 seconds.
  path: Assets/GPM/Common/ThirdParty/SharpCompress/Common/Zip/Headers/Zip64DirectoryEndHeader.cs
  artifactKey: Guid(8f40387e94a72b945a61d210e1f4ac36) Importer(2089858483,797179f86c6e516b54ff30bda720a719)
Start importing Assets/GPM/Common/ThirdParty/SharpCompress/Common/Zip/Headers/Zip64DirectoryEndHeader.cs using Guid(8f40387e94a72b945a61d210e1f4ac36) Importer(2089858483,797179f86c6e516b54ff30bda720a719) (ScriptedImporter) -> (artifact id: '712b0a2b2390f21a2d47adfb3391d67f') in 0.1377188 seconds
Number of updated asset objects reloaded before import = 0Number of asset objects unloaded after import = 0

========================================================================
Received Import Request.
  Time since last request: 0.000137 seconds.
  path: Assets/GPM/Common/ThirdParty/SharpCompress/Compressors/PPMd/H/FreqData.cs
  artifactKey: Guid(d32e7b565d933c748a76516d1024dd74) Importer(2089858483,797179f86c6e516b54ff30bda720a719)
Start importing Assets/GPM/Common/ThirdParty/SharpCompress/Compressors/PPMd/H/FreqData.cs using Guid(d32e7b565d933c748a76516d1024dd74) Importer(2089858483,797179f86c6e516b54ff30bda720a719) (ScriptedImporter) -> (artifact id: 'bc6d2657c01c478f6f1e16c3e90e0aa3') in 0.2460974 seconds
Number of updated asset objects reloaded before import = 0Number of asset objects unloaded after import = 0

========================================================================
Received Import Request.
  Time since last request: 0.000044 seconds.
  path: Assets/GPM/Common/ThirdParty/SharpCompress/Common/Zip/Headers/ZipFileEntry.cs
  artifactKey: Guid(763768375d4bd9a4d82f432fe8785ae7) Importer(2089858483,797179f86c6e516b54ff30bda720a719)
Start importing Assets/GPM/Common/ThirdParty/SharpCompress/Common/Zip/Headers/ZipFileEntry.cs using Guid(763768375d4bd9a4d82f432fe8785ae7) Importer(2089858483,797179f86c6e516b54ff30bda720a719) (ScriptedImporter) -> (artifact id: '867ff3f0f7e8b30c3619a218e295a17f') in 0.0868884 seconds
Number of updated asset objects reloaded before import = 0Number of asset objects unloaded after import = 0

========================================================================
Received Import Request.
  Time since last request: 0.000091 seconds.
  path: Assets/GPM/Common/ThirdParty/SharpCompress/Common/Zip/Headers/IgnoreHeader.cs
  artifactKey: Guid(225e61d4a3fa5e945a064eff2aadd85a) Importer(2089858483,797179f86c6e516b54ff30bda720a719)
Start importing Assets/GPM/Common/ThirdParty/SharpCompress/Common/Zip/Headers/IgnoreHeader.cs using Guid(225e61d4a3fa5e945a064eff2aadd85a) Importer(2089858483,797179f86c6e516b54ff30bda720a719) (ScriptedImporter) -> (artifact id: '7095246e78cbc6a596b47da97a177024') in 0.1572092 seconds
Number of updated asset objects reloaded before import = 0Number of asset objects unloaded after import = 0

========================================================================
Received Import Request.
  Time since last request: 0.000061 seconds.
  path: Assets/GPM/Common/ThirdParty/SharpCompress/Compressors/PPMd/I1/Pointer.cs
  artifactKey: Guid(7c61591a45beec74289fe5b064378708) Importer(2089858483,797179f86c6e516b54ff30bda720a719)
Start importing Assets/GPM/Common/ThirdParty/SharpCompress/Compressors/PPMd/I1/Pointer.cs using Guid(7c61591a45beec74289fe5b064378708) Importer(2089858483,797179f86c6e516b54ff30bda720a719) (ScriptedImporter) -> (artifact id: 'da3ce2f97c8e3539924f9e29b7a256b2') in 0.091555 seconds
Number of updated asset objects reloaded before import = 0Number of asset objects unloaded after import = 0

========================================================================
Received Import Request.
  Time since last request: 0.000057 seconds.
  path: Assets/GPM/Common/ThirdParty/SharpCompress/Compressors/PPMd/H/SEE2Context.cs
  artifactKey: Guid(4aea1aeaee8d47449821f9291df475d3) Importer(2089858483,797179f86c6e516b54ff30bda720a719)
Start importing Assets/GPM/Common/ThirdParty/SharpCompress/Compressors/PPMd/H/SEE2Context.cs using Guid(4aea1aeaee8d47449821f9291df475d3) Importer(2089858483,797179f86c6e516b54ff30bda720a719) (ScriptedImporter) -> (artifact id: 'b8a94dba48e310a01f9ba64ee7048cf9') in 0.0592129 seconds
Number of updated asset objects reloaded before import = 0Number of asset objects unloaded after import = 0

========================================================================
Received Import Request.
  Time since last request: 0.000013 seconds.
  path: Assets/GPM/Common/ThirdParty/SharpCompress/Compressors/PPMd/I1/PpmContext.cs
  artifactKey: Guid(924ec35e5892cca43ab8eacaa8228286) Importer(2089858483,797179f86c6e516b54ff30bda720a719)
Start importing Assets/GPM/Common/ThirdParty/SharpCompress/Compressors/PPMd/I1/PpmContext.cs using Guid(924ec35e5892cca43ab8eacaa8228286) Importer(2089858483,797179f86c6e516b54ff30bda720a719) (ScriptedImporter) -> (artifact id: '4ee4cee78c3767ad1651c52c75296631') in 0.055274 seconds
Number of updated asset objects reloaded before import = 0Number of asset objects unloaded after import = 0

========================================================================
Received Import Request.
  Time since last request: 0.000063 seconds.
  path: Assets/GPM/Common/ThirdParty/SharpCompress/Compressors/PPMd/I1/See2Context.cs
  artifactKey: Guid(14c01b6a36441314883c5eb85e397ae4) Importer(2089858483,797179f86c6e516b54ff30bda720a719)
Start importing Assets/GPM/Common/ThirdParty/SharpCompress/Compressors/PPMd/I1/See2Context.cs using Guid(14c01b6a36441314883c5eb85e397ae4) Importer(2089858483,797179f86c6e516b54ff30bda720a719) (ScriptedImporter) -> (artifact id: '362aeadaf3dd5deab803a65371ddc42e') in 0.1214471 seconds
Number of updated asset objects reloaded before import = 0Number of asset objects unloaded after import = 0

========================================================================
Received Import Request.
  Time since last request: 0.000044 seconds.
  path: Assets/Mirror/Runtime/Transport/KCP/kcp2k/kcp/Pool.cs
  artifactKey: Guid(35c07818fc4784bb4ba472c8e5029002) Importer(2089858483,797179f86c6e516b54ff30bda720a719)
Start importing Assets/Mirror/Runtime/Transport/KCP/kcp2k/kcp/Pool.cs using Guid(35c07818fc4784bb4ba472c8e5029002) Importer(2089858483,797179f86c6e516b54ff30bda720a719) (ScriptedImporter) -> (artifact id: 'd3a08b003029dfba238e3abf0e24799d') in 0.0771934 seconds
Number of updated asset objects reloaded before import = 0Number of asset objects unloaded after import = 0

========================================================================
Received Import Request.
  Time since last request: 0.000031 seconds.
  path: Assets/GPM/Common/ThirdParty/SharpCompress/Compressors/Rar/UnpackV2017/FragmentedWindow.unpack50frag_cpp.cs
  artifactKey: Guid(a4e103f3156863446834d15ae5c1b491) Importer(2089858483,797179f86c6e516b54ff30bda720a719)
Start importing Assets/GPM/Common/ThirdParty/SharpCompress/Compressors/Rar/UnpackV2017/FragmentedWindow.unpack50frag_cpp.cs using Guid(a4e103f3156863446834d15ae5c1b491) Importer(2089858483,797179f86c6e516b54ff30bda720a719) (ScriptedImporter) -> (artifact id: 'b0c7a47e0b78374aee07523da9e6fafa') in 0.0970104 seconds
Number of updated asset objects reloaded before import = 0Number of asset objects unloaded after import = 0

========================================================================
Received Import Request.
  Time since last request: 0.000015 seconds.
  path: Assets/GPM/Common/ThirdParty/SharpCompress/Compressors/Rar/UnpackV2017/Unpack.cs
  artifactKey: Guid(e033d99910b85084480cf5d000374164) Importer(2089858483,797179f86c6e516b54ff30bda720a719)
Start importing Assets/GPM/Common/ThirdParty/SharpCompress/Compressors/Rar/UnpackV2017/Unpack.cs using Guid(e033d99910b85084480cf5d000374164) Importer(2089858483,797179f86c6e516b54ff30bda720a719) (ScriptedImporter) -> (artifact id: '54245544c367c9dde9d14b584e134292') in 0.1048588 seconds
Number of updated asset objects reloaded before import = 0Number of asset objects unloaded after import = 0

========================================================================
Received Import Request.
  Time since last request: 0.000049 seconds.
  path: Assets/GPM/Common/ThirdParty/SharpCompress/Compressors/Rar/VM/VMCommands.cs
  artifactKey: Guid(41d822afae373c148a6f54eb50b94b9c) Importer(2089858483,797179f86c6e516b54ff30bda720a719)
Start importing Assets/GPM/Common/ThirdParty/SharpCompress/Compressors/Rar/VM/VMCommands.cs using Guid(41d822afae373c148a6f54eb50b94b9c) Importer(2089858483,797179f86c6e516b54ff30bda720a719) (ScriptedImporter) -> (artifact id: '80cd42cedd18dccc79ff5f3bf7352dba') in 0.0753416 seconds
Number of updated asset objects reloaded before import = 0Number of asset objects unloaded after import = 0

========================================================================
Received Import Request.
  Time since last request: 0.000015 seconds.
  path: Assets/GPM/Common/ThirdParty/SharpCompress/Compressors/Rar/UnpackV2017/notes.txt
  artifactKey: Guid(ed3b9eebb034e0c46bf60a7528ce4328) Importer(2089858483,797179f86c6e516b54ff30bda720a719)
Start importing Assets/GPM/Common/ThirdParty/SharpCompress/Compressors/Rar/UnpackV2017/notes.txt using Guid(ed3b9eebb034e0c46bf60a7528ce4328) Importer(2089858483,797179f86c6e516b54ff30bda720a719) (ScriptedImporter) -> (artifact id: '2ac5c8e1b4969485a314b8facdae094d') in 0.1698429 seconds
Number of updated asset objects reloaded before import = 0Number of asset objects unloaded after import = 1

========================================================================
Received Import Request.
  Time since last request: 0.000025 seconds.
  path: Assets/GPM/Common/ThirdParty/SharpCompress/Compressors/Rar/UnpackV2017/BitInput.getbits_cpp.cs
  artifactKey: Guid(63e0e7cf10d36c449a6497cb9d9c141b) Importer(2089858483,797179f86c6e516b54ff30bda720a719)
Start importing Assets/GPM/Common/ThirdParty/SharpCompress/Compressors/Rar/UnpackV2017/BitInput.getbits_cpp.cs using Guid(63e0e7cf10d36c449a6497cb9d9c141b) Importer(2089858483,797179f86c6e516b54ff30bda720a719) (ScriptedImporter) -> (artifact id: 'a4b20b6b86b19773d1e629ed9312f7cc') in 0.1237856 seconds
Number of updated asset objects reloaded before import = 0Number of asset objects unloaded after import = 0

========================================================================
Received Import Request.
  Time since last request: 0.000029 seconds.
  path: Assets/GPM/Common/ThirdParty/SharpCompress/Compressors/Rar/UnpackV1/PPM/BlockTypes.cs
  artifactKey: Guid(40958989925bca34cbb4c510efc79995) Importer(2089858483,797179f86c6e516b54ff30bda720a719)
Start importing Assets/GPM/Common/ThirdParty/SharpCompress/Compressors/Rar/UnpackV1/PPM/BlockTypes.cs using Guid(40958989925bca34cbb4c510efc79995) Importer(2089858483,797179f86c6e516b54ff30bda720a719) (ScriptedImporter) -> (artifact id: '603bd00a6488470f4325374876d05c04') in 0.1185565 seconds
Number of updated asset objects reloaded before import = 0Number of asset objects unloaded after import = 0

========================================================================
Received Import Request.
  Time since last request: 0.000055 seconds.
  path: Assets/GPM/Common/ThirdParty/SharpCompress/Compressors/Rar/UnpackV1/Decode/RepDecode.cs
  artifactKey: Guid(7ec396444627879499ad402e75761376) Importer(2089858483,797179f86c6e516b54ff30bda720a719)
Start importing Assets/GPM/Common/ThirdParty/SharpCompress/Compressors/Rar/UnpackV1/Decode/RepDecode.cs using Guid(7ec396444627879499ad402e75761376) Importer(2089858483,797179f86c6e516b54ff30bda720a719) (ScriptedImporter) -> (artifact id: 'b8fbb602b438d419151a3ba2d32c7e7d') in 0.0879817 seconds
Number of updated asset objects reloaded before import = 0Number of asset objects unloaded after import = 0

========================================================================
Received Import Request.
  Time since last request: 0.000063 seconds.
  path: Assets/GPM/Common/ThirdParty/SharpCompress/Compressors/Rar/UnpackV1/Unpack50.cs
  artifactKey: Guid(8dbe01d2ad4575343963c3ee18bf02b4) Importer(2089858483,797179f86c6e516b54ff30bda720a719)
Start importing Assets/GPM/Common/ThirdParty/SharpCompress/Compressors/Rar/UnpackV1/Unpack50.cs using Guid(8dbe01d2ad4575343963c3ee18bf02b4) Importer(2089858483,797179f86c6e516b54ff30bda720a719) (ScriptedImporter) -> (artifact id: '5f6981da650d2fa774e757a1abf4cdee') in 0.115253 seconds
Number of updated asset objects reloaded before import = 0Number of asset objects unloaded after import = 0

========================================================================
Received Import Request.
  Time since last request: 0.000054 seconds.
  path: Assets/GPM/Common/ThirdParty/SharpCompress/IO/BufferedSubStream.cs
  artifactKey: Guid(37939c19a6dea3d4a96a7a27eb62ce2c) Importer(2089858483,797179f86c6e516b54ff30bda720a719)
Start importing Assets/GPM/Common/ThirdParty/SharpCompress/IO/BufferedSubStream.cs using Guid(37939c19a6dea3d4a96a7a27eb62ce2c) Importer(2089858483,797179f86c6e516b54ff30bda720a719) (ScriptedImporter) -> (artifact id: '19e9742ba0a4ea3a29edb77903039f71') in 0.0958353 seconds
Number of updated asset objects reloaded before import = 0Number of asset objects unloaded after import = 0

========================================================================
Received Import Request.
  Time since last request: 0.000019 seconds.
  path: Assets/GPM/Common/ThirdParty/SharpCompress/Compressors/BZip2/CBZip2InputStream.cs
  artifactKey: Guid(05c4e374407a54b4db3ee4fd68c91d76) Importer(2089858483,797179f86c6e516b54ff30bda720a719)
Start importing Assets/GPM/Common/ThirdParty/SharpCompress/Compressors/BZip2/CBZip2InputStream.cs using Guid(05c4e374407a54b4db3ee4fd68c91d76) Importer(2089858483,797179f86c6e516b54ff30bda720a719) (ScriptedImporter) -> (artifact id: '99c63b801e2f0c32597b469bbf897dd3') in 0.0740922 seconds
Number of updated asset objects reloaded before import = 0Number of asset objects unloaded after import = 0

========================================================================
Received Import Request.
  Time since last request: 0.000057 seconds.
  path: Assets/GPM/Communicator/Plugins/IOS/GpmCommunicatorPlugin/GPMCommunicatorPlugin.mm
  artifactKey: Guid(ade7acb6427c54bd99f11e34c2cfc9f1) Importer(2089858483,797179f86c6e516b54ff30bda720a719)
Start importing Assets/GPM/Communicator/Plugins/IOS/GpmCommunicatorPlugin/GPMCommunicatorPlugin.mm using Guid(ade7acb6427c54bd99f11e34c2cfc9f1) Importer(2089858483,797179f86c6e516b54ff30bda720a719) (ScriptedImporter) -> (artifact id: '1907e7f13ac9919865e71c83797c7902') in 0.1139727 seconds
Number of updated asset objects reloaded before import = 0Number of asset objects unloaded after import = 0

========================================================================
Received Import Request.
  Time since last request: 0.000056 seconds.
  path: Assets/Mirror/Examples/Tanks/Textures/(Public Domain) Dirt Hand Painted Texture/Dirt Hand Painted Texture - License.txt
  artifactKey: Guid(422e9f56a29ae488e836a23d1e0f21d0) Importer(2089858483,797179f86c6e516b54ff30bda720a719)
Start importing Assets/Mirror/Examples/Tanks/Textures/(Public Domain) Dirt Hand Painted Texture/Dirt Hand Painted Texture - License.txt using Guid(422e9f56a29ae488e836a23d1e0f21d0) Importer(2089858483,797179f86c6e516b54ff30bda720a719) (ScriptedImporter) -> (artifact id: '06e882a060d5c7967198b7d107d9aa2a') in 0.1237222 seconds
Number of updated asset objects reloaded before import = 0Number of asset objects unloaded after import = 1

========================================================================
Received Import Request.
  Time since last request: 0.000018 seconds.
  path: Assets/Mirror/Runtime/Transport/KCP/kcp2k/VERSION
  artifactKey: Guid(ed3f2cf1bbf1b4d53a6f2c103d311f71) Importer(2089858483,797179f86c6e516b54ff30bda720a719)
Start importing Assets/Mirror/Runtime/Transport/KCP/kcp2k/VERSION using Guid(ed3f2cf1bbf1b4d53a6f2c103d311f71) Importer(2089858483,797179f86c6e516b54ff30bda720a719) (ScriptedImporter) -> (artifact id: 'c9ca1c82ae5711ac3e0aa07e9150b9b8') in 0.1049987 seconds
Number of updated asset objects reloaded before import = 0Number of asset objects unloaded after import = 1

========================================================================
Received Import Request.
  Time since last request: 0.000029 seconds.
  path: Assets/MapToolPack/scr_ui_order_controller.cs
  artifactKey: Guid(1caf21ff486643e4fa97291068008d28) Importer(2089858483,797179f86c6e516b54ff30bda720a719)
Start importing Assets/MapToolPack/scr_ui_order_controller.cs using Guid(1caf21ff486643e4fa97291068008d28) Importer(2089858483,797179f86c6e516b54ff30bda720a719) (ScriptedImporter) -> (artifact id: 'baf2f75bd08b45fb358d055496c21e24') in 0.1510031 seconds
Number of updated asset objects reloaded before import = 0Number of asset objects unloaded after import = 0

========================================================================
Received Import Request.
  Time since last request: 0.000049 seconds.
  path: Assets/Images/Resources/Shells/68mm.png
  artifactKey: Guid(216084991c3c7ce499b294bee9f9d86f) Importer(2089858483,797179f86c6e516b54ff30bda720a719)
Start importing Assets/Images/Resources/Shells/68mm.png using Guid(216084991c3c7ce499b294bee9f9d86f) Importer(2089858483,797179f86c6e516b54ff30bda720a719) (ScriptedImporter) -> (artifact id: '747b52ca03497b1fd6cdca963ee41b27') in 0.161715 seconds
Number of updated asset objects reloaded before import = 0Number of asset objects unloaded after import = 2

========================================================================
Received Import Request.
  Time since last request: 0.000018 seconds.
  path: Assets/MapToolPack/Maps/MapTerminusHex.TGA
  artifactKey: Guid(ad9051d45237b694b93d93303fe531ec) Importer(2089858483,797179f86c6e516b54ff30bda720a719)
Start importing Assets/MapToolPack/Maps/MapTerminusHex.TGA using Guid(ad9051d45237b694b93d93303fe531ec) Importer(2089858483,797179f86c6e516b54ff30bda720a719) (ScriptedImporter) -> (artifact id: '164faef3fd9ff8217646d09a83edf4c0') in 0.1621646 seconds
Number of updated asset objects reloaded before import = 0Number of asset objects unloaded after import = 2

========================================================================
Received Import Request.
  Time since last request: 0.000026 seconds.
  path: Assets/GPM/Common/ThirdParty/MessagePack/Formatters/IgnoreFormatter.cs
  artifactKey: Guid(84d6d11df5424124aa3e923e7c0133f6) Importer(2089858483,797179f86c6e516b54ff30bda720a719)
Start importing Assets/GPM/Common/ThirdParty/MessagePack/Formatters/IgnoreFormatter.cs using Guid(84d6d11df5424124aa3e923e7c0133f6) Importer(2089858483,797179f86c6e516b54ff30bda720a719) (ScriptedImporter) -> (artifact id: 'add8a6591d88f3b50355b9459e1d59b2') in 0.1143723 seconds
Number of updated asset objects reloaded before import = 0Number of asset objects unloaded after import = 0

========================================================================
Received Import Request.
  Time since last request: 0.000058 seconds.
  path: Assets/Images/Resources/SmallArms/Revolver.png
  artifactKey: Guid(eba58df211a203e4ba0b7885dd31c399) Importer(2089858483,797179f86c6e516b54ff30bda720a719)
Start importing Assets/Images/Resources/SmallArms/Revolver.png using Guid(eba58df211a203e4ba0b7885dd31c399) Importer(2089858483,797179f86c6e516b54ff30bda720a719) (ScriptedImporter) -> (artifact id: '487684927d07cb1510fa502f7c80a9a8') in 0.0795187 seconds
Number of updated asset objects reloaded before import = 0Number of asset objects unloaded after import = 2

Editor requested this worker to shutdown with reason: Scaling down because of idle timeout
AssetImportWorker is now disconnected from the server
Process exiting
Exiting without the bug reporter. Application will terminate with return code 0