[Licensing::Module] Trying to connect to existing licensing client channel...
Built from '6000.3/staging' branch; Version is '6000.3.11f1 (3000ef702840) revision 3145967'; Using compiler version '194234433'; Build Type 'Release'
[Licensing::IpcConnector] Successfully connected to: "LicenseClient-ivory" at "2026-03-18T04:03:39.1331109Z"
OS: 'Windows 11  (10.0.26200) Core' Language: 'en' Physical Memory: 32538 MB
BatchMode: 1, IsHumanControllingUs: 0, StartBugReporterOnCrash: 0, Is64bit: 1
System  architecture: x64
Process architecture: x64
Date: 2026-03-18T04:03:39Z
[Licensing::Client] Code 10 while verifying Licensing Client signature (process Id: 38668, path: "E:/UnityHub/Unity Hub/UnityLicensingClient_V1/Unity.Licensing.Client.exe")
[Licensing::Module] LicensingClient has failed validation; ignoring
[Licensing::Client] Error: HandshakeResponse reported an error:
	ResponseCode: 505
	ResponseStatus: Unsupported protocol version '1.18.0'.
[Licensing::Module] Error: Failed to handshake to channel: "LicenseClient-ivory"
[Licensing::IpcConnector] LicenseClient-ivory channel disconnected successfully.
[Licensing::IpcConnector] Successfully connected to: "LicenseClient-ivory-6000.3.11" at "2026-03-18T04:03:39.1694577Z"
[Licensing::Client] Handshaking with LicensingClient:
  Version:                 1.18.0+23225a6
  Session Id:              ff710eb1b8554aedb98918b2fe2f71f6
  Correlation Id:          08972eaeac11e3935715c6a268c30fc1
  External correlation Id: 749207907061260750
  Machine Id:              Nm+8g8ErDB6bypNONDJHEaAORQI=
[Licensing::Module] Successfully connected to LicensingClient on channel: "LicenseClient-ivory-6000.3.11" (connect: 0.00s, validation: 0.00s, handshake: 0.11s)
[Licensing::IpcConnector] Successfully connected to: "LicenseClient-ivory-6000.3.11-notifications" at "2026-03-18T04:03:39.2798062Z"
[Licensing::Module] Licensing Background thread has ended after 0.15s

COMMAND LINE ARGUMENTS:
E:\Unity\Hub\Editor\6000.3.11f1\Editor\Unity.exe
-adb2
-batchMode
-noUpm
-name
AssetImportWorker4
-projectPath
E:/Unity/Projects/FoxholeTools
-logFile
Logs/AssetImportWorker4.log
-srvPort
55459
-licensingIpc
LicenseClient-ivory
-job-worker-count
11
-background-job-worker-count
8
-gc-helper-count
1
-name
AssetImport
Successfully changed project path to: E:/Unity/Projects/FoxholeTools
E:/Unity/Projects/FoxholeTools
[UnityMemory] Configuration Parameters - Can be set up in boot.config
    "memorysetup-temp-allocator-size-nav-mesh-worker=65536"
    "memorysetup-temp-allocator-size-audio-worker=65536"
    "memorysetup-temp-allocator-size-gfx=262144"
    "memorysetup-allocator-temp-initial-block-size-main=262144"
    "memorysetup-allocator-temp-initial-block-size-worker=262144"
    "memorysetup-temp-allocator-size-background-worker=32768"
    "memorysetup-temp-allocator-size-job-worker=262144"
    "memorysetup-temp-allocator-size-preload-manager=33554432"
    "memorysetup-temp-allocator-size-gi-baking-worker=262144"
    "memorysetup-temp-allocator-size-gi-baking-worker=262144"
    "memorysetup-temp-allocator-size-gi-baking-worker=262144"
    "memorysetup-temp-allocator-size-gi-baking-worker=262144"
    "memorysetup-temp-allocator-size-gi-baking-worker=262144"
    "memorysetup-bucket-allocator-granularity=16"
    "memorysetup-bucket-allocator-bucket-count=8"
    "memorysetup-bucket-allocator-block-size=33554432"
    "memorysetup-bucket-allocator-block-count=8"
    "memorysetup-main-allocator-block-size=16777216"
    "memorysetup-thread-allocator-block-size=16777216"
    "memorysetup-gfx-main-allocator-block-size=16777216"
    "memorysetup-gfx-thread-allocator-block-size=16777216"
    "memorysetup-cache-allocator-block-size=4194304"
    "memorysetup-typetree-allocator-block-size=2097152"
    "memorysetup-profiler-bucket-allocator-granularity=16"
    "memorysetup-profiler-bucket-allocator-bucket-count=8"
    "memorysetup-profiler-bucket-allocator-block-size=33554432"
    "memorysetup-profiler-bucket-allocator-block-count=8"
    "memorysetup-profiler-allocator-block-size=16777216"
    "memorysetup-profiler-editor-allocator-block-size=1048576"
    "memorysetup-temp-allocator-size-main=16777216"
    "memorysetup-job-temp-allocator-block-size=2097152"
    "memorysetup-job-temp-allocator-block-size-background=1048576"
    "memorysetup-job-temp-allocator-reduction-small-platforms=262144"
    "memorysetup-temp-allocator-size-cloud-worker=32768"
Player connection [62784]  Target information:

Player connection [62784]  * "[IP] 192.168.0.22 [Port] 0 [Flags] 2 [Guid] 2660352481 [EditorId] 2660352481 [Version] 1048832 [Id] WindowsEditor(7,TheBlackBox) [Debug] 1 [PackageName] WindowsEditor [ProjectName] Editor" 

Player connection [62784] Host joined multi-casting on [225.0.0.222:54997]...
Player connection [62784] Host joined alternative multi-casting on [225.0.0.222:34997]...
JobSystem: Creating JobQueue using job-worker-count value 11
Input System module state changed to: Initialized.
[Physics::Module] Initialized fallback backend.
[Physics::Module] Id: 0xdecafbad
Library Redirect Path: Library/
[Physics::Module] Selected backend.
[Physics::Module] Name: PhysX
[Physics::Module] Id: 0xf2b8ea05
[Physics::Module] SDK Version: 4.1.2
[Physics::Module] Integration Version: 1.0.0
[Physics::Module] Threading Mode: Multi-Threaded
Refreshing native plugins compatible for Editor in 9.79 ms, found 4 plugins.
Preloading 0 native plugins for Editor in 0.00 ms.
Initialize engine version: 6000.3.11f1 (3000ef702840)
[Subsystems] Discovering subsystems at path E:/Unity/Hub/Editor/6000.3.11f1/Editor/Data/Resources/UnitySubsystems
[Subsystems] Discovering subsystems at path E:/Unity/Projects/FoxholeTools/Assets
GfxDevice: creating device client; kGfxThreadingModeNonThreaded
Direct3D:
    Version:  Direct3D 11.0 [level 11.1]
    Renderer: NVIDIA GeForce RTX 4090 (ID=0x2684)
    Vendor:   NVIDIA
    VRAM:     24142 MB
    Driver:   32.0.15.8180
Initialize mono
Mono path[0] = 'E:/Unity/Hub/Editor/6000.3.11f1/Editor/Data/Managed'
Mono path[1] = 'E:/Unity/Hub/Editor/6000.3.11f1/Editor/Data/MonoBleedingEdge/lib/mono/unityjit-win32'
Mono config path = 'E:/Unity/Hub/Editor/6000.3.11f1/Editor/Data/MonoBleedingEdge/etc'
Using monoOptions --debugger-agent=transport=dt_socket,embedding=1,server=y,suspend=n,address=127.0.0.1:56912
Begin MonoManager ReloadAssembly
Registering precompiled unity dll's ...
Register platform support module: E:/Unity/Hub/Editor/6000.3.11f1/Editor/Data/PlaybackEngines/WindowsStandaloneSupport/UnityEditor.WindowsStandalone.Extensions.dll
[Licensing::Client] Successfully resolved entitlement details
[Licensing::Module] License group:
  Id: F4-AKY6-PKNA-WNG4-95XJ-XXXX
  Product: Unity Personal
  Type: ULF
  Expiration: Unlimited
[Licensing::Module] License group:
  Id: 623459-UnityPersXXXX
  Product: Unity Personal
  Type: Assigned
  Expiration: Unlimited
Register platform support module: E:/Unity/Hub/Editor/6000.3.11f1/Editor/Data/PlaybackEngines/AndroidPlayer/UnityEditor.Android.Extensions.dll
Registered in 0.007414 seconds.
- Loaded All Assemblies, in  0.639 seconds
Native extension for Android target not found
Native extension for WindowsStandalone target not found
Package Manager log level set to [2]
[Package Manager] Failed to launch server process. Reason: Unity was launched with the -noUpm command-line argument
[Package Manager] Unable to send message (not connected to server process).
[Package Manager] Cannot connect to Unity Package Manager local server
ScheduleIndexationOnStartup MainProcess:False IndexOnStartup:True
Mono: successfully reloaded assembly
- Finished resetting the current domain, in  0.360 seconds
Domain Reload Profiling: 999ms
	BeginReloadAssembly (363ms)
		ExecutionOrderSort (0ms)
		DisableScriptedObjects (0ms)
		BackupInstance (0ms)
		ReleaseScriptingObjects (0ms)
		CreateAndSetChildDomain (1ms)
	RebuildCommonClasses (32ms)
	RebuildNativeTypeToScriptingClass (9ms)
	initialDomainReloadingComplete (56ms)
	LoadAllAssembliesAndSetupDomain (178ms)
		LoadAssemblies (340ms)
		RebuildTransferFunctionScriptingTraits (0ms)
		AnalyzeDomain (175ms)
			TypeCache.Refresh (173ms)
				TypeCache.ScanAssembly (161ms)
			BuildScriptInfoCaches (0ms)
			ResolveRequiredComponents (0ms)
	FinalizeReload (361ms)
		ReleaseScriptCaches (0ms)
		RebuildScriptCaches (0ms)
		SetupLoadedEditorAssemblies (324ms)
			LogAssemblyErrors (0ms)
			InitializePlatformSupportModulesInManaged (49ms)
			SetLoadedEditorAssemblies (3ms)
			BeforeProcessingInitializeOnLoad (66ms)
			ProcessInitializeOnLoadAttributes (137ms)
			ProcessInitializeOnLoadMethodAttributes (68ms)
			AfterProcessingInitializeOnLoad (0ms)
			EditorAssembliesLoaded (0ms)
		ExecutionOrderSort2 (0ms)
		AwakeInstancesAfterBackupRestoration (0ms)
========================================================================
Worker process is ready to serve import requests
Import Worker Mode flag is 0x00
Begin MonoManager ReloadAssembly
[Licensing::Client] Successfully resolved entitlement details
[Licensing::Module] License group:
  Id: F4-AKY6-PKNA-WNG4-95XJ-XXXX
  Product: Unity Personal
  Type: ULF
  Expiration: Unlimited
[Licensing::Module] License group:
  Id: 623459-UnityPersXXXX
  Product: Unity Personal
  Type: Assigned
  Expiration: Unlimited
Symbol file LoadedFromMemory is not a mono symbol file
- Loaded All Assemblies, in  1.456 seconds
Refreshing native plugins compatible for Editor in 1.91 ms, found 4 plugins.
Native extension for Android target not found
Native extension for WindowsStandalone target not found
[Package Manager] Failed to launch server process. Reason: Unity was launched with the -noUpm command-line argument
[Package Manager] Unable to send message (not connected to server process).
[Package Manager] Cannot connect to Unity Package Manager local server
[Package Manager] Failed to launch server process. Reason: Unity was launched with the -noUpm command-line argument
[Package Manager] Unable to send message (not connected to server process).
[Package Manager] Cannot connect to Unity Package Manager local server
System.Exception: Error! Visual Scripting: couldn't find visual scripting package
  at Unity.VisualScripting.PackageVersionUtility.get_version () [0x00043] in .\Library\PackageCache\com.unity.visualscripting@eb6004dcc707\Editor\VisualScripting.Core\Utilities\PackageVersionUtility.cs:31 
  at Unity.VisualScripting.BoltCoreManifest.get_version () [0x00000] in .\Library\PackageCache\com.unity.visualscripting@eb6004dcc707\Editor\VisualScripting.Core\Plugin\BoltCoreManifest.cs:11 
  at Unity.VisualScripting.PluginManifest.get_currentVersion () [0x00000] in .\Library\PackageCache\com.unity.visualscripting@eb6004dcc707\Editor\VisualScripting.Core\Plugins\PluginManifest.cs:33 
  at Unity.VisualScripting.PluginManifest.get_versionMismatch () [0x00000] in .\Library\PackageCache\com.unity.visualscripting@eb6004dcc707\Editor\VisualScripting.Core\Plugins\PluginManifest.cs:48 
  at Unity.VisualScripting.PluginContainer.Initialize () [0x00525] in .\Library\PackageCache\com.unity.visualscripting@eb6004dcc707\Editor\VisualScripting.Core\Plugins\PluginContainer.cs:208 
  at Unity.VisualScripting.PluginContainer.InitializeOnLoad () [0x00009] in .\Library\PackageCache\com.unity.visualscripting@eb6004dcc707\Editor\VisualScripting.Core\Plugins\PluginContainer.cs:32 
  at Unity.VisualScripting.VSUsageUtility.DoInitializeOnLoadCalls () [0x00034] in .\Library\PackageCache\com.unity.visualscripting@eb6004dcc707\Editor\VisualScripting.Core\Utilities\VSUsageUtility.cs:76 
  at Unity.VisualScripting.VSUsageUtility.set_isVisualScriptingUsed (System.Boolean value) [0x0002c] in .\Library\PackageCache\com.unity.visualscripting@eb6004dcc707\Editor\VisualScripting.Core\Utilities\VSUsageUtility.cs:114 
  at Unity.VisualScripting.VSUsageUtility.CheckAndSetIsVisualScriptingUsed () [0x00032] in .\Library\PackageCache\com.unity.visualscripting@eb6004dcc707\Editor\VisualScripting.Core\Utilities\VSUsageUtility.cs:48 
  at Unity.VisualScripting.VSUsageUtility..cctor () [0x00000] in .\Library\PackageCache\com.unity.visualscripting@eb6004dcc707\Editor\VisualScripting.Core\Utilities\VSUsageUtility.cs:22 
UnityEngine.Debug:ExtractStackTraceNoAlloc (byte*,int,string)
UnityEngine.StackTraceUtility:ExtractStackTrace ()
UnityEngine.DebugLogHandler:Internal_Log (UnityEngine.LogType,UnityEngine.LogOption,string,UnityEngine.Object)
UnityEngine.DebugLogHandler:LogFormat (UnityEngine.LogType,UnityEngine.Object,string,object[])
UnityEngine.Logger:Log (UnityEngine.LogType,object)
UnityEngine.Debug:LogError (object)
UnityEditor.EditorAssemblies:ProcessInitializeOnLoadAttributes (System.Type[])

Exception :System.IO.IOException: Sharing violation on path E:\Unity\Projects\FoxholeTools\Library\ScriptAssemblies\Unity.Timeline.dll
  at System.IO.FileStream..ctor (System.String path, System.IO.FileMode mode, System.IO.FileAccess access, System.IO.FileShare share, System.Int32 bufferSize, System.Boolean anonymous, System.IO.FileOptions options) [0x0019e] in <41d29b352f6a475ab1bf7c6628b82790>:0 
  at System.IO.FileStream..ctor (System.String path, System.IO.FileMode mode, System.IO.FileAccess access, System.IO.FileShare share) [0x00000] in <41d29b352f6a475ab1bf7c6628b82790>:0 
  at (wrapper remoting-invoke-with-check) System.IO.FileStream..ctor(string,System.IO.FileMode,System.IO.FileAccess,System.IO.FileShare)
  at Mono.CecilX.ModuleDefinition.GetFileStream (System.String fileName, System.IO.FileMode mode, System.IO.FileAccess access, System.IO.FileShare share) [0x00006] in <9a2bc2dadc3549b3bfc74bb584d58989>:0 
  at Mono.CecilX.ModuleDefinition.ReadModule (System.String fileName, Mono.CecilX.ReaderParameters parameters) [0x00008] in <9a2bc2dadc3549b3bfc74bb584d58989>:0 
  at Mono.CecilX.AssemblyDefinition.ReadAssembly (System.String fileName, Mono.CecilX.ReaderParameters parameters) [0x00000] in <9a2bc2dadc3549b3bfc74bb584d58989>:0 
  at Mirror.Weaver.Weaver.Weave (System.String assName, System.Collections.Generic.IEnumerable`1[T] dependencies) [0x00006] in E:\Unity\Projects\FoxholeTools\Assets\Mirror\Editor\Weaver\Weaver.cs:176 
  at Mirror.Weaver.Weaver.WeaveAssembly (System.String assembly, System.Collections.Generic.IEnumerable`1[T] dependencies) [0x00006] in E:\Unity\Projects\FoxholeTools\Assets\Mirror\Editor\Weaver\Weaver.cs:247 
UnityEngine.Debug:ExtractStackTraceNoAlloc (byte*,int,string)
UnityEngine.StackTraceUtility:ExtractStackTrace ()
UnityEngine.DebugLogHandler:Internal_Log (UnityEngine.LogType,UnityEngine.LogOption,string,UnityEngine.Object)
UnityEngine.DebugLogHandler:LogFormat (UnityEngine.LogType,UnityEngine.Object,string,object[])
UnityEngine.Logger:Log (UnityEngine.LogType,object)
UnityEngine.Debug:LogError (object)
Mirror.Weaver.CompilationFinishedHook:HandleError (string) (at Assets/Mirror/Editor/Weaver/CompilationFinishedHook.cs:35)
Mirror.Weaver.Weaver:WeaveAssembly (string,System.Collections.Generic.IEnumerable`1<string>) (at Assets/Mirror/Editor/Weaver/Weaver.cs:251)
Mirror.Weaver.CompilationFinishedHook:OnCompilationFinished (string,UnityEditor.Compilation.CompilerMessage[]) (at Assets/Mirror/Editor/Weaver/CompilationFinishedHook.cs:142)
Mirror.Weaver.CompilationFinishedHook:WeaveExistingAssemblies () (at Assets/Mirror/Editor/Weaver/CompilationFinishedHook.cs:62)
Mirror.Weaver.CompilationFinishedHook:OnInitializeOnLoad () (at Assets/Mirror/Editor/Weaver/CompilationFinishedHook.cs:52)
System.Reflection.RuntimeMethodInfo:Invoke (object,System.Reflection.BindingFlags,System.Reflection.Binder,object[],System.Globalization.CultureInfo)
System.Reflection.MethodBase:Invoke (object,object[])
UnityEditor.EditorAssemblies:ProcessInitializeOnLoadMethodAttributes ()

(Filename: Assets/Mirror/Editor/Weaver/CompilationFinishedHook.cs Line: 35)

Weaving failed for: Library/ScriptAssemblies/Unity.Timeline.dll
UnityEngine.Debug:ExtractStackTraceNoAlloc (byte*,int,string)
UnityEngine.StackTraceUtility:ExtractStackTrace ()
UnityEngine.DebugLogHandler:Internal_Log (UnityEngine.LogType,UnityEngine.LogOption,string,UnityEngine.Object)
UnityEngine.DebugLogHandler:LogFormat (UnityEngine.LogType,UnityEngine.Object,string,object[])
UnityEngine.Logger:Log (UnityEngine.LogType,object)
UnityEngine.Debug:LogError (object)
Mirror.Weaver.CompilationFinishedHook:OnCompilationFinished (string,UnityEditor.Compilation.CompilerMessage[]) (at Assets/Mirror/Editor/Weaver/CompilationFinishedHook.cs:146)
Mirror.Weaver.CompilationFinishedHook:WeaveExistingAssemblies () (at Assets/Mirror/Editor/Weaver/CompilationFinishedHook.cs:62)
Mirror.Weaver.CompilationFinishedHook:OnInitializeOnLoad () (at Assets/Mirror/Editor/Weaver/CompilationFinishedHook.cs:52)
System.Reflection.RuntimeMethodInfo:Invoke (object,System.Reflection.BindingFlags,System.Reflection.Binder,object[],System.Globalization.CultureInfo)
System.Reflection.MethodBase:Invoke (object,object[])
UnityEditor.EditorAssemblies:ProcessInitializeOnLoadMethodAttributes ()

(Filename: Assets/Mirror/Editor/Weaver/CompilationFinishedHook.cs Line: 146)

Exception :System.IO.IOException: Sharing violation on path E:\Unity\Projects\FoxholeTools\Library\ScriptAssemblies\gpm_common.dll
  at System.IO.FileStream..ctor (System.String path, System.IO.FileMode mode, System.IO.FileAccess access, System.IO.FileShare share, System.Int32 bufferSize, System.Boolean anonymous, System.IO.FileOptions options) [0x0019e] in <41d29b352f6a475ab1bf7c6628b82790>:0 
  at System.IO.FileStream..ctor (System.String path, System.IO.FileMode mode, System.IO.FileAccess access, System.IO.FileShare share) [0x00000] in <41d29b352f6a475ab1bf7c6628b82790>:0 
  at (wrapper remoting-invoke-with-check) System.IO.FileStream..ctor(string,System.IO.FileMode,System.IO.FileAccess,System.IO.FileShare)
  at Mono.CecilX.ModuleDefinition.GetFileStream (System.String fileName, System.IO.FileMode mode, System.IO.FileAccess access, System.IO.FileShare share) [0x00006] in <9a2bc2dadc3549b3bfc74bb584d58989>:0 
  at Mono.CecilX.ModuleDefinition.ReadModule (System.String fileName, Mono.CecilX.ReaderParameters parameters) [0x00008] in <9a2bc2dadc3549b3bfc74bb584d58989>:0 
  at Mono.CecilX.AssemblyDefinition.ReadAssembly (System.String fileName, Mono.CecilX.ReaderParameters parameters) [0x00000] in <9a2bc2dadc3549b3bfc74bb584d58989>:0 
  at Mirror.Weaver.Weaver.Weave (System.String assName, System.Collections.Generic.IEnumerable`1[T] dependencies) [0x00006] in E:\Unity\Projects\FoxholeTools\Assets\Mirror\Editor\Weaver\Weaver.cs:176 
  at Mirror.Weaver.Weaver.WeaveAssembly (System.String assembly, System.Collections.Generic.IEnumerable`1[T] dependencies) [0x00006] in E:\Unity\Projects\FoxholeTools\Assets\Mirror\Editor\Weaver\Weaver.cs:247 
UnityEngine.Debug:ExtractStackTraceNoAlloc (byte*,int,string)
UnityEngine.StackTraceUtility:ExtractStackTrace ()
UnityEngine.DebugLogHandler:Internal_Log (UnityEngine.LogType,UnityEngine.LogOption,string,UnityEngine.Object)
UnityEngine.DebugLogHandler:LogFormat (UnityEngine.LogType,UnityEngine.Object,string,object[])
UnityEngine.Logger:Log (UnityEngine.LogType,object)
UnityEngine.Debug:LogError (object)
Mirror.Weaver.CompilationFinishedHook:HandleError (string) (at Assets/Mirror/Editor/Weaver/CompilationFinishedHook.cs:35)
Mirror.Weaver.Weaver:WeaveAssembly (string,System.Collections.Generic.IEnumerable`1<string>) (at Assets/Mirror/Editor/Weaver/Weaver.cs:251)
Mirror.Weaver.CompilationFinishedHook:OnCompilationFinished (string,UnityEditor.Compilation.CompilerMessage[]) (at Assets/Mirror/Editor/Weaver/CompilationFinishedHook.cs:142)
Mirror.Weaver.CompilationFinishedHook:WeaveExistingAssemblies () (at Assets/Mirror/Editor/Weaver/CompilationFinishedHook.cs:62)
Mirror.Weaver.CompilationFinishedHook:OnInitializeOnLoad () (at Assets/Mirror/Editor/Weaver/CompilationFinishedHook.cs:52)
System.Reflection.RuntimeMethodInfo:Invoke (object,System.Reflection.BindingFlags,System.Reflection.Binder,object[],System.Globalization.CultureInfo)
System.Reflection.MethodBase:Invoke (object,object[])
UnityEditor.EditorAssemblies:ProcessInitializeOnLoadMethodAttributes ()

(Filename: Assets/Mirror/Editor/Weaver/CompilationFinishedHook.cs Line: 35)

Weaving failed for: Library/ScriptAssemblies/gpm_common.dll
UnityEngine.Debug:ExtractStackTraceNoAlloc (byte*,int,string)
UnityEngine.StackTraceUtility:ExtractStackTrace ()
UnityEngine.DebugLogHandler:Internal_Log (UnityEngine.LogType,UnityEngine.LogOption,string,UnityEngine.Object)
UnityEngine.DebugLogHandler:LogFormat (UnityEngine.LogType,UnityEngine.Object,string,object[])
UnityEngine.Logger:Log (UnityEngine.LogType,object)
UnityEngine.Debug:LogError (object)
Mirror.Weaver.CompilationFinishedHook:OnCompilationFinished (string,UnityEditor.Compilation.CompilerMessage[]) (at Assets/Mirror/Editor/Weaver/CompilationFinishedHook.cs:146)
Mirror.Weaver.CompilationFinishedHook:WeaveExistingAssemblies () (at Assets/Mirror/Editor/Weaver/CompilationFinishedHook.cs:62)
Mirror.Weaver.CompilationFinishedHook:OnInitializeOnLoad () (at Assets/Mirror/Editor/Weaver/CompilationFinishedHook.cs:52)
System.Reflection.RuntimeMethodInfo:Invoke (object,System.Reflection.BindingFlags,System.Reflection.Binder,object[],System.Globalization.CultureInfo)
System.Reflection.MethodBase:Invoke (object,object[])
UnityEditor.EditorAssemblies:ProcessInitializeOnLoadMethodAttributes ()

(Filename: Assets/Mirror/Editor/Weaver/CompilationFinishedHook.cs Line: 146)

Find all reader and writers took 187 milliseconds
Script Module: Unity.VisualScripting.Flow.dll
Weave behaviours and messages took55 milliseconds
Exception :System.IO.IOException: Sharing violation on path E:\Unity\Projects\FoxholeTools\Library\ScriptAssemblies\Unity.Mathematics.dll
  at System.IO.FileStream..ctor (System.String path, System.IO.FileMode mode, System.IO.FileAccess access, System.IO.FileShare share, System.Int32 bufferSize, System.Boolean anonymous, System.IO.FileOptions options) [0x0019e] in <41d29b352f6a475ab1bf7c6628b82790>:0 
  at System.IO.FileStream..ctor (System.String path, System.IO.FileMode mode, System.IO.FileAccess access, System.IO.FileShare share) [0x00000] in <41d29b352f6a475ab1bf7c6628b82790>:0 
  at (wrapper remoting-invoke-with-check) System.IO.FileStream..ctor(string,System.IO.FileMode,System.IO.FileAccess,System.IO.FileShare)
  at Mono.CecilX.ModuleDefinition.GetFileStream (System.String fileName, System.IO.FileMode mode, System.IO.FileAccess access, System.IO.FileShare share) [0x00006] in <9a2bc2dadc3549b3bfc74bb584d58989>:0 
  at Mono.CecilX.ModuleDefinition.ReadModule (System.String fileName, Mono.CecilX.ReaderParameters parameters) [0x00008] in <9a2bc2dadc3549b3bfc74bb584d58989>:0 
  at Mono.CecilX.AssemblyDefinition.ReadAssembly (System.String fileName, Mono.CecilX.ReaderParameters parameters) [0x00000] in <9a2bc2dadc3549b3bfc74bb584d58989>:0 
  at Mirror.Weaver.Weaver.Weave (System.String assName, System.Collections.Generic.IEnumerable`1[T] dependencies) [0x00006] in E:\Unity\Projects\FoxholeTools\Assets\Mirror\Editor\Weaver\Weaver.cs:176 
  at Mirror.Weaver.Weaver.WeaveAssembly (System.String assembly, System.Collections.Generic.IEnumerable`1[T] dependencies) [0x00006] in E:\Unity\Projects\FoxholeTools\Assets\Mirror\Editor\Weaver\Weaver.cs:247 
UnityEngine.Debug:ExtractStackTraceNoAlloc (byte*,int,string)
UnityEngine.StackTraceUtility:ExtractStackTrace ()
UnityEngine.DebugLogHandler:Internal_Log (UnityEngine.LogType,UnityEngine.LogOption,string,UnityEngine.Object)
UnityEngine.DebugLogHandler:LogFormat (UnityEngine.LogType,UnityEngine.Object,string,object[])
UnityEngine.Logger:Log (UnityEngine.LogType,object)
UnityEngine.Debug:LogError (object)
Mirror.Weaver.CompilationFinishedHook:HandleError (string) (at Assets/Mirror/Editor/Weaver/CompilationFinishedHook.cs:35)
Mirror.Weaver.Weaver:WeaveAssembly (string,System.Collections.Generic.IEnumerable`1<string>) (at Assets/Mirror/Editor/Weaver/Weaver.cs:251)
Mirror.Weaver.CompilationFinishedHook:OnCompilationFinished (string,UnityEditor.Compilation.CompilerMessage[]) (at Assets/Mirror/Editor/Weaver/CompilationFinishedHook.cs:142)
Mirror.Weaver.CompilationFinishedHook:WeaveExistingAssemblies () (at Assets/Mirror/Editor/Weaver/CompilationFinishedHook.cs:62)
Mirror.Weaver.CompilationFinishedHook:OnInitializeOnLoad () (at Assets/Mirror/Editor/Weaver/CompilationFinishedHook.cs:52)
System.Reflection.RuntimeMethodInfo:Invoke (object,System.Reflection.BindingFlags,System.Reflection.Binder,object[],System.Globalization.CultureInfo)
System.Reflection.MethodBase:Invoke (object,object[])
UnityEditor.EditorAssemblies:ProcessInitializeOnLoadMethodAttributes ()

(Filename: Assets/Mirror/Editor/Weaver/CompilationFinishedHook.cs Line: 35)

Weaving failed for: Library/ScriptAssemblies/Unity.Mathematics.dll
UnityEngine.Debug:ExtractStackTraceNoAlloc (byte*,int,string)
UnityEngine.StackTraceUtility:ExtractStackTrace ()
UnityEngine.DebugLogHandler:Internal_Log (UnityEngine.LogType,UnityEngine.LogOption,string,UnityEngine.Object)
UnityEngine.DebugLogHandler:LogFormat (UnityEngine.LogType,UnityEngine.Object,string,object[])
UnityEngine.Logger:Log (UnityEngine.LogType,object)
UnityEngine.Debug:LogError (object)
Mirror.Weaver.CompilationFinishedHook:OnCompilationFinished (string,UnityEditor.Compilation.CompilerMessage[]) (at Assets/Mirror/Editor/Weaver/CompilationFinishedHook.cs:146)
Mirror.Weaver.CompilationFinishedHook:WeaveExistingAssemblies () (at Assets/Mirror/Editor/Weaver/CompilationFinishedHook.cs:62)
Mirror.Weaver.CompilationFinishedHook:OnInitializeOnLoad () (at Assets/Mirror/Editor/Weaver/CompilationFinishedHook.cs:52)
System.Reflection.RuntimeMethodInfo:Invoke (object,System.Reflection.BindingFlags,System.Reflection.Binder,object[],System.Globalization.CultureInfo)
System.Reflection.MethodBase:Invoke (object,object[])
UnityEditor.EditorAssemblies:ProcessInitializeOnLoadMethodAttributes ()

(Filename: Assets/Mirror/Editor/Weaver/CompilationFinishedHook.cs Line: 146)

Exception :System.IO.IOException: Sharing violation on path E:\Unity\Projects\FoxholeTools\Library\ScriptAssemblies\UnityEngine.UI.dll
  at System.IO.FileStream..ctor (System.String path, System.IO.FileMode mode, System.IO.FileAccess access, System.IO.FileShare share, System.Int32 bufferSize, System.Boolean anonymous, System.IO.FileOptions options) [0x0019e] in <41d29b352f6a475ab1bf7c6628b82790>:0 
  at System.IO.FileStream..ctor (System.String path, System.IO.FileMode mode, System.IO.FileAccess access, System.IO.FileShare share) [0x00000] in <41d29b352f6a475ab1bf7c6628b82790>:0 
  at (wrapper remoting-invoke-with-check) System.IO.FileStream..ctor(string,System.IO.FileMode,System.IO.FileAccess,System.IO.FileShare)
  at Mono.CecilX.ModuleDefinition.GetFileStream (System.String fileName, System.IO.FileMode mode, System.IO.FileAccess access, System.IO.FileShare share) [0x00006] in <9a2bc2dadc3549b3bfc74bb584d58989>:0 
  at Mono.CecilX.ModuleDefinition.ReadModule (System.String fileName, Mono.CecilX.ReaderParameters parameters) [0x00008] in <9a2bc2dadc3549b3bfc74bb584d58989>:0 
  at Mono.CecilX.AssemblyDefinition.ReadAssembly (System.String fileName, Mono.CecilX.ReaderParameters parameters) [0x00000] in <9a2bc2dadc3549b3bfc74bb584d58989>:0 
  at Mirror.Weaver.Weaver.Weave (System.String assName, System.Collections.Generic.IEnumerable`1[T] dependencies) [0x00006] in E:\Unity\Projects\FoxholeTools\Assets\Mirror\Editor\Weaver\Weaver.cs:176 
  at Mirror.Weaver.Weaver.WeaveAssembly (System.String assembly, System.Collections.Generic.IEnumerable`1[T] dependencies) [0x00006] in E:\Unity\Projects\FoxholeTools\Assets\Mirror\Editor\Weaver\Weaver.cs:247 
UnityEngine.Debug:ExtractStackTraceNoAlloc (byte*,int,string)
UnityEngine.StackTraceUtility:ExtractStackTrace ()
UnityEngine.DebugLogHandler:Internal_Log (UnityEngine.LogType,UnityEngine.LogOption,string,UnityEngine.Object)
UnityEngine.DebugLogHandler:LogFormat (UnityEngine.LogType,UnityEngine.Object,string,object[])
UnityEngine.Logger:Log (UnityEngine.LogType,object)
UnityEngine.Debug:LogError (object)
Mirror.Weaver.CompilationFinishedHook:HandleError (string) (at Assets/Mirror/Editor/Weaver/CompilationFinishedHook.cs:35)
Mirror.Weaver.Weaver:WeaveAssembly (string,System.Collections.Generic.IEnumerable`1<string>) (at Assets/Mirror/Editor/Weaver/Weaver.cs:251)
Mirror.Weaver.CompilationFinishedHook:OnCompilationFinished (string,UnityEditor.Compilation.CompilerMessage[]) (at Assets/Mirror/Editor/Weaver/CompilationFinishedHook.cs:142)
Mirror.Weaver.CompilationFinishedHook:WeaveExistingAssemblies () (at Assets/Mirror/Editor/Weaver/CompilationFinishedHook.cs:62)
Mirror.Weaver.CompilationFinishedHook:OnInitializeOnLoad () (at Assets/Mirror/Editor/Weaver/CompilationFinishedHook.cs:52)
System.Reflection.RuntimeMethodInfo:Invoke (object,System.Reflection.BindingFlags,System.Reflection.Binder,object[],System.Globalization.CultureInfo)
System.Reflection.MethodBase:Invoke (object,object[])
UnityEditor.EditorAssemblies:ProcessInitializeOnLoadMethodAttributes ()

(Filename: Assets/Mirror/Editor/Weaver/CompilationFinishedHook.cs Line: 35)

Weaving failed for: Library/ScriptAssemblies/UnityEngine.UI.dll
UnityEngine.Debug:ExtractStackTraceNoAlloc (byte*,int,string)
UnityEngine.StackTraceUtility:ExtractStackTrace ()
UnityEngine.DebugLogHandler:Internal_Log (UnityEngine.LogType,UnityEngine.LogOption,string,UnityEngine.Object)
UnityEngine.DebugLogHandler:LogFormat (UnityEngine.LogType,UnityEngine.Object,string,object[])
UnityEngine.Logger:Log (UnityEngine.LogType,object)
UnityEngine.Debug:LogError (object)
Mirror.Weaver.CompilationFinishedHook:OnCompilationFinished (string,UnityEditor.Compilation.CompilerMessage[]) (at Assets/Mirror/Editor/Weaver/CompilationFinishedHook.cs:146)
Mirror.Weaver.CompilationFinishedHook:WeaveExistingAssemblies () (at Assets/Mirror/Editor/Weaver/CompilationFinishedHook.cs:62)
Mirror.Weaver.CompilationFinishedHook:OnInitializeOnLoad () (at Assets/Mirror/Editor/Weaver/CompilationFinishedHook.cs:52)
System.Reflection.RuntimeMethodInfo:Invoke (object,System.Reflection.BindingFlags,System.Reflection.Binder,object[],System.Globalization.CultureInfo)
System.Reflection.MethodBase:Invoke (object,object[])
UnityEditor.EditorAssemblies:ProcessInitializeOnLoadMethodAttributes ()

(Filename: Assets/Mirror/Editor/Weaver/CompilationFinishedHook.cs Line: 146)

Exception :System.IO.IOException: Sharing violation on path E:\Unity\Projects\FoxholeTools\Library\ScriptAssemblies\Unity.Collections.dll
  at System.IO.FileStream..ctor (System.String path, System.IO.FileMode mode, System.IO.FileAccess access, System.IO.FileShare share, System.Int32 bufferSize, System.Boolean anonymous, System.IO.FileOptions options) [0x0019e] in <41d29b352f6a475ab1bf7c6628b82790>:0 
  at System.IO.FileStream..ctor (System.String path, System.IO.FileMode mode, System.IO.FileAccess access, System.IO.FileShare share) [0x00000] in <41d29b352f6a475ab1bf7c6628b82790>:0 
  at (wrapper remoting-invoke-with-check) System.IO.FileStream..ctor(string,System.IO.FileMode,System.IO.FileAccess,System.IO.FileShare)
  at Mono.CecilX.ModuleDefinition.GetFileStream (System.String fileName, System.IO.FileMode mode, System.IO.FileAccess access, System.IO.FileShare share) [0x00006] in <9a2bc2dadc3549b3bfc74bb584d58989>:0 
  at Mono.CecilX.ModuleDefinition.ReadModule (System.String fileName, Mono.CecilX.ReaderParameters parameters) [0x00008] in <9a2bc2dadc3549b3bfc74bb584d58989>:0 
  at Mono.CecilX.AssemblyDefinition.ReadAssembly (System.String fileName, Mono.CecilX.ReaderParameters parameters) [0x00000] in <9a2bc2dadc3549b3bfc74bb584d58989>:0 
  at Mirror.Weaver.Weaver.Weave (System.String assName, System.Collections.Generic.IEnumerable`1[T] dependencies) [0x00006] in E:\Unity\Projects\FoxholeTools\Assets\Mirror\Editor\Weaver\Weaver.cs:176 
  at Mirror.Weaver.Weaver.WeaveAssembly (System.String assembly, System.Collections.Generic.IEnumerable`1[T] dependencies) [0x00006] in E:\Unity\Projects\FoxholeTools\Assets\Mirror\Editor\Weaver\Weaver.cs:247 
UnityEngine.Debug:ExtractStackTraceNoAlloc (byte*,int,string)
UnityEngine.StackTraceUtility:ExtractStackTrace ()
UnityEngine.DebugLogHandler:Internal_Log (UnityEngine.LogType,UnityEngine.LogOption,string,UnityEngine.Object)
UnityEngine.DebugLogHandler:LogFormat (UnityEngine.LogType,UnityEngine.Object,string,object[])
UnityEngine.Logger:Log (UnityEngine.LogType,object)
UnityEngine.Debug:LogError (object)
Mirror.Weaver.CompilationFinishedHook:HandleError (string) (at Assets/Mirror/Editor/Weaver/CompilationFinishedHook.cs:35)
Mirror.Weaver.Weaver:WeaveAssembly (string,System.Collections.Generic.IEnumerable`1<string>) (at Assets/Mirror/Editor/Weaver/Weaver.cs:251)
Mirror.Weaver.CompilationFinishedHook:OnCompilationFinished (string,UnityEditor.Compilation.CompilerMessage[]) (at Assets/Mirror/Editor/Weaver/CompilationFinishedHook.cs:142)
Mirror.Weaver.CompilationFinishedHook:WeaveExistingAssemblies () (at Assets/Mirror/Editor/Weaver/CompilationFinishedHook.cs:62)
Mirror.Weaver.CompilationFinishedHook:OnInitializeOnLoad () (at Assets/Mirror/Editor/Weaver/CompilationFinishedHook.cs:52)
System.Reflection.RuntimeMethodInfo:Invoke (object,System.Reflection.BindingFlags,System.Reflection.Binder,object[],System.Globalization.CultureInfo)
System.Reflection.MethodBase:Invoke (object,object[])
UnityEditor.EditorAssemblies:ProcessInitializeOnLoadMethodAttributes ()

(Filename: Assets/Mirror/Editor/Weaver/CompilationFinishedHook.cs Line: 35)

Weaving failed for: Library/ScriptAssemblies/Unity.Collections.dll
UnityEngine.Debug:ExtractStackTraceNoAlloc (byte*,int,string)
UnityEngine.StackTraceUtility:ExtractStackTrace ()
UnityEngine.DebugLogHandler:Internal_Log (UnityEngine.LogType,UnityEngine.LogOption,string,UnityEngine.Object)
UnityEngine.DebugLogHandler:LogFormat (UnityEngine.LogType,UnityEngine.Object,string,object[])
UnityEngine.Logger:Log (UnityEngine.LogType,object)
UnityEngine.Debug:LogError (object)
Mirror.Weaver.CompilationFinishedHook:OnCompilationFinished (string,UnityEditor.Compilation.CompilerMessage[]) (at Assets/Mirror/Editor/Weaver/CompilationFinishedHook.cs:146)
Mirror.Weaver.CompilationFinishedHook:WeaveExistingAssemblies () (at Assets/Mirror/Editor/Weaver/CompilationFinishedHook.cs:62)
Mirror.Weaver.CompilationFinishedHook:OnInitializeOnLoad () (at Assets/Mirror/Editor/Weaver/CompilationFinishedHook.cs:52)
System.Reflection.RuntimeMethodInfo:Invoke (object,System.Reflection.BindingFlags,System.Reflection.Binder,object[],System.Globalization.CultureInfo)
System.Reflection.MethodBase:Invoke (object,object[])
UnityEditor.EditorAssemblies:ProcessInitializeOnLoadMethodAttributes ()

(Filename: Assets/Mirror/Editor/Weaver/CompilationFinishedHook.cs Line: 146)

Find all reader and writers took 152 milliseconds
Script Module: Unity.2D.IK.Runtime.dll
Weave behaviours and messages took3 milliseconds
Exception :System.IO.IOException: Sharing violation on path E:\Unity\Projects\FoxholeTools\Library\ScriptAssemblies\Unity.VisualScripting.Core.dll
  at System.IO.FileStream..ctor (System.String path, System.IO.FileMode mode, System.IO.FileAccess access, System.IO.FileShare share, System.Int32 bufferSize, System.Boolean anonymous, System.IO.FileOptions options) [0x0019e] in <41d29b352f6a475ab1bf7c6628b82790>:0 
  at System.IO.FileStream..ctor (System.String path, System.IO.FileMode mode, System.IO.FileAccess access, System.IO.FileShare share) [0x00000] in <41d29b352f6a475ab1bf7c6628b82790>:0 
  at (wrapper remoting-invoke-with-check) System.IO.FileStream..ctor(string,System.IO.FileMode,System.IO.FileAccess,System.IO.FileShare)
  at Mono.CecilX.ModuleDefinition.GetFileStream (System.String fileName, System.IO.FileMode mode, System.IO.FileAccess access, System.IO.FileShare share) [0x00006] in <9a2bc2dadc3549b3bfc74bb584d58989>:0 
  at Mono.CecilX.ModuleDefinition.ReadModule (System.String fileName, Mono.CecilX.ReaderParameters parameters) [0x00008] in <9a2bc2dadc3549b3bfc74bb584d58989>:0 
  at Mono.CecilX.AssemblyDefinition.ReadAssembly (System.String fileName, Mono.CecilX.ReaderParameters parameters) [0x00000] in <9a2bc2dadc3549b3bfc74bb584d58989>:0 
  at Mirror.Weaver.Weaver.Weave (System.String assName, System.Collections.Generic.IEnumerable`1[T] dependencies) [0x00006] in E:\Unity\Projects\FoxholeTools\Assets\Mirror\Editor\Weaver\Weaver.cs:176 
  at Mirror.Weaver.Weaver.WeaveAssembly (System.String assembly, System.Collections.Generic.IEnumerable`1[T] dependencies) [0x00006] in E:\Unity\Projects\FoxholeTools\Assets\Mirror\Editor\Weaver\Weaver.cs:247 
UnityEngine.Debug:ExtractStackTraceNoAlloc (byte*,int,string)
UnityEngine.StackTraceUtility:ExtractStackTrace ()
UnityEngine.DebugLogHandler:Internal_Log (UnityEngine.LogType,UnityEngine.LogOption,string,UnityEngine.Object)
UnityEngine.DebugLogHandler:LogFormat (UnityEngine.LogType,UnityEngine.Object,string,object[])
UnityEngine.Logger:Log (UnityEngine.LogType,object)
UnityEngine.Debug:LogError (object)
Mirror.Weaver.CompilationFinishedHook:HandleError (string) (at Assets/Mirror/Editor/Weaver/CompilationFinishedHook.cs:35)
Mirror.Weaver.Weaver:WeaveAssembly (string,System.Collections.Generic.IEnumerable`1<string>) (at Assets/Mirror/Editor/Weaver/Weaver.cs:251)
Mirror.Weaver.CompilationFinishedHook:OnCompilationFinished (string,UnityEditor.Compilation.CompilerMessage[]) (at Assets/Mirror/Editor/Weaver/CompilationFinishedHook.cs:142)
Mirror.Weaver.CompilationFinishedHook:WeaveExistingAssemblies () (at Assets/Mirror/Editor/Weaver/CompilationFinishedHook.cs:62)
Mirror.Weaver.CompilationFinishedHook:OnInitializeOnLoad () (at Assets/Mirror/Editor/Weaver/CompilationFinishedHook.cs:52)
System.Reflection.RuntimeMethodInfo:Invoke (object,System.Reflection.BindingFlags,System.Reflection.Binder,object[],System.Globalization.CultureInfo)
System.Reflection.MethodBase:Invoke (object,object[])
UnityEditor.EditorAssemblies:ProcessInitializeOnLoadMethodAttributes ()

(Filename: Assets/Mirror/Editor/Weaver/CompilationFinishedHook.cs Line: 35)

Weaving failed for: Library/ScriptAssemblies/Unity.VisualScripting.Core.dll
UnityEngine.Debug:ExtractStackTraceNoAlloc (byte*,int,string)
UnityEngine.StackTraceUtility:ExtractStackTrace ()
UnityEngine.DebugLogHandler:Internal_Log (UnityEngine.LogType,UnityEngine.LogOption,string,UnityEngine.Object)
UnityEngine.DebugLogHandler:LogFormat (UnityEngine.LogType,UnityEngine.Object,string,object[])
UnityEngine.Logger:Log (UnityEngine.LogType,object)
UnityEngine.Debug:LogError (object)
Mirror.Weaver.CompilationFinishedHook:OnCompilationFinished (string,UnityEditor.Compilation.CompilerMessage[]) (at Assets/Mirror/Editor/Weaver/CompilationFinishedHook.cs:146)
Mirror.Weaver.CompilationFinishedHook:WeaveExistingAssemblies () (at Assets/Mirror/Editor/Weaver/CompilationFinishedHook.cs:62)
Mirror.Weaver.CompilationFinishedHook:OnInitializeOnLoad () (at Assets/Mirror/Editor/Weaver/CompilationFinishedHook.cs:52)
System.Reflection.RuntimeMethodInfo:Invoke (object,System.Reflection.BindingFlags,System.Reflection.Binder,object[],System.Globalization.CultureInfo)
System.Reflection.MethodBase:Invoke (object,object[])
UnityEditor.EditorAssemblies:ProcessInitializeOnLoadMethodAttributes ()

(Filename: Assets/Mirror/Editor/Weaver/CompilationFinishedHook.cs Line: 146)

Find all reader and writers took 159 milliseconds
Script Module: Unity.Burst.dll
Weave behaviours and messages took53 milliseconds
Exception :System.IO.IOException: Sharing violation on path E:\Unity\Projects\FoxholeTools\Library\ScriptAssemblies\PsdPlugin.dll
  at System.IO.FileStream..ctor (System.String path, System.IO.FileMode mode, System.IO.FileAccess access, System.IO.FileShare share, System.Int32 bufferSize, System.Boolean anonymous, System.IO.FileOptions options) [0x0019e] in <41d29b352f6a475ab1bf7c6628b82790>:0 
  at System.IO.FileStream..ctor (System.String path, System.IO.FileMode mode, System.IO.FileAccess access, System.IO.FileShare share) [0x00000] in <41d29b352f6a475ab1bf7c6628b82790>:0 
  at (wrapper remoting-invoke-with-check) System.IO.FileStream..ctor(string,System.IO.FileMode,System.IO.FileAccess,System.IO.FileShare)
  at Mono.CecilX.ModuleDefinition.GetFileStream (System.String fileName, System.IO.FileMode mode, System.IO.FileAccess access, System.IO.FileShare share) [0x00006] in <9a2bc2dadc3549b3bfc74bb584d58989>:0 
  at Mono.CecilX.ModuleDefinition.ReadModule (System.String fileName, Mono.CecilX.ReaderParameters parameters) [0x00008] in <9a2bc2dadc3549b3bfc74bb584d58989>:0 
  at Mono.CecilX.AssemblyDefinition.ReadAssembly (System.String fileName, Mono.CecilX.ReaderParameters parameters) [0x00000] in <9a2bc2dadc3549b3bfc74bb584d58989>:0 
  at Mirror.Weaver.Weaver.Weave (System.String assName, System.Collections.Generic.IEnumerable`1[T] dependencies) [0x00006] in E:\Unity\Projects\FoxholeTools\Assets\Mirror\Editor\Weaver\Weaver.cs:176 
  at Mirror.Weaver.Weaver.WeaveAssembly (System.String assembly, System.Collections.Generic.IEnumerable`1[T] dependencies) [0x00006] in E:\Unity\Projects\FoxholeTools\Assets\Mirror\Editor\Weaver\Weaver.cs:247 
UnityEngine.Debug:ExtractStackTraceNoAlloc (byte*,int,string)
UnityEngine.StackTraceUtility:ExtractStackTrace ()
UnityEngine.DebugLogHandler:Internal_Log (UnityEngine.LogType,UnityEngine.LogOption,string,UnityEngine.Object)
UnityEngine.DebugLogHandler:LogFormat (UnityEngine.LogType,UnityEngine.Object,string,object[])
UnityEngine.Logger:Log (UnityEngine.LogType,object)
UnityEngine.Debug:LogError (object)
Mirror.Weaver.CompilationFinishedHook:HandleError (string) (at Assets/Mirror/Editor/Weaver/CompilationFinishedHook.cs:35)
Mirror.Weaver.Weaver:WeaveAssembly (string,System.Collections.Generic.IEnumerable`1<string>) (at Assets/Mirror/Editor/Weaver/Weaver.cs:251)
Mirror.Weaver.CompilationFinishedHook:OnCompilationFinished (string,UnityEditor.Compilation.CompilerMessage[]) (at Assets/Mirror/Editor/Weaver/CompilationFinishedHook.cs:142)
Mirror.Weaver.CompilationFinishedHook:WeaveExistingAssemblies () (at Assets/Mirror/Editor/Weaver/CompilationFinishedHook.cs:62)
Mirror.Weaver.CompilationFinishedHook:OnInitializeOnLoad () (at Assets/Mirror/Editor/Weaver/CompilationFinishedHook.cs:52)
System.Reflection.RuntimeMethodInfo:Invoke (object,System.Reflection.BindingFlags,System.Reflection.Binder,object[],System.Globalization.CultureInfo)
System.Reflection.MethodBase:Invoke (object,object[])
UnityEditor.EditorAssemblies:ProcessInitializeOnLoadMethodAttributes ()

(Filename: Assets/Mirror/Editor/Weaver/CompilationFinishedHook.cs Line: 35)

Weaving failed for: Library/ScriptAssemblies/PsdPlugin.dll
UnityEngine.Debug:ExtractStackTraceNoAlloc (byte*,int,string)
UnityEngine.StackTraceUtility:ExtractStackTrace ()
UnityEngine.DebugLogHandler:Internal_Log (UnityEngine.LogType,UnityEngine.LogOption,string,UnityEngine.Object)
UnityEngine.DebugLogHandler:LogFormat (UnityEngine.LogType,UnityEngine.Object,string,object[])
UnityEngine.Logger:Log (UnityEngine.LogType,object)
UnityEngine.Debug:LogError (object)
Mirror.Weaver.CompilationFinishedHook:OnCompilationFinished (string,UnityEditor.Compilation.CompilerMessage[]) (at Assets/Mirror/Editor/Weaver/CompilationFinishedHook.cs:146)
Mirror.Weaver.CompilationFinishedHook:WeaveExistingAssemblies () (at Assets/Mirror/Editor/Weaver/CompilationFinishedHook.cs:62)
Mirror.Weaver.CompilationFinishedHook:OnInitializeOnLoad () (at Assets/Mirror/Editor/Weaver/CompilationFinishedHook.cs:52)
System.Reflection.RuntimeMethodInfo:Invoke (object,System.Reflection.BindingFlags,System.Reflection.Binder,object[],System.Globalization.CultureInfo)
System.Reflection.MethodBase:Invoke (object,object[])
UnityEditor.EditorAssemblies:ProcessInitializeOnLoadMethodAttributes ()

(Filename: Assets/Mirror/Editor/Weaver/CompilationFinishedHook.cs Line: 146)

Find all reader and writers took 125 milliseconds
Script Module: gpm_webview.dll
Weave behaviours and messages took2 milliseconds
Exception :System.IO.IOException: Sharing violation on path E:\Unity\Projects\FoxholeTools\Library\ScriptAssemblies\Unity.InternalAPIEditorBridge.001.dll
  at System.IO.FileStream..ctor (System.String path, System.IO.FileMode mode, System.IO.FileAccess access, System.IO.FileShare share, System.Int32 bufferSize, System.Boolean anonymous, System.IO.FileOptions options) [0x0019e] in <41d29b352f6a475ab1bf7c6628b82790>:0 
  at System.IO.FileStream..ctor (System.String path, System.IO.FileMode mode, System.IO.FileAccess access, System.IO.FileShare share) [0x00000] in <41d29b352f6a475ab1bf7c6628b82790>:0 
  at (wrapper remoting-invoke-with-check) System.IO.FileStream..ctor(string,System.IO.FileMode,System.IO.FileAccess,System.IO.FileShare)
  at Mono.CecilX.ModuleDefinition.GetFileStream (System.String fileName, System.IO.FileMode mode, System.IO.FileAccess access, System.IO.FileShare share) [0x00006] in <9a2bc2dadc3549b3bfc74bb584d58989>:0 
  at Mono.CecilX.ModuleDefinition.ReadModule (System.String fileName, Mono.CecilX.ReaderParameters parameters) [0x00008] in <9a2bc2dadc3549b3bfc74bb584d58989>:0 
  at Mono.CecilX.AssemblyDefinition.ReadAssembly (System.String fileName, Mono.CecilX.ReaderParameters parameters) [0x00000] in <9a2bc2dadc3549b3bfc74bb584d58989>:0 
  at Mirror.Weaver.Weaver.Weave (System.String assName, System.Collections.Generic.IEnumerable`1[T] dependencies) [0x00006] in E:\Unity\Projects\FoxholeTools\Assets\Mirror\Editor\Weaver\Weaver.cs:176 
  at Mirror.Weaver.Weaver.WeaveAssembly (System.String assembly, System.Collections.Generic.IEnumerable`1[T] dependencies) [0x00006] in E:\Unity\Projects\FoxholeTools\Assets\Mirror\Editor\Weaver\Weaver.cs:247 
UnityEngine.Debug:ExtractStackTraceNoAlloc (byte*,int,string)
UnityEngine.StackTraceUtility:ExtractStackTrace ()
UnityEngine.DebugLogHandler:Internal_Log (UnityEngine.LogType,UnityEngine.LogOption,string,UnityEngine.Object)
UnityEngine.DebugLogHandler:LogFormat (UnityEngine.LogType,UnityEngine.Object,string,object[])
UnityEngine.Logger:Log (UnityEngine.LogType,object)
UnityEngine.Debug:LogError (object)
Mirror.Weaver.CompilationFinishedHook:HandleError (string) (at Assets/Mirror/Editor/Weaver/CompilationFinishedHook.cs:35)
Mirror.Weaver.Weaver:WeaveAssembly (string,System.Collections.Generic.IEnumerable`1<string>) (at Assets/Mirror/Editor/Weaver/Weaver.cs:251)
Mirror.Weaver.CompilationFinishedHook:OnCompilationFinished (string,UnityEditor.Compilation.CompilerMessage[]) (at Assets/Mirror/Editor/Weaver/CompilationFinishedHook.cs:142)
Mirror.Weaver.CompilationFinishedHook:WeaveExistingAssemblies () (at Assets/Mirror/Editor/Weaver/CompilationFinishedHook.cs:62)
Mirror.Weaver.CompilationFinishedHook:OnInitializeOnLoad () (at Assets/Mirror/Editor/Weaver/CompilationFinishedHook.cs:52)
System.Reflection.RuntimeMethodInfo:Invoke (object,System.Reflection.BindingFlags,System.Reflection.Binder,object[],System.Globalization.CultureInfo)
System.Reflection.MethodBase:Invoke (object,object[])
UnityEditor.EditorAssemblies:ProcessInitializeOnLoadMethodAttributes ()

(Filename: Assets/Mirror/Editor/Weaver/CompilationFinishedHook.cs Line: 35)

Weaving failed for: Library/ScriptAssemblies/Unity.InternalAPIEditorBridge.001.dll
UnityEngine.Debug:ExtractStackTraceNoAlloc (byte*,int,string)
UnityEngine.StackTraceUtility:ExtractStackTrace ()
UnityEngine.DebugLogHandler:Internal_Log (UnityEngine.LogType,UnityEngine.LogOption,string,UnityEngine.Object)
UnityEngine.DebugLogHandler:LogFormat (UnityEngine.LogType,UnityEngine.Object,string,object[])
UnityEngine.Logger:Log (UnityEngine.LogType,object)
UnityEngine.Debug:LogError (object)
Mirror.Weaver.CompilationFinishedHook:OnCompilationFinished (string,UnityEditor.Compilation.CompilerMessage[]) (at Assets/Mirror/Editor/Weaver/CompilationFinishedHook.cs:146)
Mirror.Weaver.CompilationFinishedHook:WeaveExistingAssemblies () (at Assets/Mirror/Editor/Weaver/CompilationFinishedHook.cs:62)
Mirror.Weaver.CompilationFinishedHook:OnInitializeOnLoad () (at Assets/Mirror/Editor/Weaver/CompilationFinishedHook.cs:52)
System.Reflection.RuntimeMethodInfo:Invoke (object,System.Reflection.BindingFlags,System.Reflection.Binder,object[],System.Globalization.CultureInfo)
System.Reflection.MethodBase:Invoke (object,object[])
UnityEditor.EditorAssemblies:ProcessInitializeOnLoadMethodAttributes ()

(Filename: Assets/Mirror/Editor/Weaver/CompilationFinishedHook.cs Line: 146)

Find all reader and writers took 159 milliseconds
Script Module: Unity.2D.SpriteShape.Runtime.dll
Weave behaviours and messages took14 milliseconds
Find all reader and writers took 139 milliseconds
Script Module: Unity.InternalAPIEngineBridge.004.dll
Weave behaviours and messages took0 milliseconds
Exception :System.IO.IOException: Sharing violation on path E:\Unity\Projects\FoxholeTools\Library\ScriptAssemblies\ScriptablePacker.dll
  at System.IO.FileStream..ctor (System.String path, System.IO.FileMode mode, System.IO.FileAccess access, System.IO.FileShare share, System.Int32 bufferSize, System.Boolean anonymous, System.IO.FileOptions options) [0x0019e] in <41d29b352f6a475ab1bf7c6628b82790>:0 
  at System.IO.FileStream..ctor (System.String path, System.IO.FileMode mode, System.IO.FileAccess access, System.IO.FileShare share) [0x00000] in <41d29b352f6a475ab1bf7c6628b82790>:0 
  at (wrapper remoting-invoke-with-check) System.IO.FileStream..ctor(string,System.IO.FileMode,System.IO.FileAccess,System.IO.FileShare)
  at Mono.CecilX.ModuleDefinition.GetFileStream (System.String fileName, System.IO.FileMode mode, System.IO.FileAccess access, System.IO.FileShare share) [0x00006] in <9a2bc2dadc3549b3bfc74bb584d58989>:0 
  at Mono.CecilX.ModuleDefinition.ReadModule (System.String fileName, Mono.CecilX.ReaderParameters parameters) [0x00008] in <9a2bc2dadc3549b3bfc74bb584d58989>:0 
  at Mono.CecilX.AssemblyDefinition.ReadAssembly (System.String fileName, Mono.CecilX.ReaderParameters parameters) [0x00000] in <9a2bc2dadc3549b3bfc74bb584d58989>:0 
  at Mirror.Weaver.Weaver.Weave (System.String assName, System.Collections.Generic.IEnumerable`1[T] dependencies) [0x00006] in E:\Unity\Projects\FoxholeTools\Assets\Mirror\Editor\Weaver\Weaver.cs:176 
  at Mirror.Weaver.Weaver.WeaveAssembly (System.String assembly, System.Collections.Generic.IEnumerable`1[T] dependencies) [0x00006] in E:\Unity\Projects\FoxholeTools\Assets\Mirror\Editor\Weaver\Weaver.cs:247 
UnityEngine.Debug:ExtractStackTraceNoAlloc (byte*,int,string)
UnityEngine.StackTraceUtility:ExtractStackTrace ()
UnityEngine.DebugLogHandler:Internal_Log (UnityEngine.LogType,UnityEngine.LogOption,string,UnityEngine.Object)
UnityEngine.DebugLogHandler:LogFormat (UnityEngine.LogType,UnityEngine.Object,string,object[])
UnityEngine.Logger:Log (UnityEngine.LogType,object)
UnityEngine.Debug:LogError (object)
Mirror.Weaver.CompilationFinishedHook:HandleError (string) (at Assets/Mirror/Editor/Weaver/CompilationFinishedHook.cs:35)
Mirror.Weaver.Weaver:WeaveAssembly (string,System.Collections.Generic.IEnumerable`1<string>) (at Assets/Mirror/Editor/Weaver/Weaver.cs:251)
Mirror.Weaver.CompilationFinishedHook:OnCompilationFinished (string,UnityEditor.Compilation.CompilerMessage[]) (at Assets/Mirror/Editor/Weaver/CompilationFinishedHook.cs:142)
Mirror.Weaver.CompilationFinishedHook:WeaveExistingAssemblies () (at Assets/Mirror/Editor/Weaver/CompilationFinishedHook.cs:62)
Mirror.Weaver.CompilationFinishedHook:OnInitializeOnLoad () (at Assets/Mirror/Editor/Weaver/CompilationFinishedHook.cs:52)
System.Reflection.RuntimeMethodInfo:Invoke (object,System.Reflection.BindingFlags,System.Reflection.Binder,object[],System.Globalization.CultureInfo)
System.Reflection.MethodBase:Invoke (object,object[])
UnityEditor.EditorAssemblies:ProcessInitializeOnLoadMethodAttributes ()

(Filename: Assets/Mirror/Editor/Weaver/CompilationFinishedHook.cs Line: 35)

Weaving failed for: Library/ScriptAssemblies/ScriptablePacker.dll
UnityEngine.Debug:ExtractStackTraceNoAlloc (byte*,int,string)
UnityEngine.StackTraceUtility:ExtractStackTrace ()
UnityEngine.DebugLogHandler:Internal_Log (UnityEngine.LogType,UnityEngine.LogOption,string,UnityEngine.Object)
UnityEngine.DebugLogHandler:LogFormat (UnityEngine.LogType,UnityEngine.Object,string,object[])
UnityEngine.Logger:Log (UnityEngine.LogType,object)
UnityEngine.Debug:LogError (object)
Mirror.Weaver.CompilationFinishedHook:OnCompilationFinished (string,UnityEditor.Compilation.CompilerMessage[]) (at Assets/Mirror/Editor/Weaver/CompilationFinishedHook.cs:146)
Mirror.Weaver.CompilationFinishedHook:WeaveExistingAssemblies () (at Assets/Mirror/Editor/Weaver/CompilationFinishedHook.cs:62)
Mirror.Weaver.CompilationFinishedHook:OnInitializeOnLoad () (at Assets/Mirror/Editor/Weaver/CompilationFinishedHook.cs:52)
System.Reflection.RuntimeMethodInfo:Invoke (object,System.Reflection.BindingFlags,System.Reflection.Binder,object[],System.Globalization.CultureInfo)
System.Reflection.MethodBase:Invoke (object,object[])
UnityEditor.EditorAssemblies:ProcessInitializeOnLoadMethodAttributes ()

(Filename: Assets/Mirror/Editor/Weaver/CompilationFinishedHook.cs Line: 146)

Find all reader and writers took 200 milliseconds
Script Module: gpm_manager.dll
Weave behaviours and messages took14 milliseconds
Exception :System.IO.IOException: Sharing violation on path E:\Unity\Projects\FoxholeTools\Library\ScriptAssemblies\Unity.Burst.CodeGen.dll
  at System.IO.FileStream..ctor (System.String path, System.IO.FileMode mode, System.IO.FileAccess access, System.IO.FileShare share, System.Int32 bufferSize, System.Boolean anonymous, System.IO.FileOptions options) [0x0019e] in <41d29b352f6a475ab1bf7c6628b82790>:0 
  at System.IO.FileStream..ctor (System.String path, System.IO.FileMode mode, System.IO.FileAccess access, System.IO.FileShare share) [0x00000] in <41d29b352f6a475ab1bf7c6628b82790>:0 
  at (wrapper remoting-invoke-with-check) System.IO.FileStream..ctor(string,System.IO.FileMode,System.IO.FileAccess,System.IO.FileShare)
  at Mono.CecilX.ModuleDefinition.GetFileStream (System.String fileName, System.IO.FileMode mode, System.IO.FileAccess access, System.IO.FileShare share) [0x00006] in <9a2bc2dadc3549b3bfc74bb584d58989>:0 
  at Mono.CecilX.ModuleDefinition.ReadModule (System.String fileName, Mono.CecilX.ReaderParameters parameters) [0x00008] in <9a2bc2dadc3549b3bfc74bb584d58989>:0 
  at Mono.CecilX.AssemblyDefinition.ReadAssembly (System.String fileName, Mono.CecilX.ReaderParameters parameters) [0x00000] in <9a2bc2dadc3549b3bfc74bb584d58989>:0 
  at Mirror.Weaver.Weaver.Weave (System.String assName, System.Collections.Generic.IEnumerable`1[T] dependencies) [0x00006] in E:\Unity\Projects\FoxholeTools\Assets\Mirror\Editor\Weaver\Weaver.cs:176 
  at Mirror.Weaver.Weaver.WeaveAssembly (System.String assembly, System.Collections.Generic.IEnumerable`1[T] dependencies) [0x00006] in E:\Unity\Projects\FoxholeTools\Assets\Mirror\Editor\Weaver\Weaver.cs:247 
UnityEngine.Debug:ExtractStackTraceNoAlloc (byte*,int,string)
UnityEngine.StackTraceUtility:ExtractStackTrace ()
UnityEngine.DebugLogHandler:Internal_Log (UnityEngine.LogType,UnityEngine.LogOption,string,UnityEngine.Object)
UnityEngine.DebugLogHandler:LogFormat (UnityEngine.LogType,UnityEngine.Object,string,object[])
UnityEngine.Logger:Log (UnityEngine.LogType,object)
UnityEngine.Debug:LogError (object)
Mirror.Weaver.CompilationFinishedHook:HandleError (string) (at Assets/Mirror/Editor/Weaver/CompilationFinishedHook.cs:35)
Mirror.Weaver.Weaver:WeaveAssembly (string,System.Collections.Generic.IEnumerable`1<string>) (at Assets/Mirror/Editor/Weaver/Weaver.cs:251)
Mirror.Weaver.CompilationFinishedHook:OnCompilationFinished (string,UnityEditor.Compilation.CompilerMessage[]) (at Assets/Mirror/Editor/Weaver/CompilationFinishedHook.cs:142)
Mirror.Weaver.CompilationFinishedHook:WeaveExistingAssemblies () (at Assets/Mirror/Editor/Weaver/CompilationFinishedHook.cs:62)
Mirror.Weaver.CompilationFinishedHook:OnInitializeOnLoad () (at Assets/Mirror/Editor/Weaver/CompilationFinishedHook.cs:52)
System.Reflection.RuntimeMethodInfo:Invoke (object,System.Reflection.BindingFlags,System.Reflection.Binder,object[],System.Globalization.CultureInfo)
System.Reflection.MethodBase:Invoke (object,object[])
UnityEditor.EditorAssemblies:ProcessInitializeOnLoadMethodAttributes ()

(Filename: Assets/Mirror/Editor/Weaver/CompilationFinishedHook.cs Line: 35)

Weaving failed for: Library/ScriptAssemblies/Unity.Burst.CodeGen.dll
UnityEngine.Debug:ExtractStackTraceNoAlloc (byte*,int,string)
UnityEngine.StackTraceUtility:ExtractStackTrace ()
UnityEngine.DebugLogHandler:Internal_Log (UnityEngine.LogType,UnityEngine.LogOption,string,UnityEngine.Object)
UnityEngine.DebugLogHandler:LogFormat (UnityEngine.LogType,UnityEngine.Object,string,object[])
UnityEngine.Logger:Log (UnityEngine.LogType,object)
UnityEngine.Debug:LogError (object)
Mirror.Weaver.CompilationFinishedHook:OnCompilationFinished (string,UnityEditor.Compilation.CompilerMessage[]) (at Assets/Mirror/Editor/Weaver/CompilationFinishedHook.cs:146)
Mirror.Weaver.CompilationFinishedHook:WeaveExistingAssemblies () (at Assets/Mirror/Editor/Weaver/CompilationFinishedHook.cs:62)
Mirror.Weaver.CompilationFinishedHook:OnInitializeOnLoad () (at Assets/Mirror/Editor/Weaver/CompilationFinishedHook.cs:52)
System.Reflection.RuntimeMethodInfo:Invoke (object,System.Reflection.BindingFlags,System.Reflection.Binder,object[],System.Globalization.CultureInfo)
System.Reflection.MethodBase:Invoke (object,object[])
UnityEditor.EditorAssemblies:ProcessInitializeOnLoadMethodAttributes ()

(Filename: Assets/Mirror/Editor/Weaver/CompilationFinishedHook.cs Line: 146)

Find all reader and writers took 152 milliseconds
Script Module: Unity.AI.Navigation.dll
Weave behaviours and messages took4 milliseconds
Exception :System.IO.IOException: Sharing violation on path E:\Unity\Projects\FoxholeTools\Library\ScriptAssemblies\Unity.VisualScripting.State.dll
  at System.IO.FileStream..ctor (System.String path, System.IO.FileMode mode, System.IO.FileAccess access, System.IO.FileShare share, System.Int32 bufferSize, System.Boolean anonymous, System.IO.FileOptions options) [0x0019e] in <41d29b352f6a475ab1bf7c6628b82790>:0 
  at System.IO.FileStream..ctor (System.String path, System.IO.FileMode mode, System.IO.FileAccess access, System.IO.FileShare share) [0x00000] in <41d29b352f6a475ab1bf7c6628b82790>:0 
  at (wrapper remoting-invoke-with-check) System.IO.FileStream..ctor(string,System.IO.FileMode,System.IO.FileAccess,System.IO.FileShare)
  at Mono.CecilX.ModuleDefinition.GetFileStream (System.String fileName, System.IO.FileMode mode, System.IO.FileAccess access, System.IO.FileShare share) [0x00006] in <9a2bc2dadc3549b3bfc74bb584d58989>:0 
  at Mono.CecilX.ModuleDefinition.ReadModule (System.String fileName, Mono.CecilX.ReaderParameters parameters) [0x00008] in <9a2bc2dadc3549b3bfc74bb584d58989>:0 
  at Mono.CecilX.AssemblyDefinition.ReadAssembly (System.String fileName, Mono.CecilX.ReaderParameters parameters) [0x00000] in <9a2bc2dadc3549b3bfc74bb584d58989>:0 
  at Mirror.Weaver.Weaver.Weave (System.String assName, System.Collections.Generic.IEnumerable`1[T] dependencies) [0x00006] in E:\Unity\Projects\FoxholeTools\Assets\Mirror\Editor\Weaver\Weaver.cs:176 
  at Mirror.Weaver.Weaver.WeaveAssembly (System.String assembly, System.Collections.Generic.IEnumerable`1[T] dependencies) [0x00006] in E:\Unity\Projects\FoxholeTools\Assets\Mirror\Editor\Weaver\Weaver.cs:247 
UnityEngine.Debug:ExtractStackTraceNoAlloc (byte*,int,string)
UnityEngine.StackTraceUtility:ExtractStackTrace ()
UnityEngine.DebugLogHandler:Internal_Log (UnityEngine.LogType,UnityEngine.LogOption,string,UnityEngine.Object)
UnityEngine.DebugLogHandler:LogFormat (UnityEngine.LogType,UnityEngine.Object,string,object[])
UnityEngine.Logger:Log (UnityEngine.LogType,object)
UnityEngine.Debug:LogError (object)
Mirror.Weaver.CompilationFinishedHook:HandleError (string) (at Assets/Mirror/Editor/Weaver/CompilationFinishedHook.cs:35)
Mirror.Weaver.Weaver:WeaveAssembly (string,System.Collections.Generic.IEnumerable`1<string>) (at Assets/Mirror/Editor/Weaver/Weaver.cs:251)
Mirror.Weaver.CompilationFinishedHook:OnCompilationFinished (string,UnityEditor.Compilation.CompilerMessage[]) (at Assets/Mirror/Editor/Weaver/CompilationFinishedHook.cs:142)
Mirror.Weaver.CompilationFinishedHook:WeaveExistingAssemblies () (at Assets/Mirror/Editor/Weaver/CompilationFinishedHook.cs:62)
Mirror.Weaver.CompilationFinishedHook:OnInitializeOnLoad () (at Assets/Mirror/Editor/Weaver/CompilationFinishedHook.cs:52)
System.Reflection.RuntimeMethodInfo:Invoke (object,System.Reflection.BindingFlags,System.Reflection.Binder,object[],System.Globalization.CultureInfo)
System.Reflection.MethodBase:Invoke (object,object[])
UnityEditor.EditorAssemblies:ProcessInitializeOnLoadMethodAttributes ()

(Filename: Assets/Mirror/Editor/Weaver/CompilationFinishedHook.cs Line: 35)

Weaving failed for: Library/ScriptAssemblies/Unity.VisualScripting.State.dll
UnityEngine.Debug:ExtractStackTraceNoAlloc (byte*,int,string)
UnityEngine.StackTraceUtility:ExtractStackTrace ()
UnityEngine.DebugLogHandler:Internal_Log (UnityEngine.LogType,UnityEngine.LogOption,string,UnityEngine.Object)
UnityEngine.DebugLogHandler:LogFormat (UnityEngine.LogType,UnityEngine.Object,string,object[])
UnityEngine.Logger:Log (UnityEngine.LogType,object)
UnityEngine.Debug:LogError (object)
Mirror.Weaver.CompilationFinishedHook:OnCompilationFinished (string,UnityEditor.Compilation.CompilerMessage[]) (at Assets/Mirror/Editor/Weaver/CompilationFinishedHook.cs:146)
Mirror.Weaver.CompilationFinishedHook:WeaveExistingAssemblies () (at Assets/Mirror/Editor/Weaver/CompilationFinishedHook.cs:62)
Mirror.Weaver.CompilationFinishedHook:OnInitializeOnLoad () (at Assets/Mirror/Editor/Weaver/CompilationFinishedHook.cs:52)
System.Reflection.RuntimeMethodInfo:Invoke (object,System.Reflection.BindingFlags,System.Reflection.Binder,object[],System.Globalization.CultureInfo)
System.Reflection.MethodBase:Invoke (object,object[])
UnityEditor.EditorAssemblies:ProcessInitializeOnLoadMethodAttributes ()

(Filename: Assets/Mirror/Editor/Weaver/CompilationFinishedHook.cs Line: 146)

Find all reader and writers took 153 milliseconds
Script Module: gpm_communicator.dll
Weave behaviours and messages took0 milliseconds
Exception :System.IO.IOException: Sharing violation on path E:\Unity\Projects\FoxholeTools\Library\ScriptAssemblies\Unity.2D.Animation.Runtime.dll
  at System.IO.FileStream..ctor (System.String path, System.IO.FileMode mode, System.IO.FileAccess access, System.IO.FileShare share, System.Int32 bufferSize, System.Boolean anonymous, System.IO.FileOptions options) [0x0019e] in <41d29b352f6a475ab1bf7c6628b82790>:0 
  at System.IO.FileStream..ctor (System.String path, System.IO.FileMode mode, System.IO.FileAccess access, System.IO.FileShare share) [0x00000] in <41d29b352f6a475ab1bf7c6628b82790>:0 
  at (wrapper remoting-invoke-with-check) System.IO.FileStream..ctor(string,System.IO.FileMode,System.IO.FileAccess,System.IO.FileShare)
  at Mono.CecilX.ModuleDefinition.GetFileStream (System.String fileName, System.IO.FileMode mode, System.IO.FileAccess access, System.IO.FileShare share) [0x00006] in <9a2bc2dadc3549b3bfc74bb584d58989>:0 
  at Mono.CecilX.ModuleDefinition.ReadModule (System.String fileName, Mono.CecilX.ReaderParameters parameters) [0x00008] in <9a2bc2dadc3549b3bfc74bb584d58989>:0 
  at Mono.CecilX.AssemblyDefinition.ReadAssembly (System.String fileName, Mono.CecilX.ReaderParameters parameters) [0x00000] in <9a2bc2dadc3549b3bfc74bb584d58989>:0 
  at Mirror.Weaver.Weaver.Weave (System.String assName, System.Collections.Generic.IEnumerable`1[T] dependencies) [0x00006] in E:\Unity\Projects\FoxholeTools\Assets\Mirror\Editor\Weaver\Weaver.cs:176 
  at Mirror.Weaver.Weaver.WeaveAssembly (System.String assembly, System.Collections.Generic.IEnumerable`1[T] dependencies) [0x00006] in E:\Unity\Projects\FoxholeTools\Assets\Mirror\Editor\Weaver\Weaver.cs:247 
UnityEngine.Debug:ExtractStackTraceNoAlloc (byte*,int,string)
UnityEngine.StackTraceUtility:ExtractStackTrace ()
UnityEngine.DebugLogHandler:Internal_Log (UnityEngine.LogType,UnityEngine.LogOption,string,UnityEngine.Object)
UnityEngine.DebugLogHandler:LogFormat (UnityEngine.LogType,UnityEngine.Object,string,object[])
UnityEngine.Logger:Log (UnityEngine.LogType,object)
UnityEngine.Debug:LogError (object)
Mirror.Weaver.CompilationFinishedHook:HandleError (string) (at Assets/Mirror/Editor/Weaver/CompilationFinishedHook.cs:35)
Mirror.Weaver.Weaver:WeaveAssembly (string,System.Collections.Generic.IEnumerable`1<string>) (at Assets/Mirror/Editor/Weaver/Weaver.cs:251)
Mirror.Weaver.CompilationFinishedHook:OnCompilationFinished (string,UnityEditor.Compilation.CompilerMessage[]) (at Assets/Mirror/Editor/Weaver/CompilationFinishedHook.cs:142)
Mirror.Weaver.CompilationFinishedHook:WeaveExistingAssemblies () (at Assets/Mirror/Editor/Weaver/CompilationFinishedHook.cs:62)
Mirror.Weaver.CompilationFinishedHook:OnInitializeOnLoad () (at Assets/Mirror/Editor/Weaver/CompilationFinishedHook.cs:52)
System.Reflection.RuntimeMethodInfo:Invoke (object,System.Reflection.BindingFlags,System.Reflection.Binder,object[],System.Globalization.CultureInfo)
System.Reflection.MethodBase:Invoke (object,object[])
UnityEditor.EditorAssemblies:ProcessInitializeOnLoadMethodAttributes ()

(Filename: Assets/Mirror/Editor/Weaver/CompilationFinishedHook.cs Line: 35)

Weaving failed for: Library/ScriptAssemblies/Unity.2D.Animation.Runtime.dll
UnityEngine.Debug:ExtractStackTraceNoAlloc (byte*,int,string)
UnityEngine.StackTraceUtility:ExtractStackTrace ()
UnityEngine.DebugLogHandler:Internal_Log (UnityEngine.LogType,UnityEngine.LogOption,string,UnityEngine.Object)
UnityEngine.DebugLogHandler:LogFormat (UnityEngine.LogType,UnityEngine.Object,string,object[])
UnityEngine.Logger:Log (UnityEngine.LogType,object)
UnityEngine.Debug:LogError (object)
Mirror.Weaver.CompilationFinishedHook:OnCompilationFinished (string,UnityEditor.Compilation.CompilerMessage[]) (at Assets/Mirror/Editor/Weaver/CompilationFinishedHook.cs:146)
Mirror.Weaver.CompilationFinishedHook:WeaveExistingAssemblies () (at Assets/Mirror/Editor/Weaver/CompilationFinishedHook.cs:62)
Mirror.Weaver.CompilationFinishedHook:OnInitializeOnLoad () (at Assets/Mirror/Editor/Weaver/CompilationFinishedHook.cs:52)
System.Reflection.RuntimeMethodInfo:Invoke (object,System.Reflection.BindingFlags,System.Reflection.Binder,object[],System.Globalization.CultureInfo)
System.Reflection.MethodBase:Invoke (object,object[])
UnityEditor.EditorAssemblies:ProcessInitializeOnLoadMethodAttributes ()

(Filename: Assets/Mirror/Editor/Weaver/CompilationFinishedHook.cs Line: 146)

Find all reader and writers took 142 milliseconds
Script Module: Telepathy.dll
Weave behaviours and messages took1 milliseconds
Exception :System.IO.IOException: Sharing violation on path E:\Unity\Projects\FoxholeTools\Library\ScriptAssemblies\UnityEditor.UI.dll
  at System.IO.FileStream..ctor (System.String path, System.IO.FileMode mode, System.IO.FileAccess access, System.IO.FileShare share, System.Int32 bufferSize, System.Boolean anonymous, System.IO.FileOptions options) [0x0019e] in <41d29b352f6a475ab1bf7c6628b82790>:0 
  at System.IO.FileStream..ctor (System.String path, System.IO.FileMode mode, System.IO.FileAccess access, System.IO.FileShare share) [0x00000] in <41d29b352f6a475ab1bf7c6628b82790>:0 
  at (wrapper remoting-invoke-with-check) System.IO.FileStream..ctor(string,System.IO.FileMode,System.IO.FileAccess,System.IO.FileShare)
  at Mono.CecilX.ModuleDefinition.GetFileStream (System.String fileName, System.IO.FileMode mode, System.IO.FileAccess access, System.IO.FileShare share) [0x00006] in <9a2bc2dadc3549b3bfc74bb584d58989>:0 
  at Mono.CecilX.ModuleDefinition.ReadModule (System.String fileName, Mono.CecilX.ReaderParameters parameters) [0x00008] in <9a2bc2dadc3549b3bfc74bb584d58989>:0 
  at Mono.CecilX.AssemblyDefinition.ReadAssembly (System.String fileName, Mono.CecilX.ReaderParameters parameters) [0x00000] in <9a2bc2dadc3549b3bfc74bb584d58989>:0 
  at Mirror.Weaver.Weaver.Weave (System.String assName, System.Collections.Generic.IEnumerable`1[T] dependencies) [0x00006] in E:\Unity\Projects\FoxholeTools\Assets\Mirror\Editor\Weaver\Weaver.cs:176 
  at Mirror.Weaver.Weaver.WeaveAssembly (System.String assembly, System.Collections.Generic.IEnumerable`1[T] dependencies) [0x00006] in E:\Unity\Projects\FoxholeTools\Assets\Mirror\Editor\Weaver\Weaver.cs:247 
UnityEngine.Debug:ExtractStackTraceNoAlloc (byte*,int,string)
UnityEngine.StackTraceUtility:ExtractStackTrace ()
UnityEngine.DebugLogHandler:Internal_Log (UnityEngine.LogType,UnityEngine.LogOption,string,UnityEngine.Object)
UnityEngine.DebugLogHandler:LogFormat (UnityEngine.LogType,UnityEngine.Object,string,object[])
UnityEngine.Logger:Log (UnityEngine.LogType,object)
UnityEngine.Debug:LogError (object)
Mirror.Weaver.CompilationFinishedHook:HandleError (string) (at Assets/Mirror/Editor/Weaver/CompilationFinishedHook.cs:35)
Mirror.Weaver.Weaver:WeaveAssembly (string,System.Collections.Generic.IEnumerable`1<string>) (at Assets/Mirror/Editor/Weaver/Weaver.cs:251)
Mirror.Weaver.CompilationFinishedHook:OnCompilationFinished (string,UnityEditor.Compilation.CompilerMessage[]) (at Assets/Mirror/Editor/Weaver/CompilationFinishedHook.cs:142)
Mirror.Weaver.CompilationFinishedHook:WeaveExistingAssemblies () (at Assets/Mirror/Editor/Weaver/CompilationFinishedHook.cs:62)
Mirror.Weaver.CompilationFinishedHook:OnInitializeOnLoad () (at Assets/Mirror/Editor/Weaver/CompilationFinishedHook.cs:52)
System.Reflection.RuntimeMethodInfo:Invoke (object,System.Reflection.BindingFlags,System.Reflection.Binder,object[],System.Globalization.CultureInfo)
System.Reflection.MethodBase:Invoke (object,object[])
UnityEditor.EditorAssemblies:ProcessInitializeOnLoadMethodAttributes ()

(Filename: Assets/Mirror/Editor/Weaver/CompilationFinishedHook.cs Line: 35)

Weaving failed for: Library/ScriptAssemblies/UnityEditor.UI.dll
UnityEngine.Debug:ExtractStackTraceNoAlloc (byte*,int,string)
UnityEngine.StackTraceUtility:ExtractStackTrace ()
UnityEngine.DebugLogHandler:Internal_Log (UnityEngine.LogType,UnityEngine.LogOption,string,UnityEngine.Object)
UnityEngine.DebugLogHandler:LogFormat (UnityEngine.LogType,UnityEngine.Object,string,object[])
UnityEngine.Logger:Log (UnityEngine.LogType,object)
UnityEngine.Debug:LogError (object)
Mirror.Weaver.CompilationFinishedHook:OnCompilationFinished (string,UnityEditor.Compilation.CompilerMessage[]) (at Assets/Mirror/Editor/Weaver/CompilationFinishedHook.cs:146)
Mirror.Weaver.CompilationFinishedHook:WeaveExistingAssemblies () (at Assets/Mirror/Editor/Weaver/CompilationFinishedHook.cs:62)
Mirror.Weaver.CompilationFinishedHook:OnInitializeOnLoad () (at Assets/Mirror/Editor/Weaver/CompilationFinishedHook.cs:52)
System.Reflection.RuntimeMethodInfo:Invoke (object,System.Reflection.BindingFlags,System.Reflection.Binder,object[],System.Globalization.CultureInfo)
System.Reflection.MethodBase:Invoke (object,object[])
UnityEditor.EditorAssemblies:ProcessInitializeOnLoadMethodAttributes ()

(Filename: Assets/Mirror/Editor/Weaver/CompilationFinishedHook.cs Line: 146)

Find all reader and writers took 185 milliseconds
Script Module: Unity.TextMeshPro.dll
Weave behaviours and messages took54 milliseconds
Exception :System.IO.IOException: Sharing violation on path E:\Unity\Projects\FoxholeTools\Library\ScriptAssemblies\Unity.InternalAPIEngineBridge.001.dll
  at System.IO.FileStream..ctor (System.String path, System.IO.FileMode mode, System.IO.FileAccess access, System.IO.FileShare share, System.Int32 bufferSize, System.Boolean anonymous, System.IO.FileOptions options) [0x0019e] in <41d29b352f6a475ab1bf7c6628b82790>:0 
  at System.IO.FileStream..ctor (System.String path, System.IO.FileMode mode, System.IO.FileAccess access, System.IO.FileShare share) [0x00000] in <41d29b352f6a475ab1bf7c6628b82790>:0 
  at (wrapper remoting-invoke-with-check) System.IO.FileStream..ctor(string,System.IO.FileMode,System.IO.FileAccess,System.IO.FileShare)
  at Mono.CecilX.ModuleDefinition.GetFileStream (System.String fileName, System.IO.FileMode mode, System.IO.FileAccess access, System.IO.FileShare share) [0x00006] in <9a2bc2dadc3549b3bfc74bb584d58989>:0 
  at Mono.CecilX.ModuleDefinition.ReadModule (System.String fileName, Mono.CecilX.ReaderParameters parameters) [0x00008] in <9a2bc2dadc3549b3bfc74bb584d58989>:0 
  at Mono.CecilX.AssemblyDefinition.ReadAssembly (System.String fileName, Mono.CecilX.ReaderParameters parameters) [0x00000] in <9a2bc2dadc3549b3bfc74bb584d58989>:0 
  at Mirror.Weaver.Weaver.Weave (System.String assName, System.Collections.Generic.IEnumerable`1[T] dependencies) [0x00006] in E:\Unity\Projects\FoxholeTools\Assets\Mirror\Editor\Weaver\Weaver.cs:176 
  at Mirror.Weaver.Weaver.WeaveAssembly (System.String assembly, System.Collections.Generic.IEnumerable`1[T] dependencies) [0x00006] in E:\Unity\Projects\FoxholeTools\Assets\Mirror\Editor\Weaver\Weaver.cs:247 
UnityEngine.Debug:ExtractStackTraceNoAlloc (byte*,int,string)
UnityEngine.StackTraceUtility:ExtractStackTrace ()
UnityEngine.DebugLogHandler:Internal_Log (UnityEngine.LogType,UnityEngine.LogOption,string,UnityEngine.Object)
UnityEngine.DebugLogHandler:LogFormat (UnityEngine.LogType,UnityEngine.Object,string,object[])
UnityEngine.Logger:Log (UnityEngine.LogType,object)
UnityEngine.Debug:LogError (object)
Mirror.Weaver.CompilationFinishedHook:HandleError (string) (at Assets/Mirror/Editor/Weaver/CompilationFinishedHook.cs:35)
Mirror.Weaver.Weaver:WeaveAssembly (string,System.Collections.Generic.IEnumerable`1<string>) (at Assets/Mirror/Editor/Weaver/Weaver.cs:251)
Mirror.Weaver.CompilationFinishedHook:OnCompilationFinished (string,UnityEditor.Compilation.CompilerMessage[]) (at Assets/Mirror/Editor/Weaver/CompilationFinishedHook.cs:142)
Mirror.Weaver.CompilationFinishedHook:WeaveExistingAssemblies () (at Assets/Mirror/Editor/Weaver/CompilationFinishedHook.cs:62)
Mirror.Weaver.CompilationFinishedHook:OnInitializeOnLoad () (at Assets/Mirror/Editor/Weaver/CompilationFinishedHook.cs:52)
System.Reflection.RuntimeMethodInfo:Invoke (object,System.Reflection.BindingFlags,System.Reflection.Binder,object[],System.Globalization.CultureInfo)
System.Reflection.MethodBase:Invoke (object,object[])
UnityEditor.EditorAssemblies:ProcessInitializeOnLoadMethodAttributes ()

(Filename: Assets/Mirror/Editor/Weaver/CompilationFinishedHook.cs Line: 35)

Weaving failed for: Library/ScriptAssemblies/Unity.InternalAPIEngineBridge.001.dll
UnityEngine.Debug:ExtractStackTraceNoAlloc (byte*,int,string)
UnityEngine.StackTraceUtility:ExtractStackTrace ()
UnityEngine.DebugLogHandler:Internal_Log (UnityEngine.LogType,UnityEngine.LogOption,string,UnityEngine.Object)
UnityEngine.DebugLogHandler:LogFormat (UnityEngine.LogType,UnityEngine.Object,string,object[])
UnityEngine.Logger:Log (UnityEngine.LogType,object)
UnityEngine.Debug:LogError (object)
Mirror.Weaver.CompilationFinishedHook:OnCompilationFinished (string,UnityEditor.Compilation.CompilerMessage[]) (at Assets/Mirror/Editor/Weaver/CompilationFinishedHook.cs:146)
Mirror.Weaver.CompilationFinishedHook:WeaveExistingAssemblies () (at Assets/Mirror/Editor/Weaver/CompilationFinishedHook.cs:62)
Mirror.Weaver.CompilationFinishedHook:OnInitializeOnLoad () (at Assets/Mirror/Editor/Weaver/CompilationFinishedHook.cs:52)
System.Reflection.RuntimeMethodInfo:Invoke (object,System.Reflection.BindingFlags,System.Reflection.Binder,object[],System.Globalization.CultureInfo)
System.Reflection.MethodBase:Invoke (object,object[])
UnityEditor.EditorAssemblies:ProcessInitializeOnLoadMethodAttributes ()

(Filename: Assets/Mirror/Editor/Weaver/CompilationFinishedHook.cs Line: 146)

Find all reader and writers took 154 milliseconds
Script Module: Unity.AI.Navigation.Updater.dll
Weave behaviours and messages took1 milliseconds
Find all reader and writers took 150 milliseconds
Script Module: SimpleWebTransport.dll
Weave behaviours and messages took2 milliseconds
Find all reader and writers took 128 milliseconds
Script Module: kcp2k.dll
Weave behaviours and messages took1 milliseconds
Find all reader and writers took 155 milliseconds
Script Module: Unity.2D.PixelPerfect.dll
Weave behaviours and messages took1 milliseconds
Find all reader and writers took 119 milliseconds
Script Module: Unity.2D.Common.Runtime.dll
Weave behaviours and messages took7 milliseconds
Find all reader and writers took 117 milliseconds
Script Module: Unity.Multiplayer.Center.Common.dll
Weave behaviours and messages took0 milliseconds
Find all reader and writers took 167 milliseconds
Script Module: Unity.Collections.CodeGen.dll
Weave behaviours and messages took1 milliseconds
Find all reader and writers took 134 milliseconds
Script Module: UnityEditor.UI.Analytics.dll
Weave behaviours and messages took0 milliseconds
Find all reader and writers took 207 milliseconds
Script Module: ParrelSync.dll
Weave behaviours and messages took1 milliseconds
Find all reader and writers took 177 milliseconds
Script Module: Unity.VisualScripting.DocCodeExamples.dll
Weave behaviours and messages took0 milliseconds
Find all reader and writers took 150 milliseconds
Script Module: Assembly-CSharp-firstpass.dll
Weave behaviours and messages took8 milliseconds
Find all reader and writers took 170 milliseconds
Script Module: Mirror.CompilerSymbols.dll
Weave behaviours and messages took0 milliseconds
ScheduleIndexationOnStartup MainProcess:False IndexOnStartup:True
Mono: successfully reloaded assembly
- Finished resetting the current domain, in 15.806 seconds
Domain Reload Profiling: 17224ms
	BeginReloadAssembly (299ms)
		ExecutionOrderSort (0ms)
		DisableScriptedObjects (4ms)
		BackupInstance (0ms)
		ReleaseScriptingObjects (0ms)
		CreateAndSetChildDomain (21ms)
	RebuildCommonClasses (41ms)
	RebuildNativeTypeToScriptingClass (9ms)
	initialDomainReloadingComplete (120ms)
	LoadAllAssembliesAndSetupDomain (949ms)
		LoadAssemblies (874ms)
		RebuildTransferFunctionScriptingTraits (0ms)
		AnalyzeDomain (276ms)
			TypeCache.Refresh (218ms)
				TypeCache.ScanAssembly (201ms)
			BuildScriptInfoCaches (45ms)
			ResolveRequiredComponents (8ms)
	FinalizeReload (15807ms)
		ReleaseScriptCaches (0ms)
		RebuildScriptCaches (0ms)
		SetupLoadedEditorAssemblies (15714ms)
			LogAssemblyErrors (0ms)
			InitializePlatformSupportModulesInManaged (11ms)
			SetLoadedEditorAssemblies (4ms)
			BeforeProcessingInitializeOnLoad (167ms)
			ProcessInitializeOnLoadAttributes (895ms)
			ProcessInitializeOnLoadMethodAttributes (14601ms)
			AfterProcessingInitializeOnLoad (37ms)
			EditorAssembliesLoaded (0ms)
		ExecutionOrderSort2 (0ms)
		AwakeInstancesAfterBackupRestoration (7ms)
Launched and connected shader compiler UnityShaderCompiler.exe after 0.02 seconds
Refreshing native plugins compatible for Editor in 22.20 ms, found 4 plugins.
Preloading 0 native plugins for Editor in 0.00 ms.
Unloading 0 Unused Serialized files (Serialized files now loaded: 0)
Unloading 5383 unused Assets / (1.8 MB). Loaded Objects now: 5963.
Memory consumption went from 108.8 MB to 107.0 MB.
Total: 17.476300 ms (FindLiveObjects: 0.483800 ms CreateObjectMapping: 0.592100 ms MarkObjects: 14.703400 ms  DeleteObjects: 1.695400 ms)

========================================================================
Received Import Request.
  Time since last request: 1279264.868272 seconds.
  path: Assets/ParrelSync/LICENSE.md
  artifactKey: Guid(f4b327eab8d866e4087e166da8cafc09) Importer(2089858483,797179f86c6e516b54ff30bda720a719)
Start importing Assets/ParrelSync/LICENSE.md using Guid(f4b327eab8d866e4087e166da8cafc09) Importer(2089858483,797179f86c6e516b54ff30bda720a719) (ScriptedImporter) -> (artifact id: '467fad5db74b1a7e569d86c85690acb7') in 0.2252814 seconds
Number of updated asset objects reloaded before import = 0Number of asset objects unloaded after import = 1

========================================================================
Received Import Request.
  Time since last request: 0.000018 seconds.
  path: Assets/Images/100EdgeSprite.png
  artifactKey: Guid(b61a9f72a471c6a4e91f99fa9b007562) Importer(2089858483,797179f86c6e516b54ff30bda720a719)
Start importing Assets/Images/100EdgeSprite.png using Guid(b61a9f72a471c6a4e91f99fa9b007562) Importer(2089858483,797179f86c6e516b54ff30bda720a719) (ScriptedImporter) -> (artifact id: 'b4192ad22ee305b49e98bf718a07cb97') in 0.3391212 seconds
Number of updated asset objects reloaded before import = 0Number of asset objects unloaded after import = 2

========================================================================
Received Import Request.
  Time since last request: 0.000018 seconds.
  path: Assets/Scripts/StkText.cs
  artifactKey: Guid(57a709d607ff45a43b885b229fd3bc78) Importer(2089858483,797179f86c6e516b54ff30bda720a719)
Start importing Assets/Scripts/StkText.cs using Guid(57a709d607ff45a43b885b229fd3bc78) Importer(2089858483,797179f86c6e516b54ff30bda720a719) (ScriptedImporter) -> (artifact id: '75c3a5d450a08d192e5be200ee166562') in 0.0275518 seconds
Number of updated asset objects reloaded before import = 0Number of asset objects unloaded after import = 0

========================================================================
Received Import Request.
  Time since last request: 0.000059 seconds.
  path: Assets/Images/ExeIcons/OverlookHQ.png
  artifactKey: Guid(e65fa6d52ccde694d820f34770f9fbf7) Importer(2089858483,797179f86c6e516b54ff30bda720a719)
Start importing Assets/Images/ExeIcons/OverlookHQ.png using Guid(e65fa6d52ccde694d820f34770f9fbf7) Importer(2089858483,797179f86c6e516b54ff30bda720a719) (ScriptedImporter) -> (artifact id: 'bfd15b00e5d78a8f2c35ea4a52255257') in 0.0293442 seconds
Number of updated asset objects reloaded before import = 0Number of asset objects unloaded after import = 2

========================================================================
Received Import Request.
  Time since last request: 0.000019 seconds.
  path: Assets/Scripts/StockpileWindow.cs
  artifactKey: Guid(f47c1db2d8819c54da8a45c87e589f8e) Importer(2089858483,797179f86c6e516b54ff30bda720a719)
Start importing Assets/Scripts/StockpileWindow.cs using Guid(f47c1db2d8819c54da8a45c87e589f8e) Importer(2089858483,797179f86c6e516b54ff30bda720a719) (ScriptedImporter) -> (artifact id: '206137f9283457e72d54b5498d8cf31d') in 0.0304321 seconds
Number of updated asset objects reloaded before import = 0Number of asset objects unloaded after import = 0

========================================================================
Received Import Request.
  Time since last request: 0.000077 seconds.
  path: Assets/Scripts/M_Server.cs
  artifactKey: Guid(5a9840dcf105591428df518a7b1a31c6) Importer(2089858483,797179f86c6e516b54ff30bda720a719)
Start importing Assets/Scripts/M_Server.cs using Guid(5a9840dcf105591428df518a7b1a31c6) Importer(2089858483,797179f86c6e516b54ff30bda720a719) (ScriptedImporter) -> (artifact id: 'c715dc51fe786c698e92e94f5391d3af') in 0.0318806 seconds
Number of updated asset objects reloaded before import = 0Number of asset objects unloaded after import = 0

========================================================================
Received Import Request.
  Time since last request: 0.000062 seconds.
  path: Assets/Scripts/UserModel.cs
  artifactKey: Guid(3482107e342b1614abc7f7949010854e) Importer(2089858483,797179f86c6e516b54ff30bda720a719)
Start importing Assets/Scripts/UserModel.cs using Guid(3482107e342b1614abc7f7949010854e) Importer(2089858483,797179f86c6e516b54ff30bda720a719) (ScriptedImporter) -> (artifact id: '7cabbc6ed6b7bc957d26e5f64c811bf8') in 0.0321875 seconds
Number of updated asset objects reloaded before import = 0Number of asset objects unloaded after import = 0

========================================================================
Received Import Request.
  Time since last request: 0.000052 seconds.
  path: Assets/Scripts/StockpileLogWindow.cs
  artifactKey: Guid(e8efec9fcbbb14544a6e066783c8eb7b) Importer(2089858483,797179f86c6e516b54ff30bda720a719)
Start importing Assets/Scripts/StockpileLogWindow.cs using Guid(e8efec9fcbbb14544a6e066783c8eb7b) Importer(2089858483,797179f86c6e516b54ff30bda720a719) (ScriptedImporter) -> (artifact id: '3d0f6608972c71aebcd74fcba44acfea') in 0.0286288 seconds
Number of updated asset objects reloaded before import = 0Number of asset objects unloaded after import = 0

========================================================================
Received Import Request.
  Time since last request: 0.000086 seconds.
  path: Assets/MapToolPack/Icons/Explosive_Materials.png
  artifactKey: Guid(d2dc13589bef6a4479b8ace902c5e64a) Importer(2089858483,797179f86c6e516b54ff30bda720a719)
Start importing Assets/MapToolPack/Icons/Explosive_Materials.png using Guid(d2dc13589bef6a4479b8ace902c5e64a) Importer(2089858483,797179f86c6e516b54ff30bda720a719) (ScriptedImporter) -> (artifact id: '27fc69d9fe1129ee8def7961aec13877') in 0.0279154 seconds
Number of updated asset objects reloaded before import = 0Number of asset objects unloaded after import = 2

========================================================================
Received Import Request.
  Time since last request: 0.000024 seconds.
  path: Assets/Scripts/StockDltWindow.cs
  artifactKey: Guid(18f62b14328a5cc4bb87825ebec7f18c) Importer(2089858483,797179f86c6e516b54ff30bda720a719)
Start importing Assets/Scripts/StockDltWindow.cs using Guid(18f62b14328a5cc4bb87825ebec7f18c) Importer(2089858483,797179f86c6e516b54ff30bda720a719) (ScriptedImporter) -> (artifact id: '046e24c92d333e8f4faff75670b1c198') in 0.0255412 seconds
Number of updated asset objects reloaded before import = 0Number of asset objects unloaded after import = 0

========================================================================
Received Import Request.
  Time since last request: 0.000089 seconds.
  path: Assets/Resources/Items.xml
  artifactKey: Guid(69c8656a04bc53a4fa64ee209b6aa5e9) Importer(2089858483,797179f86c6e516b54ff30bda720a719)
Start importing Assets/Resources/Items.xml using Guid(69c8656a04bc53a4fa64ee209b6aa5e9) Importer(2089858483,797179f86c6e516b54ff30bda720a719) (ScriptedImporter) -> (artifact id: '9c39f032f93dac18ed3cc8fea85971db') in 0.1611685 seconds
Number of updated asset objects reloaded before import = 0Number of asset objects unloaded after import = 1

========================================================================
Received Import Request.
  Time since last request: 0.000014 seconds.
  path: Assets/MapToolPack/Icons/Refined_Materials.png
  artifactKey: Guid(46c4a3acef3b22b4588a1cab64c26ae2) Importer(2089858483,797179f86c6e516b54ff30bda720a719)
Start importing Assets/MapToolPack/Icons/Refined_Materials.png using Guid(46c4a3acef3b22b4588a1cab64c26ae2) Importer(2089858483,797179f86c6e516b54ff30bda720a719) (ScriptedImporter) -> (artifact id: '22d051ffdfc984bf411988a2d663ee56') in 0.0298518 seconds
Number of updated asset objects reloaded before import = 0Number of asset objects unloaded after import = 2

========================================================================
Received Import Request.
  Time since last request: 0.000016 seconds.
  path: Assets/Images/MapIconObsTower.png
  artifactKey: Guid(8cfa94877a083f941a1e1b8a891cd327) Importer(2089858483,797179f86c6e516b54ff30bda720a719)
Start importing Assets/Images/MapIconObsTower.png using Guid(8cfa94877a083f941a1e1b8a891cd327) Importer(2089858483,797179f86c6e516b54ff30bda720a719) (ScriptedImporter) -> (artifact id: '49b6b435c51e43d79b508a11d7ab527c') in 0.0289965 seconds
Number of updated asset objects reloaded before import = 0Number of asset objects unloaded after import = 2

========================================================================
Received Import Request.
  Time since last request: 0.000044 seconds.
  path: Assets/Scripts/MapPin.cs
  artifactKey: Guid(ae6f0d87d6036964499eb6826773b236) Importer(2089858483,797179f86c6e516b54ff30bda720a719)
Start importing Assets/Scripts/MapPin.cs using Guid(ae6f0d87d6036964499eb6826773b236) Importer(2089858483,797179f86c6e516b54ff30bda720a719) (ScriptedImporter) -> (artifact id: 'fe05eaa855f65727241296417810403b') in 0.0230305 seconds
Number of updated asset objects reloaded before import = 0Number of asset objects unloaded after import = 0

========================================================================
Received Import Request.
  Time since last request: 0.000083 seconds.
  path: Assets/Scripts/RequestXml.cs
  artifactKey: Guid(8843f59b0bc9d6d42a97ce9eed75892f) Importer(2089858483,797179f86c6e516b54ff30bda720a719)
Start importing Assets/Scripts/RequestXml.cs using Guid(8843f59b0bc9d6d42a97ce9eed75892f) Importer(2089858483,797179f86c6e516b54ff30bda720a719) (ScriptedImporter) -> (artifact id: 'e45321e93b1b714e9d351bf28221cfa7') in 0.0303094 seconds
Number of updated asset objects reloaded before import = 0Number of asset objects unloaded after import = 0

========================================================================
Received Import Request.
  Time since last request: 0.000088 seconds.
  path: Assets/Scripts/NewAccBackBtn.cs
  artifactKey: Guid(08ec36dbf4c9e8f41b378cf19f748c10) Importer(2089858483,797179f86c6e516b54ff30bda720a719)
Start importing Assets/Scripts/NewAccBackBtn.cs using Guid(08ec36dbf4c9e8f41b378cf19f748c10) Importer(2089858483,797179f86c6e516b54ff30bda720a719) (ScriptedImporter) -> (artifact id: '568ed27150a7634b8fa7fbdb96293547') in 0.0261633 seconds
Number of updated asset objects reloaded before import = 0Number of asset objects unloaded after import = 0

========================================================================
Received Import Request.
  Time since last request: 0.000044 seconds.
  path: Assets/Scripts/ItemButton.cs
  artifactKey: Guid(73e8a14b1a213cd4ab65978a935b269b) Importer(2089858483,797179f86c6e516b54ff30bda720a719)
Start importing Assets/Scripts/ItemButton.cs using Guid(73e8a14b1a213cd4ab65978a935b269b) Importer(2089858483,797179f86c6e516b54ff30bda720a719) (ScriptedImporter) -> (artifact id: 'e1ab228b3ab469315c9f7d991b28d9e8') in 0.0293331 seconds
Number of updated asset objects reloaded before import = 0Number of asset objects unloaded after import = 0

========================================================================
Received Import Request.
  Time since last request: 0.000032 seconds.
  path: Assets/MapToolPack/Maps Post 1.0/MapAshFieldsHex.TGA
  artifactKey: Guid(e9f63855a3c1d594cbd4a3a24f5f8269) Importer(2089858483,797179f86c6e516b54ff30bda720a719)
Start importing Assets/MapToolPack/Maps Post 1.0/MapAshFieldsHex.TGA using Guid(e9f63855a3c1d594cbd4a3a24f5f8269) Importer(2089858483,797179f86c6e516b54ff30bda720a719) (ScriptedImporter) -> (artifact id: '593ffbf57e9b0953619c8172c215b040') in 0.0261875 seconds
Number of updated asset objects reloaded before import = 0Number of asset objects unloaded after import = 2

========================================================================
Received Import Request.
  Time since last request: 0.000015 seconds.
  path: Assets/MapToolPack/scr_ui_order_button_controller.cs
  artifactKey: Guid(099a5d403a660cb4987b8ff2bb2b27fd) Importer(2089858483,797179f86c6e516b54ff30bda720a719)
Start importing Assets/MapToolPack/scr_ui_order_button_controller.cs using Guid(099a5d403a660cb4987b8ff2bb2b27fd) Importer(2089858483,797179f86c6e516b54ff30bda720a719) (ScriptedImporter) -> (artifact id: '24eed736d3b7bcd98e649ab47370c193') in 0.0182686 seconds
Number of updated asset objects reloaded before import = 0Number of asset objects unloaded after import = 0

========================================================================
Received Import Request.
  Time since last request: 0.000051 seconds.
  path: Assets/MapToolPack/scr_tile_controller.cs
  artifactKey: Guid(04da188b705c60641ba70efd70a8cf6f) Importer(2089858483,797179f86c6e516b54ff30bda720a719)
Start importing Assets/MapToolPack/scr_tile_controller.cs using Guid(04da188b705c60641ba70efd70a8cf6f) Importer(2089858483,797179f86c6e516b54ff30bda720a719) (ScriptedImporter) -> (artifact id: '2802a6267a0de6ff497f1ecd1c14784a') in 0.068573 seconds
Number of updated asset objects reloaded before import = 0Number of asset objects unloaded after import = 0

========================================================================
Received Import Request.
  Time since last request: 0.000061 seconds.
  path: Assets/Scripts/RequestElement.cs
  artifactKey: Guid(daa6ef480b841c2498d4ee0ddb4ca62a) Importer(2089858483,797179f86c6e516b54ff30bda720a719)
Start importing Assets/Scripts/RequestElement.cs using Guid(daa6ef480b841c2498d4ee0ddb4ca62a) Importer(2089858483,797179f86c6e516b54ff30bda720a719) (ScriptedImporter) -> (artifact id: '553441bc4be5739e32a2b9762f97c8ab') in 0.0389096 seconds
Number of updated asset objects reloaded before import = 0Number of asset objects unloaded after import = 0

========================================================================
Received Import Request.
  Time since last request: 0.000096 seconds.
  path: Assets/Scenes/MainApp.unity
  artifactKey: Guid(29b1cafd84cf0c042afd9c908aa8985b) Importer(2089858483,797179f86c6e516b54ff30bda720a719)
Start importing Assets/Scenes/MainApp.unity using Guid(29b1cafd84cf0c042afd9c908aa8985b) Importer(2089858483,797179f86c6e516b54ff30bda720a719) (ScriptedImporter) -> (artifact id: '037703d2d5f785c12b175dcd8e46b70b') in 0.0563721 seconds
Number of updated asset objects reloaded before import = 0Number of asset objects unloaded after import = 1

========================================================================
Received Import Request.
  Time since last request: 0.000063 seconds.
  path: Assets/ParrelSync/README.md
  artifactKey: Guid(fa3f2fa6aced9b54b970c8996957df3b) Importer(2089858483,797179f86c6e516b54ff30bda720a719)
Start importing Assets/ParrelSync/README.md using Guid(fa3f2fa6aced9b54b970c8996957df3b) Importer(2089858483,797179f86c6e516b54ff30bda720a719) (ScriptedImporter) -> (artifact id: '122eab6518dd5711471e1b7b3fefcf1f') in 0.0654221 seconds
Number of updated asset objects reloaded before import = 0Number of asset objects unloaded after import = 1

========================================================================
Received Import Request.
  Time since last request: 0.000037 seconds.
  path: Assets/MapToolPack/Maps Post 1.0/MapAcrithiaHex.TGA
  artifactKey: Guid(30939eb32ba755b429dbca3e42f4f238) Importer(2089858483,797179f86c6e516b54ff30bda720a719)
Start importing Assets/MapToolPack/Maps Post 1.0/MapAcrithiaHex.TGA using Guid(30939eb32ba755b429dbca3e42f4f238) Importer(2089858483,797179f86c6e516b54ff30bda720a719) (ScriptedImporter) -> (artifact id: '83e7e115fc7c2ed80cdcbeb7b497db69') in 0.084182 seconds
Number of updated asset objects reloaded before import = 0Number of asset objects unloaded after import = 2

========================================================================
Received Import Request.
  Time since last request: 0.000049 seconds.
  path: Assets/Images/Aquila_transparent.png
  artifactKey: Guid(1beb600d7f5fe6b4d956b9f66d0e9910) Importer(2089858483,797179f86c6e516b54ff30bda720a719)
Start importing Assets/Images/Aquila_transparent.png using Guid(1beb600d7f5fe6b4d956b9f66d0e9910) Importer(2089858483,797179f86c6e516b54ff30bda720a719) (ScriptedImporter) -> (artifact id: 'c47852378c4abfddecc9889887fa1fc3') in 0.0355436 seconds
Number of updated asset objects reloaded before import = 0Number of asset objects unloaded after import = 2

========================================================================
Received Import Request.
  Time since last request: 0.000023 seconds.
  path: Assets/Scripts/MapMarkerWindow.cs
  artifactKey: Guid(cd2507ee771e2184ca31079248a04e29) Importer(2089858483,797179f86c6e516b54ff30bda720a719)
Start importing Assets/Scripts/MapMarkerWindow.cs using Guid(cd2507ee771e2184ca31079248a04e29) Importer(2089858483,797179f86c6e516b54ff30bda720a719) (ScriptedImporter) -> (artifact id: '71306ae9c4b57fe98dc66ccbb7c2d9a6') in 0.0992135 seconds
Number of updated asset objects reloaded before import = 0Number of asset objects unloaded after import = 0

========================================================================
Received Import Request.
  Time since last request: 0.000016 seconds.
  path: Assets/Stockpiles.xml
  artifactKey: Guid(a16e4f1449b0db84b914776b14cefe03) Importer(2089858483,797179f86c6e516b54ff30bda720a719)
Start importing Assets/Stockpiles.xml using Guid(a16e4f1449b0db84b914776b14cefe03) Importer(2089858483,797179f86c6e516b54ff30bda720a719) (ScriptedImporter) -> (artifact id: '89615aa812337c7b5f8f88564912fdbe') in 0.1336806 seconds
Number of updated asset objects reloaded before import = 0Number of asset objects unloaded after import = 1

========================================================================
Received Import Request.
  Time since last request: 0.000040 seconds.
  path: Assets/MapToolPack/Maps Post 1.0/MapWestgateHex.TGA
  artifactKey: Guid(66410548bd594bb4fbd02cec7849fd36) Importer(2089858483,797179f86c6e516b54ff30bda720a719)
Start importing Assets/MapToolPack/Maps Post 1.0/MapWestgateHex.TGA using Guid(66410548bd594bb4fbd02cec7849fd36) Importer(2089858483,797179f86c6e516b54ff30bda720a719) (ScriptedImporter) -> (artifact id: '2a51d0b7f10d7eb4afb8cb21624ba165') in 0.0438992 seconds
Number of updated asset objects reloaded before import = 0Number of asset objects unloaded after import = 2

========================================================================
Received Import Request.
  Time since last request: 0.000014 seconds.
  path: Assets/MapToolPack/Maps Post 1.0/MapClansheadValleyHex.TGA
  artifactKey: Guid(e19176c2be3698940a27e455b490970f) Importer(2089858483,797179f86c6e516b54ff30bda720a719)
Start importing Assets/MapToolPack/Maps Post 1.0/MapClansheadValleyHex.TGA using Guid(e19176c2be3698940a27e455b490970f) Importer(2089858483,797179f86c6e516b54ff30bda720a719) (ScriptedImporter) -> (artifact id: '3c452db52eff2329588a6a768db01596') in 0.0393308 seconds
Number of updated asset objects reloaded before import = 0Number of asset objects unloaded after import = 2

========================================================================
Received Import Request.
  Time since last request: 0.000022 seconds.
  path: Assets/MapToolPack/Maps Post 1.0/MapTempestIslandHex.TGA
  artifactKey: Guid(b69569829a1e458498b3f809a1500cbf) Importer(2089858483,797179f86c6e516b54ff30bda720a719)
Start importing Assets/MapToolPack/Maps Post 1.0/MapTempestIslandHex.TGA using Guid(b69569829a1e458498b3f809a1500cbf) Importer(2089858483,797179f86c6e516b54ff30bda720a719) (ScriptedImporter) -> (artifact id: '4886fbaa2aeb5d3e18d903b62dbfacaf') in 0.036248 seconds
Number of updated asset objects reloaded before import = 0Number of asset objects unloaded after import = 2

========================================================================
Received Import Request.
  Time since last request: 0.000027 seconds.
  path: Assets/MapToolPack/Maps Post 1.0/MapViperPitHex.TGA
  artifactKey: Guid(1cd11bf226d0c0f449cb3e777d628e77) Importer(2089858483,797179f86c6e516b54ff30bda720a719)
Start importing Assets/MapToolPack/Maps Post 1.0/MapViperPitHex.TGA using Guid(1cd11bf226d0c0f449cb3e777d628e77) Importer(2089858483,797179f86c6e516b54ff30bda720a719) (ScriptedImporter) -> (artifact id: '2a898ac7c19d73fb20b154acc545095e') in 0.0622754 seconds
Number of updated asset objects reloaded before import = 0Number of asset objects unloaded after import = 2

========================================================================
Received Import Request.
  Time since last request: 0.000013 seconds.
  path: Assets/MapToolPack/Maps Post 1.0/MapMooringCountyHex.TGA
  artifactKey: Guid(465e4d4bbff860d4096e82992f9b0be9) Importer(2089858483,797179f86c6e516b54ff30bda720a719)
Start importing Assets/MapToolPack/Maps Post 1.0/MapMooringCountyHex.TGA using Guid(465e4d4bbff860d4096e82992f9b0be9) Importer(2089858483,797179f86c6e516b54ff30bda720a719) (ScriptedImporter) -> (artifact id: '94a0ca7e8db731b4c279cf9904ecf7b8') in 0.0617805 seconds
Number of updated asset objects reloaded before import = 0Number of asset objects unloaded after import = 2

========================================================================
Received Import Request.
  Time since last request: 0.000023 seconds.
  path: Assets/MapToolPack/Maps Post 1.0/MapMorgensCrossingHex.TGA
  artifactKey: Guid(45195744b77d7864c8d11ac56bca0ed9) Importer(2089858483,797179f86c6e516b54ff30bda720a719)
Start importing Assets/MapToolPack/Maps Post 1.0/MapMorgensCrossingHex.TGA using Guid(45195744b77d7864c8d11ac56bca0ed9) Importer(2089858483,797179f86c6e516b54ff30bda720a719) (ScriptedImporter) -> (artifact id: 'b35116c0925779a921b8053a99277176') in 0.0335841 seconds
Number of updated asset objects reloaded before import = 0Number of asset objects unloaded after import = 2

========================================================================
Received Import Request.
  Time since last request: 0.000024 seconds.
  path: Assets/MapToolPack/Maps/BGOneWorldMap.TGA
  artifactKey: Guid(c79eab33e1d2a4740b90f383e23d3315) Importer(2089858483,797179f86c6e516b54ff30bda720a719)
Start importing Assets/MapToolPack/Maps/BGOneWorldMap.TGA using Guid(c79eab33e1d2a4740b90f383e23d3315) Importer(2089858483,797179f86c6e516b54ff30bda720a719) (ScriptedImporter) -> (artifact id: '9120b0de6906bda4cb32c85492f5602f') in 0.0697263 seconds
Number of updated asset objects reloaded before import = 0Number of asset objects unloaded after import = 2

========================================================================
Received Import Request.
  Time since last request: 0.000055 seconds.
  path: Assets/MapToolPack/Maps Post 1.0/MapRedRiverHex.TGA
  artifactKey: Guid(a6a5a0207e46bec4193db01c0c071ab7) Importer(2089858483,797179f86c6e516b54ff30bda720a719)
Start importing Assets/MapToolPack/Maps Post 1.0/MapRedRiverHex.TGA using Guid(a6a5a0207e46bec4193db01c0c071ab7) Importer(2089858483,797179f86c6e516b54ff30bda720a719) (ScriptedImporter) -> (artifact id: 'fc7c44116f7d850b130f206c691e4548') in 0.0438266 seconds
Number of updated asset objects reloaded before import = 0Number of asset objects unloaded after import = 2

========================================================================
Received Import Request.
  Time since last request: 0.000015 seconds.
  path: Assets/MapToolPack/Maps Post 1.0/MapFishermansRowHex.TGA
  artifactKey: Guid(8997809ca3b4b9f4782abd45a2428374) Importer(2089858483,797179f86c6e516b54ff30bda720a719)
Start importing Assets/MapToolPack/Maps Post 1.0/MapFishermansRowHex.TGA using Guid(8997809ca3b4b9f4782abd45a2428374) Importer(2089858483,797179f86c6e516b54ff30bda720a719) (ScriptedImporter) -> (artifact id: '8abb8e7bbd7bd15ac6ca6c8ed2aafaaf') in 0.0419179 seconds
Number of updated asset objects reloaded before import = 0Number of asset objects unloaded after import = 2

========================================================================
Received Import Request.
  Time since last request: 0.000014 seconds.
  path: Assets/MapToolPack/Maps Post 1.0/MapKingsCageHex.TGA
  artifactKey: Guid(741b1f4b8cb26ba4ba07101b6ff054c4) Importer(2089858483,797179f86c6e516b54ff30bda720a719)
Start importing Assets/MapToolPack/Maps Post 1.0/MapKingsCageHex.TGA using Guid(741b1f4b8cb26ba4ba07101b6ff054c4) Importer(2089858483,797179f86c6e516b54ff30bda720a719) (ScriptedImporter) -> (artifact id: '785ac0b324aa1b7ee4872ce5b23046fb') in 0.0561173 seconds
Number of updated asset objects reloaded before import = 0Number of asset objects unloaded after import = 2

========================================================================
Received Import Request.
  Time since last request: 0.000017 seconds.
  path: Assets/MapToolPack/Maps/MapAcrithiaHex.TGA
  artifactKey: Guid(7f5531a96ab8fbf44bfe577e386a4288) Importer(2089858483,797179f86c6e516b54ff30bda720a719)
Start importing Assets/MapToolPack/Maps/MapAcrithiaHex.TGA using Guid(7f5531a96ab8fbf44bfe577e386a4288) Importer(2089858483,797179f86c6e516b54ff30bda720a719) (ScriptedImporter) -> (artifact id: 'eaec62a69c6542e306abd34fc2bc7df3') in 0.035931 seconds
Number of updated asset objects reloaded before import = 0Number of asset objects unloaded after import = 2

========================================================================
Received Import Request.
  Time since last request: 0.000027 seconds.
  path: Assets/MapToolPack/Maps Post 1.0/MapWeatheredExpanseHex.TGA
  artifactKey: Guid(f5d442bb40b52054eb22f8f7ad5d4224) Importer(2089858483,797179f86c6e516b54ff30bda720a719)
Start importing Assets/MapToolPack/Maps Post 1.0/MapWeatheredExpanseHex.TGA using Guid(f5d442bb40b52054eb22f8f7ad5d4224) Importer(2089858483,797179f86c6e516b54ff30bda720a719) (ScriptedImporter) -> (artifact id: '3e54ac6513fd811fa865ee37ecb5f0b3') in 0.0749458 seconds
Number of updated asset objects reloaded before import = 0Number of asset objects unloaded after import = 2

========================================================================
Received Import Request.
  Time since last request: 0.000013 seconds.
  path: Assets/Images/Transmission.png
  artifactKey: Guid(f86e3c0e676c89043b9727e033d2d095) Importer(2089858483,797179f86c6e516b54ff30bda720a719)
Start importing Assets/Images/Transmission.png using Guid(f86e3c0e676c89043b9727e033d2d095) Importer(2089858483,797179f86c6e516b54ff30bda720a719) (ScriptedImporter) -> (artifact id: 'f3082a6cdeb3e64853c5d64e0c90b376') in 0.0400833 seconds
Number of updated asset objects reloaded before import = 0Number of asset objects unloaded after import = 2

========================================================================
Received Import Request.
  Time since last request: 0.000017 seconds.
  path: Assets/MapToolPack/Maps Post 1.0/MapStonecradleHex.TGA
  artifactKey: Guid(f85c17c795583924b8af5e7f0def4270) Importer(2089858483,797179f86c6e516b54ff30bda720a719)
Start importing Assets/MapToolPack/Maps Post 1.0/MapStonecradleHex.TGA using Guid(f85c17c795583924b8af5e7f0def4270) Importer(2089858483,797179f86c6e516b54ff30bda720a719) (ScriptedImporter) -> (artifact id: 'd7e90c6cc8a29b77eba14c3999be83fa') in 0.0620912 seconds
Number of updated asset objects reloaded before import = 0Number of asset objects unloaded after import = 2

========================================================================
Received Import Request.
  Time since last request: 0.000019 seconds.
  path: Assets/MapToolPack/Icons/Concrete_Materials_Icon.png
  artifactKey: Guid(dbfae50ac2ebf9b4ea74fa3304077ef6) Importer(2089858483,797179f86c6e516b54ff30bda720a719)
Start importing Assets/MapToolPack/Icons/Concrete_Materials_Icon.png using Guid(dbfae50ac2ebf9b4ea74fa3304077ef6) Importer(2089858483,797179f86c6e516b54ff30bda720a719) (ScriptedImporter) -> (artifact id: 'b11430f4d40a178b1aa89b7601a2c095') in 0.0474216 seconds
Number of updated asset objects reloaded before import = 0Number of asset objects unloaded after import = 2

========================================================================
Received Import Request.
  Time since last request: 0.000024 seconds.
  path: Assets/MapToolPack/Maps/MapCallumsCapeHex.TGA
  artifactKey: Guid(fc108ac7424e7294e8b04a539fd386d5) Importer(2089858483,797179f86c6e516b54ff30bda720a719)
Start importing Assets/MapToolPack/Maps/MapCallumsCapeHex.TGA using Guid(fc108ac7424e7294e8b04a539fd386d5) Importer(2089858483,797179f86c6e516b54ff30bda720a719) (ScriptedImporter) -> (artifact id: '641cf0334f4383c11fff3ac0ad41b3ee') in 0.0292993 seconds
Number of updated asset objects reloaded before import = 0Number of asset objects unloaded after import = 2

========================================================================
Received Import Request.
  Time since last request: 0.000047 seconds.
  path: Assets/MapToolPack/Maps Post 1.0/MapEndlessShoreHex.TGA
  artifactKey: Guid(8418a87053d37b74193cd18232cba812) Importer(2089858483,797179f86c6e516b54ff30bda720a719)
Start importing Assets/MapToolPack/Maps Post 1.0/MapEndlessShoreHex.TGA using Guid(8418a87053d37b74193cd18232cba812) Importer(2089858483,797179f86c6e516b54ff30bda720a719) (ScriptedImporter) -> (artifact id: '4028c0f96e114e950c6c191caaf94015') in 0.0284677 seconds
Number of updated asset objects reloaded before import = 0Number of asset objects unloaded after import = 2

========================================================================
Received Import Request.
  Time since last request: 0.000015 seconds.
  path: Assets/Images/ShinanoSlumber.jpg
  artifactKey: Guid(302337bb96c02ce4bbbc60218cd3aac3) Importer(2089858483,797179f86c6e516b54ff30bda720a719)
Start importing Assets/Images/ShinanoSlumber.jpg using Guid(302337bb96c02ce4bbbc60218cd3aac3) Importer(2089858483,797179f86c6e516b54ff30bda720a719) (ScriptedImporter) -> (artifact id: '4b968ee03e280e9fef2fca13302792eb') in 0.1491747 seconds
Number of updated asset objects reloaded before import = 0Number of asset objects unloaded after import = 2

========================================================================
Received Import Request.
  Time since last request: 0.000030 seconds.
  path: Assets/Mirror/Readme.txt
  artifactKey: Guid(f6d84e019c68446f28415a923b460a03) Importer(2089858483,797179f86c6e516b54ff30bda720a719)
Start importing Assets/Mirror/Readme.txt using Guid(f6d84e019c68446f28415a923b460a03) Importer(2089858483,797179f86c6e516b54ff30bda720a719) (ScriptedImporter) -> (artifact id: 'c03761f5d8e15bb37b1bb976c421ad51') in 0.0320261 seconds
Number of updated asset objects reloaded before import = 0Number of asset objects unloaded after import = 1

========================================================================
Received Import Request.
  Time since last request: 0.000043 seconds.
  path: Assets/Images/82DK_Icon.png
  artifactKey: Guid(a0295f61b3f7d2843b94f19e54d30b7c) Importer(2089858483,797179f86c6e516b54ff30bda720a719)
Start importing Assets/Images/82DK_Icon.png using Guid(a0295f61b3f7d2843b94f19e54d30b7c) Importer(2089858483,797179f86c6e516b54ff30bda720a719) (ScriptedImporter) -> (artifact id: '50e4f12f41d226fa3f4d36f217ef63aa') in 0.0261478 seconds
Number of updated asset objects reloaded before import = 0Number of asset objects unloaded after import = 2

========================================================================
Received Import Request.
  Time since last request: 0.000016 seconds.
  path: Assets/Scripts/LocalUser.cs
  artifactKey: Guid(cc7041e1a42e4784eb60c28449d45588) Importer(2089858483,797179f86c6e516b54ff30bda720a719)
Start importing Assets/Scripts/LocalUser.cs using Guid(cc7041e1a42e4784eb60c28449d45588) Importer(2089858483,797179f86c6e516b54ff30bda720a719) (ScriptedImporter) -> (artifact id: '970468e08e9bafe84e35bc8a5bd871a1') in 0.0253486 seconds
Number of updated asset objects reloaded before import = 0Number of asset objects unloaded after import = 0

========================================================================
Received Import Request.
  Time since last request: 0.000049 seconds.
  path: Assets/Scripts/MapUIManager.cs
  artifactKey: Guid(cd5cdf1ca4c71204bbb24f9d19d9a5b5) Importer(2089858483,797179f86c6e516b54ff30bda720a719)
Start importing Assets/Scripts/MapUIManager.cs using Guid(cd5cdf1ca4c71204bbb24f9d19d9a5b5) Importer(2089858483,797179f86c6e516b54ff30bda720a719) (ScriptedImporter) -> (artifact id: '51e568c62e5dab40c535179b3bf7bc84') in 0.0210284 seconds
Number of updated asset objects reloaded before import = 0Number of asset objects unloaded after import = 0

========================================================================
Received Import Request.
  Time since last request: 0.000054 seconds.
  path: Assets/Images/EdgeSprite.png
  artifactKey: Guid(99b32d894e41d7241aa23941983ecee6) Importer(2089858483,797179f86c6e516b54ff30bda720a719)
Start importing Assets/Images/EdgeSprite.png using Guid(99b32d894e41d7241aa23941983ecee6) Importer(2089858483,797179f86c6e516b54ff30bda720a719) (ScriptedImporter) -> (artifact id: 'd7f60fa9ddc2c7a0dc1f3b16e5a1e3bf') in 0.0182696 seconds
Number of updated asset objects reloaded before import = 0Number of asset objects unloaded after import = 2

========================================================================
Received Import Request.
  Time since last request: 0.000031 seconds.
  path: Assets/Scripts/TickTimerSystem.cs
  artifactKey: Guid(2b075c8734f7e0e499f9d90b37334601) Importer(2089858483,797179f86c6e516b54ff30bda720a719)
Start importing Assets/Scripts/TickTimerSystem.cs using Guid(2b075c8734f7e0e499f9d90b37334601) Importer(2089858483,797179f86c6e516b54ff30bda720a719) (ScriptedImporter) -> (artifact id: '6f74dade76e4359bb5c31b8849b2fe4b') in 0.0192743 seconds
Number of updated asset objects reloaded before import = 0Number of asset objects unloaded after import = 0

========================================================================
Received Import Request.
  Time since last request: 0.000110 seconds.
  path: Assets/MapToolPack/Maps Post 1.0/MapKalokaiHex.TGA
  artifactKey: Guid(a1ef20de91ff2ba4f8624509e0acfb42) Importer(2089858483,797179f86c6e516b54ff30bda720a719)
Start importing Assets/MapToolPack/Maps Post 1.0/MapKalokaiHex.TGA using Guid(a1ef20de91ff2ba4f8624509e0acfb42) Importer(2089858483,797179f86c6e516b54ff30bda720a719) (ScriptedImporter) -> (artifact id: '52418db2eecf384511b936283a0b4c16') in 0.0313467 seconds
Number of updated asset objects reloaded before import = 0Number of asset objects unloaded after import = 2

========================================================================
Received Import Request.
  Time since last request: 0.000013 seconds.
  path: Assets/MapToolPack/Maps/MapBasinSionnachHex.TGA
  artifactKey: Guid(927c6fa2087f9f8469c84a4fd148435f) Importer(2089858483,797179f86c6e516b54ff30bda720a719)
Start importing Assets/MapToolPack/Maps/MapBasinSionnachHex.TGA using Guid(927c6fa2087f9f8469c84a4fd148435f) Importer(2089858483,797179f86c6e516b54ff30bda720a719) (ScriptedImporter) -> (artifact id: 'feff8d6541344352fbf7b44556a2ff05') in 0.0308134 seconds
Number of updated asset objects reloaded before import = 0Number of asset objects unloaded after import = 2

========================================================================
Received Import Request.
  Time since last request: 0.000037 seconds.
  path: Assets/MapToolPack/Icons/HeavyExplosiveMaterialIcon.png
  artifactKey: Guid(f0c520cd01b49484d8f99eb939238a3e) Importer(2089858483,797179f86c6e516b54ff30bda720a719)
Start importing Assets/MapToolPack/Icons/HeavyExplosiveMaterialIcon.png using Guid(f0c520cd01b49484d8f99eb939238a3e) Importer(2089858483,797179f86c6e516b54ff30bda720a719) (ScriptedImporter) -> (artifact id: 'ac2aaf9970727f347e9a32def103c2a2') in 0.0304286 seconds
Number of updated asset objects reloaded before import = 0Number of asset objects unloaded after import = 2

========================================================================
Received Import Request.
  Time since last request: 0.000016 seconds.
  path: Assets/Scripts/OAuthListener.cs
  artifactKey: Guid(413a4f4c206e14d4ab36ba44f840474a) Importer(2089858483,797179f86c6e516b54ff30bda720a719)
Start importing Assets/Scripts/OAuthListener.cs using Guid(413a4f4c206e14d4ab36ba44f840474a) Importer(2089858483,797179f86c6e516b54ff30bda720a719) (ScriptedImporter) -> (artifact id: 'ce990baa1da26140faf1271a80f49993') in 0.030626 seconds
Number of updated asset objects reloaded before import = 0Number of asset objects unloaded after import = 0

========================================================================
Received Import Request.
  Time since last request: 0.000108 seconds.
  path: Assets/Scenes/OfflineScreen.unity
  artifactKey: Guid(7fd015d79cc2def4ca8b81456023d454) Importer(2089858483,797179f86c6e516b54ff30bda720a719)
Start importing Assets/Scenes/OfflineScreen.unity using Guid(7fd015d79cc2def4ca8b81456023d454) Importer(2089858483,797179f86c6e516b54ff30bda720a719) (ScriptedImporter) -> (artifact id: 'd38eb543496cef5608a48a414d329d4d') in 0.0303608 seconds
Number of updated asset objects reloaded before import = 0Number of asset objects unloaded after import = 1

========================================================================
Received Import Request.
  Time since last request: 0.000121 seconds.
  path: Assets/GPM/Communicator/gpm_communicator.asmdef
  artifactKey: Guid(a4b8a8604eef78c4c86d6ece3947e813) Importer(2089858483,797179f86c6e516b54ff30bda720a719)
Start importing Assets/GPM/Communicator/gpm_communicator.asmdef using Guid(a4b8a8604eef78c4c86d6ece3947e813) Importer(2089858483,797179f86c6e516b54ff30bda720a719) (ScriptedImporter) -> (artifact id: 'd2306ba6c5fd1bdb952d137bf9c34223') in 0.0711128 seconds
Number of updated asset objects reloaded before import = 0Number of asset objects unloaded after import = 1

========================================================================
Received Import Request.
  Time since last request: 0.000020 seconds.
  path: Assets/MapToolPack/Maps/MapWeatheredExpanseHex.TGA
  artifactKey: Guid(440739e4f8254f246a92473675159534) Importer(2089858483,797179f86c6e516b54ff30bda720a719)
Start importing Assets/MapToolPack/Maps/MapWeatheredExpanseHex.TGA using Guid(440739e4f8254f246a92473675159534) Importer(2089858483,797179f86c6e516b54ff30bda720a719) (ScriptedImporter) -> (artifact id: '899a5633b6eb0be722d15c215ab04051') in 0.0269309 seconds
Number of updated asset objects reloaded before import = 0Number of asset objects unloaded after import = 2

========================================================================
Received Import Request.
  Time since last request: 0.000017 seconds.
  path: Assets/MapToolPack/Maps/MapHowlCountyHex.TGA
  artifactKey: Guid(5612185b2c685be4d963f2b7aab946c9) Importer(2089858483,797179f86c6e516b54ff30bda720a719)
Start importing Assets/MapToolPack/Maps/MapHowlCountyHex.TGA using Guid(5612185b2c685be4d963f2b7aab946c9) Importer(2089858483,797179f86c6e516b54ff30bda720a719) (ScriptedImporter) -> (artifact id: '49f7606452ac6d7ca8957238d0a6b8f0') in 0.02571 seconds
Number of updated asset objects reloaded before import = 0Number of asset objects unloaded after import = 2

========================================================================
Received Import Request.
  Time since last request: 0.000039 seconds.
  path: Assets/MapToolPack/Maps/MapHomeRegionC.TGA
  artifactKey: Guid(389cdf8a054dcba4f8d80017dc8e5f68) Importer(2089858483,797179f86c6e516b54ff30bda720a719)
Start importing Assets/MapToolPack/Maps/MapHomeRegionC.TGA using Guid(389cdf8a054dcba4f8d80017dc8e5f68) Importer(2089858483,797179f86c6e516b54ff30bda720a719) (ScriptedImporter) -> (artifact id: 'f1a38bd765abfd0584e62a9a8b8fba7e') in 0.0342945 seconds
Number of updated asset objects reloaded before import = 0Number of asset objects unloaded after import = 2

========================================================================
Received Import Request.
  Time since last request: 0.000023 seconds.
  path: Assets/Mirror/Editor/EnterPlayModeSettingsCheck.cs
  artifactKey: Guid(b15a0d2ca0909400eb53dd6fe894cddd) Importer(2089858483,797179f86c6e516b54ff30bda720a719)
Start importing Assets/Mirror/Editor/EnterPlayModeSettingsCheck.cs using Guid(b15a0d2ca0909400eb53dd6fe894cddd) Importer(2089858483,797179f86c6e516b54ff30bda720a719) (ScriptedImporter) -> (artifact id: 'c32b00ab306cf94d2fd1073dccae30cc') in 0.0294564 seconds
Number of updated asset objects reloaded before import = 0Number of asset objects unloaded after import = 0

========================================================================
Received Import Request.
  Time since last request: 0.000051 seconds.
  path: Assets/MapToolPack/Maps/MapOarbreakerHex.TGA
  artifactKey: Guid(320a5947716b436458fb2897b1232407) Importer(2089858483,797179f86c6e516b54ff30bda720a719)
Start importing Assets/MapToolPack/Maps/MapOarbreakerHex.TGA using Guid(320a5947716b436458fb2897b1232407) Importer(2089858483,797179f86c6e516b54ff30bda720a719) (ScriptedImporter) -> (artifact id: '86862717c4b63fa3e52bcc8e3ff00a41') in 0.0330297 seconds
Number of updated asset objects reloaded before import = 0Number of asset objects unloaded after import = 2

========================================================================
Received Import Request.
  Time since last request: 0.000014 seconds.
  path: Assets/MapToolPack/Maps/MapOriginHex.TGA
  artifactKey: Guid(2ea5158ca721ee4429c50352ce799217) Importer(2089858483,797179f86c6e516b54ff30bda720a719)
Start importing Assets/MapToolPack/Maps/MapOriginHex.TGA using Guid(2ea5158ca721ee4429c50352ce799217) Importer(2089858483,797179f86c6e516b54ff30bda720a719) (ScriptedImporter) -> (artifact id: '487c866ee6159c330065bd65833bda10') in 0.031171 seconds
Number of updated asset objects reloaded before import = 0Number of asset objects unloaded after import = 2

========================================================================
Received Import Request.
  Time since last request: 0.000019 seconds.
  path: Assets/MapToolPack/Maps/MapRedRiverHex.TGA
  artifactKey: Guid(ca5bcfcbd0602dd43a7a4c1ebc05db9a) Importer(2089858483,797179f86c6e516b54ff30bda720a719)
Start importing Assets/MapToolPack/Maps/MapRedRiverHex.TGA using Guid(ca5bcfcbd0602dd43a7a4c1ebc05db9a) Importer(2089858483,797179f86c6e516b54ff30bda720a719) (ScriptedImporter) -> (artifact id: '9aaa0832d1699c8ccb79920348051b85') in 0.0291047 seconds
Number of updated asset objects reloaded before import = 0Number of asset objects unloaded after import = 2

========================================================================
Received Import Request.
  Time since last request: 0.000020 seconds.
  path: Assets/MapToolPack/Maps Post 1.0/MapReachingTrailHex.TGA
  artifactKey: Guid(ba2ce6bb1aed61c44a46ff298f2c4279) Importer(2089858483,797179f86c6e516b54ff30bda720a719)
Start importing Assets/MapToolPack/Maps Post 1.0/MapReachingTrailHex.TGA using Guid(ba2ce6bb1aed61c44a46ff298f2c4279) Importer(2089858483,797179f86c6e516b54ff30bda720a719) (ScriptedImporter) -> (artifact id: '276377c709659120f780e0325a0eefea') in 0.033572 seconds
Number of updated asset objects reloaded before import = 0Number of asset objects unloaded after import = 2

========================================================================
Received Import Request.
  Time since last request: 0.000019 seconds.
  path: Assets/MapToolPack/Maps Post 1.0/MapHeartlandsHex.TGA
  artifactKey: Guid(1dfb7d0e615642b44ab15747e9058e40) Importer(2089858483,797179f86c6e516b54ff30bda720a719)
Start importing Assets/MapToolPack/Maps Post 1.0/MapHeartlandsHex.TGA using Guid(1dfb7d0e615642b44ab15747e9058e40) Importer(2089858483,797179f86c6e516b54ff30bda720a719) (ScriptedImporter) -> (artifact id: '9c3be1a7fbd067cd559556c31e6b9c2e') in 0.0296933 seconds
Number of updated asset objects reloaded before import = 0Number of asset objects unloaded after import = 2

========================================================================
Received Import Request.
  Time since last request: 0.000031 seconds.
  path: Assets/MapToolPack/Maps/MapGodcroftsHex.TGA
  artifactKey: Guid(679a3a96688ac1249b32888a553511e8) Importer(2089858483,797179f86c6e516b54ff30bda720a719)
Start importing Assets/MapToolPack/Maps/MapGodcroftsHex.TGA using Guid(679a3a96688ac1249b32888a553511e8) Importer(2089858483,797179f86c6e516b54ff30bda720a719) (ScriptedImporter) -> (artifact id: '3f28da76b8318a30ef7c5f9bc8e093e8') in 0.0373523 seconds
Number of updated asset objects reloaded before import = 0Number of asset objects unloaded after import = 2

========================================================================
Received Import Request.
  Time since last request: 0.000016 seconds.
  path: Assets/Mirror/Components/NetworkPingDisplay.cs
  artifactKey: Guid(bc654f29862fc2643b948f772ebb9e68) Importer(2089858483,797179f86c6e516b54ff30bda720a719)
Start importing Assets/Mirror/Components/NetworkPingDisplay.cs using Guid(bc654f29862fc2643b948f772ebb9e68) Importer(2089858483,797179f86c6e516b54ff30bda720a719) (ScriptedImporter) -> (artifact id: 'd2ffcb9a45a5bee11a4742fb8cbed05a') in 0.0320537 seconds
Number of updated asset objects reloaded before import = 0Number of asset objects unloaded after import = 0

========================================================================
Received Import Request.
  Time since last request: 0.000043 seconds.
  path: Assets/Mirror/Authenticators/BasicAuthenticator.cs
  artifactKey: Guid(28496b776660156428f00cf78289c1ec) Importer(2089858483,797179f86c6e516b54ff30bda720a719)
Start importing Assets/Mirror/Authenticators/BasicAuthenticator.cs using Guid(28496b776660156428f00cf78289c1ec) Importer(2089858483,797179f86c6e516b54ff30bda720a719) (ScriptedImporter) -> (artifact id: '90aa492fb280b565e4bff63b0bfd8a22') in 0.0310811 seconds
Number of updated asset objects reloaded before import = 0Number of asset objects unloaded after import = 0

========================================================================
Received Import Request.
  Time since last request: 0.000022 seconds.
  path: Assets/Scripts/Crate.cs
  artifactKey: Guid(259a236441fd8454493d4ffd97cf3fc0) Importer(2089858483,797179f86c6e516b54ff30bda720a719)
Start importing Assets/Scripts/Crate.cs using Guid(259a236441fd8454493d4ffd97cf3fc0) Importer(2089858483,797179f86c6e516b54ff30bda720a719) (ScriptedImporter) -> (artifact id: '1482f82b2598401b33319ae2833724f6') in 0.0292492 seconds
Number of updated asset objects reloaded before import = 0Number of asset objects unloaded after import = 0

========================================================================
Received Import Request.
  Time since last request: 0.000073 seconds.
  path: Assets/Scripts/CrateInteractWindow.cs
  artifactKey: Guid(4030955630ea68a4d8194079cd53080f) Importer(2089858483,797179f86c6e516b54ff30bda720a719)
Start importing Assets/Scripts/CrateInteractWindow.cs using Guid(4030955630ea68a4d8194079cd53080f) Importer(2089858483,797179f86c6e516b54ff30bda720a719) (ScriptedImporter) -> (artifact id: '03970dee6ae926ddaad6d01843a70343') in 0.0223878 seconds
Number of updated asset objects reloaded before import = 0Number of asset objects unloaded after import = 0

========================================================================
Received Import Request.
  Time since last request: 0.000083 seconds.
  path: Assets/154278.xml
  artifactKey: Guid(af63990a0ba758d4d9cd6b6147283062) Importer(2089858483,797179f86c6e516b54ff30bda720a719)
Start importing Assets/154278.xml using Guid(af63990a0ba758d4d9cd6b6147283062) Importer(2089858483,797179f86c6e516b54ff30bda720a719) (ScriptedImporter) -> (artifact id: '53ee51aecc2f1761eea419e02912e93d') in 0.0436945 seconds
Number of updated asset objects reloaded before import = 0Number of asset objects unloaded after import = 1

========================================================================
Received Import Request.
  Time since last request: 0.000020 seconds.
  path: Assets/MapToolPack/Maps Post 1.0/MapSpeakingWoodsHex.TGA
  artifactKey: Guid(2a70ab9c5ecff5e489fb150c9bd3a9fa) Importer(2089858483,797179f86c6e516b54ff30bda720a719)
Start importing Assets/MapToolPack/Maps Post 1.0/MapSpeakingWoodsHex.TGA using Guid(2a70ab9c5ecff5e489fb150c9bd3a9fa) Importer(2089858483,797179f86c6e516b54ff30bda720a719) (ScriptedImporter) -> (artifact id: 'e52d9582f2d2dccb340f6796077d8176') in 0.0214084 seconds
Number of updated asset objects reloaded before import = 0Number of asset objects unloaded after import = 2

========================================================================
Received Import Request.
  Time since last request: 0.000015 seconds.
  path: Assets/Mirror/Components/AssemblyInfo.cs
  artifactKey: Guid(a65b9283f7a724e70b8e17cb277f4c1e) Importer(2089858483,797179f86c6e516b54ff30bda720a719)
Start importing Assets/Mirror/Components/AssemblyInfo.cs using Guid(a65b9283f7a724e70b8e17cb277f4c1e) Importer(2089858483,797179f86c6e516b54ff30bda720a719) (ScriptedImporter) -> (artifact id: 'b851ab2c04a0f824467c141fabd09f1f') in 0.025868 seconds
Number of updated asset objects reloaded before import = 0Number of asset objects unloaded after import = 0

========================================================================
Received Import Request.
  Time since last request: 0.000040 seconds.
  path: Assets/GPM/Common/GpmCommon.cs
  artifactKey: Guid(f3d4896632b4f084fb53aa2bc2e6e2f3) Importer(2089858483,797179f86c6e516b54ff30bda720a719)
Start importing Assets/GPM/Common/GpmCommon.cs using Guid(f3d4896632b4f084fb53aa2bc2e6e2f3) Importer(2089858483,797179f86c6e516b54ff30bda720a719) (ScriptedImporter) -> (artifact id: '88d808a292d8e28ddc98c14f19c199d4') in 0.0306443 seconds
Number of updated asset objects reloaded before import = 0Number of asset objects unloaded after import = 0

========================================================================
Received Import Request.
  Time since last request: 0.000020 seconds.
  path: Assets/MapToolPack/scr_map_marker_controller.cs
  artifactKey: Guid(bbb3e503a2d52054f9066e73f8621a77) Importer(2089858483,797179f86c6e516b54ff30bda720a719)
Start importing Assets/MapToolPack/scr_map_marker_controller.cs using Guid(bbb3e503a2d52054f9066e73f8621a77) Importer(2089858483,797179f86c6e516b54ff30bda720a719) (ScriptedImporter) -> (artifact id: 'daa2a963e9e0e4c6906792dbb764c471') in 0.0357983 seconds
Number of updated asset objects reloaded before import = 0Number of asset objects unloaded after import = 0

========================================================================
Received Import Request.
  Time since last request: 0.000082 seconds.
  path: Assets/MapToolPack/Maps/MapCallahansPassageHex.TGA
  artifactKey: Guid(7af6f9bcaed1c3d4b8d91ec46d8d97db) Importer(2089858483,797179f86c6e516b54ff30bda720a719)
Start importing Assets/MapToolPack/Maps/MapCallahansPassageHex.TGA using Guid(7af6f9bcaed1c3d4b8d91ec46d8d97db) Importer(2089858483,797179f86c6e516b54ff30bda720a719) (ScriptedImporter) -> (artifact id: '527757435c7de49083dd6240f550623d') in 0.0338425 seconds
Number of updated asset objects reloaded before import = 0Number of asset objects unloaded after import = 2

========================================================================
Received Import Request.
  Time since last request: 0.000015 seconds.
  path: Assets/MapToolPack/Maps/MapLochMorHex.TGA
  artifactKey: Guid(8daec8f4ebea93a4ab683dd5e1a9e826) Importer(2089858483,797179f86c6e516b54ff30bda720a719)
Start importing Assets/MapToolPack/Maps/MapLochMorHex.TGA using Guid(8daec8f4ebea93a4ab683dd5e1a9e826) Importer(2089858483,797179f86c6e516b54ff30bda720a719) (ScriptedImporter) -> (artifact id: 'bd0a794e027ef471606fd5ec879afd30') in 0.0337731 seconds
Number of updated asset objects reloaded before import = 0Number of asset objects unloaded after import = 2

========================================================================
Received Import Request.
  Time since last request: 0.000030 seconds.
  path: Assets/Mirror/Components/NetworkRoomPlayer.cs
  artifactKey: Guid(79874ac94d5b1314788ecf0e86bd23fd) Importer(2089858483,797179f86c6e516b54ff30bda720a719)
Start importing Assets/Mirror/Components/NetworkRoomPlayer.cs using Guid(79874ac94d5b1314788ecf0e86bd23fd) Importer(2089858483,797179f86c6e516b54ff30bda720a719) (ScriptedImporter) -> (artifact id: '0150cae3965dc60f0b26d15ba86d3b60') in 0.0243201 seconds
Number of updated asset objects reloaded before import = 0Number of asset objects unloaded after import = 0

========================================================================
Received Import Request.
  Time since last request: 0.000056 seconds.
  path: Assets/MapToolPack/Maps/MapMorgensCrossingHex.TGA
  artifactKey: Guid(fc756e73877a85f4ba5c1542158531c5) Importer(2089858483,797179f86c6e516b54ff30bda720a719)
Start importing Assets/MapToolPack/Maps/MapMorgensCrossingHex.TGA using Guid(fc756e73877a85f4ba5c1542158531c5) Importer(2089858483,797179f86c6e516b54ff30bda720a719) (ScriptedImporter) -> (artifact id: '42fc99a5e0d98000183e12bf5c0028ed') in 0.0310305 seconds
Number of updated asset objects reloaded before import = 0Number of asset objects unloaded after import = 2

========================================================================
Received Import Request.
  Time since last request: 0.000012 seconds.
  path: Assets/Mirror/Editor/InspectorHelper.cs
  artifactKey: Guid(047c894c2a5ccc1438b7e59302f62744) Importer(2089858483,797179f86c6e516b54ff30bda720a719)
Start importing Assets/Mirror/Editor/InspectorHelper.cs using Guid(047c894c2a5ccc1438b7e59302f62744) Importer(2089858483,797179f86c6e516b54ff30bda720a719) (ScriptedImporter) -> (artifact id: 'f125b51e75b5fb10eeb4eb85b4b8d8f1') in 0.0280466 seconds
Number of updated asset objects reloaded before import = 0Number of asset objects unloaded after import = 0

========================================================================
Received Import Request.
  Time since last request: 0.000062 seconds.
  path: Assets/MapToolPack/Maps/MapDeadlandsHex.TGA
  artifactKey: Guid(6d35adf43b7523c40b020e7a1ea816ad) Importer(2089858483,797179f86c6e516b54ff30bda720a719)
Start importing Assets/MapToolPack/Maps/MapDeadlandsHex.TGA using Guid(6d35adf43b7523c40b020e7a1ea816ad) Importer(2089858483,797179f86c6e516b54ff30bda720a719) (ScriptedImporter) -> (artifact id: 'ae1463dd4d0b17f827cfced80fdcb0b2') in 0.0334023 seconds
Number of updated asset objects reloaded before import = 0Number of asset objects unloaded after import = 2

========================================================================
Received Import Request.
  Time since last request: 0.000110 seconds.
  path: Assets/MapToolPack/Maps/MapMooringCountyHex.TGA
  artifactKey: Guid(6ffd95c307996a34299572ac7e9e7e3b) Importer(2089858483,797179f86c6e516b54ff30bda720a719)
Start importing Assets/MapToolPack/Maps/MapMooringCountyHex.TGA using Guid(6ffd95c307996a34299572ac7e9e7e3b) Importer(2089858483,797179f86c6e516b54ff30bda720a719) (ScriptedImporter) -> (artifact id: '103eca6266e42716524c23c661fe7df1') in 0.0363662 seconds
Number of updated asset objects reloaded before import = 0Number of asset objects unloaded after import = 2

========================================================================
Received Import Request.
  Time since last request: 0.000017 seconds.
  path: Assets/Mirror/Components/NetworkLobbyManager.cs
  artifactKey: Guid(a4c96e6dd99826849ab1431f94547141) Importer(2089858483,797179f86c6e516b54ff30bda720a719)
Start importing Assets/Mirror/Components/NetworkLobbyManager.cs using Guid(a4c96e6dd99826849ab1431f94547141) Importer(2089858483,797179f86c6e516b54ff30bda720a719) (ScriptedImporter) -> (artifact id: '263dbc873bd073f481e9bd708b8e0e2a') in 0.0890507 seconds
Number of updated asset objects reloaded before import = 0Number of asset objects unloaded after import = 0

========================================================================
Received Import Request.
  Time since last request: 0.000052 seconds.
  path: Assets/MapToolPack/Maps/MapStonecradleHex.TGA
  artifactKey: Guid(ebd00c9e1a8e2f44cab54a64e95672e6) Importer(2089858483,797179f86c6e516b54ff30bda720a719)
Start importing Assets/MapToolPack/Maps/MapStonecradleHex.TGA using Guid(ebd00c9e1a8e2f44cab54a64e95672e6) Importer(2089858483,797179f86c6e516b54ff30bda720a719) (ScriptedImporter) -> (artifact id: '2422d30ac457a7108fe01e3522540d09') in 0.0691202 seconds
Number of updated asset objects reloaded before import = 0Number of asset objects unloaded after import = 2

========================================================================
Received Import Request.
  Time since last request: 0.000036 seconds.
  path: Assets/Scripts/DiscordSignInBtn.cs
  artifactKey: Guid(6d73db73d65e1ff4a95db265324a4af2) Importer(2089858483,797179f86c6e516b54ff30bda720a719)
Start importing Assets/Scripts/DiscordSignInBtn.cs using Guid(6d73db73d65e1ff4a95db265324a4af2) Importer(2089858483,797179f86c6e516b54ff30bda720a719) (ScriptedImporter) -> (artifact id: '3f71383774d16827e78137516c2c0258') in 0.0473641 seconds
Number of updated asset objects reloaded before import = 0Number of asset objects unloaded after import = 0

========================================================================
Received Import Request.
  Time since last request: 0.000063 seconds.
  path: Assets/MapToolPack/Data/MapMarkerInfo.cs
  artifactKey: Guid(a50ea46334546eb49bef4bc8fe6b5cbd) Importer(2089858483,797179f86c6e516b54ff30bda720a719)
Start importing Assets/MapToolPack/Data/MapMarkerInfo.cs using Guid(a50ea46334546eb49bef4bc8fe6b5cbd) Importer(2089858483,797179f86c6e516b54ff30bda720a719) (ScriptedImporter) -> (artifact id: 'aafd033314e62fd958d90f0144d17d0d') in 0.0516989 seconds
Number of updated asset objects reloaded before import = 0Number of asset objects unloaded after import = 0

========================================================================
Received Import Request.
  Time since last request: 0.000109 seconds.
  path: Assets/MapToolPack/Icons/Diesel.png
  artifactKey: Guid(aff9b29d13bba0741bd160b413600fc1) Importer(2089858483,797179f86c6e516b54ff30bda720a719)
Start importing Assets/MapToolPack/Icons/Diesel.png using Guid(aff9b29d13bba0741bd160b413600fc1) Importer(2089858483,797179f86c6e516b54ff30bda720a719) (ScriptedImporter) -> (artifact id: 'cbd42c64a314a140a71372dd25013433') in 0.141576 seconds
Number of updated asset objects reloaded before import = 0Number of asset objects unloaded after import = 2

========================================================================
Received Import Request.
  Time since last request: 0.000018 seconds.
  path: Assets/MapToolPack/Maps/MapLinnMercyHex.TGA
  artifactKey: Guid(daeec27e4e865d64eb8d8941ca270d45) Importer(2089858483,797179f86c6e516b54ff30bda720a719)
Start importing Assets/MapToolPack/Maps/MapLinnMercyHex.TGA using Guid(daeec27e4e865d64eb8d8941ca270d45) Importer(2089858483,797179f86c6e516b54ff30bda720a719) (ScriptedImporter) -> (artifact id: '09ab54313e2deea25edbab047715e7d8') in 0.0563067 seconds
Number of updated asset objects reloaded before import = 0Number of asset objects unloaded after import = 2

========================================================================
Received Import Request.
  Time since last request: 0.000030 seconds.
  path: Assets/MapToolPack/Maps/MapSpeakingWoodsHex.TGA
  artifactKey: Guid(ef7acea1c159e1446a1aca05f5a43276) Importer(2089858483,797179f86c6e516b54ff30bda720a719)
Start importing Assets/MapToolPack/Maps/MapSpeakingWoodsHex.TGA using Guid(ef7acea1c159e1446a1aca05f5a43276) Importer(2089858483,797179f86c6e516b54ff30bda720a719) (ScriptedImporter) -> (artifact id: '091181a3c11b08b85312e3296f5205a7') in 0.043755 seconds
Number of updated asset objects reloaded before import = 0Number of asset objects unloaded after import = 2

========================================================================
Received Import Request.
  Time since last request: 0.000060 seconds.
  path: Assets/Mirror/Runtime/SyncSet.cs
  artifactKey: Guid(8a31599d9f9dd4ef9999f7b9707c832c) Importer(2089858483,797179f86c6e516b54ff30bda720a719)
Start importing Assets/Mirror/Runtime/SyncSet.cs using Guid(8a31599d9f9dd4ef9999f7b9707c832c) Importer(2089858483,797179f86c6e516b54ff30bda720a719) (ScriptedImporter) -> (artifact id: 'ee127db7ba3e4112da2dd5ee8bd38ba3') in 0.0968255 seconds
Number of updated asset objects reloaded before import = 0Number of asset objects unloaded after import = 0

========================================================================
Received Import Request.
  Time since last request: 0.000102 seconds.
  path: Assets/Prefabs/UI/ItemInteractWindow.prefab
  artifactKey: Guid(a0871568ca413d7408a91820ebfd18fc) Importer(2089858483,797179f86c6e516b54ff30bda720a719)
Start importing Assets/Prefabs/UI/ItemInteractWindow.prefab using Guid(a0871568ca413d7408a91820ebfd18fc) Importer(2089858483,797179f86c6e516b54ff30bda720a719) (ScriptedImporter) -> (artifact id: '7104e538caa46cc3a8cf60beacf039e7') in 0.1086199 seconds
Number of updated asset objects reloaded before import = 0Number of asset objects unloaded after import = 104

========================================================================
Received Import Request.
  Time since last request: 0.000021 seconds.
  path: Assets/Prefabs/UI/ItemButton.prefab
  artifactKey: Guid(8f2f9527a7c578e479b743d25d755ea7) Importer(2089858483,797179f86c6e516b54ff30bda720a719)
Start importing Assets/Prefabs/UI/ItemButton.prefab using Guid(8f2f9527a7c578e479b743d25d755ea7) Importer(2089858483,797179f86c6e516b54ff30bda720a719) (ScriptedImporter) -> (artifact id: 'b52f6fd7976da82a0dce14115ad14829') in 0.078519 seconds
Number of updated asset objects reloaded before import = 0Number of asset objects unloaded after import = 21

========================================================================
Received Import Request.
  Time since last request: 0.000022 seconds.
  path: Assets/Mirror/Runtime/Compression.cs
  artifactKey: Guid(5c28963f9c4b97e418252a55500fb91e) Importer(2089858483,797179f86c6e516b54ff30bda720a719)
Start importing Assets/Mirror/Runtime/Compression.cs using Guid(5c28963f9c4b97e418252a55500fb91e) Importer(2089858483,797179f86c6e516b54ff30bda720a719) (ScriptedImporter) -> (artifact id: 'd53ed6d4dfa2176e46870f0b61bc94b1') in 0.0579014 seconds
Number of updated asset objects reloaded before import = 0Number of asset objects unloaded after import = 0

========================================================================
Received Import Request.
  Time since last request: 0.000046 seconds.
  path: Assets/Scripts/Utils/Helper.cs
  artifactKey: Guid(ee7893c581bb0c949be35ad15c22540f) Importer(2089858483,797179f86c6e516b54ff30bda720a719)
Start importing Assets/Scripts/Utils/Helper.cs using Guid(ee7893c581bb0c949be35ad15c22540f) Importer(2089858483,797179f86c6e516b54ff30bda720a719) (ScriptedImporter) -> (artifact id: '6bd53afbe7a23cac05740148ca476912') in 0.0540964 seconds
Number of updated asset objects reloaded before import = 0Number of asset objects unloaded after import = 0

========================================================================
Received Import Request.
  Time since last request: 0.000051 seconds.
  path: Assets/Prefabs/UI/RequestPopup.prefab
  artifactKey: Guid(152d7fbb4bc4ded4fba2e2dd0b292c1d) Importer(2089858483,797179f86c6e516b54ff30bda720a719)
Start importing Assets/Prefabs/UI/RequestPopup.prefab using Guid(152d7fbb4bc4ded4fba2e2dd0b292c1d) Importer(2089858483,797179f86c6e516b54ff30bda720a719) (ScriptedImporter) -> (artifact id: 'e06e87de0f569004acae4b0a05cacd20') in 0.1428789 seconds
Number of updated asset objects reloaded before import = 0Number of asset objects unloaded after import = 277

========================================================================
Received Import Request.
  Time since last request: 0.000022 seconds.
  path: Assets/Mirror/Editor/NetworkScenePostProcess.cs
  artifactKey: Guid(a3ec1c414d821444a9e77f18a2c130ea) Importer(2089858483,797179f86c6e516b54ff30bda720a719)
Start importing Assets/Mirror/Editor/NetworkScenePostProcess.cs using Guid(a3ec1c414d821444a9e77f18a2c130ea) Importer(2089858483,797179f86c6e516b54ff30bda720a719) (ScriptedImporter) -> (artifact id: 'c160881ab07fb3528cf909b1b8c3693b') in 0.0662863 seconds
Number of updated asset objects reloaded before import = 0Number of asset objects unloaded after import = 0

========================================================================
Received Import Request.
  Time since last request: 0.000059 seconds.
  path: Assets/Plugins/Unity-mongo-csharp-driver-dlls-master/Model_User.cs
  artifactKey: Guid(e88dd271d34272e42a5fee8a4948e7c5) Importer(2089858483,797179f86c6e516b54ff30bda720a719)
Start importing Assets/Plugins/Unity-mongo-csharp-driver-dlls-master/Model_User.cs using Guid(e88dd271d34272e42a5fee8a4948e7c5) Importer(2089858483,797179f86c6e516b54ff30bda720a719) (ScriptedImporter) -> (artifact id: 'febfac345752bdd63df2cf9d9945ac5c') in 0.0487914 seconds
Number of updated asset objects reloaded before import = 0Number of asset objects unloaded after import = 0

========================================================================
Received Import Request.
  Time since last request: 0.000060 seconds.
  path: Assets/Resources/Fonts/NanumGothic-ExtraBold.ttf
  artifactKey: Guid(cabe87cd4ed768f40aadee32b845dbfc) Importer(2089858483,797179f86c6e516b54ff30bda720a719)
Start importing Assets/Resources/Fonts/NanumGothic-ExtraBold.ttf using Guid(cabe87cd4ed768f40aadee32b845dbfc) Importer(2089858483,797179f86c6e516b54ff30bda720a719) (ScriptedImporter) -> (artifact id: 'ef108b16c6f850f2e243436d9fad4f32') in 0.0731641 seconds
Number of updated asset objects reloaded before import = 0Number of asset objects unloaded after import = 3

========================================================================
Received Import Request.
  Time since last request: 0.000015 seconds.
  path: Assets/Plugins/Unity-mongo-csharp-driver-dlls-master/README.md
  artifactKey: Guid(4d19bc5961e6c9645af16714170ce3b9) Importer(2089858483,797179f86c6e516b54ff30bda720a719)
Start importing Assets/Plugins/Unity-mongo-csharp-driver-dlls-master/README.md using Guid(4d19bc5961e6c9645af16714170ce3b9) Importer(2089858483,797179f86c6e516b54ff30bda720a719) (ScriptedImporter) -> (artifact id: 'a4e42228528b1dde12291297eee97e29') in 0.111022 seconds
Number of updated asset objects reloaded before import = 0Number of asset objects unloaded after import = 1

========================================================================
Received Import Request.
  Time since last request: 0.000051 seconds.
  path: Assets/Mirror/Editor/SceneDrawer.cs
  artifactKey: Guid(b24704a46211b4ea294aba8f58715cea) Importer(2089858483,797179f86c6e516b54ff30bda720a719)
Start importing Assets/Mirror/Editor/SceneDrawer.cs using Guid(b24704a46211b4ea294aba8f58715cea) Importer(2089858483,797179f86c6e516b54ff30bda720a719) (ScriptedImporter) -> (artifact id: '7ad5920d9c53bd81decb02e5c7006237') in 0.0568935 seconds
Number of updated asset objects reloaded before import = 0Number of asset objects unloaded after import = 0

========================================================================
Received Import Request.
  Time since last request: 0.000055 seconds.
  path: Assets/Prefabs/UI/AddStockpileWindow.prefab
  artifactKey: Guid(01e0fb9a34759b04bb6e4ecce80cc4bd) Importer(2089858483,797179f86c6e516b54ff30bda720a719)
Start importing Assets/Prefabs/UI/AddStockpileWindow.prefab using Guid(01e0fb9a34759b04bb6e4ecce80cc4bd) Importer(2089858483,797179f86c6e516b54ff30bda720a719) (ScriptedImporter) -> (artifact id: '51227afd19cc0b6f919f1ef95fd5021d') in 0.1183359 seconds
Number of updated asset objects reloaded before import = 0Number of asset objects unloaded after import = 94

========================================================================
Received Import Request.
  Time since last request: 0.000023 seconds.
  path: Assets/Mirror/Runtime/NetworkStartPosition.cs
  artifactKey: Guid(41f84591ce72545258ea98cb7518d8b9) Importer(2089858483,797179f86c6e516b54ff30bda720a719)
Start importing Assets/Mirror/Runtime/NetworkStartPosition.cs using Guid(41f84591ce72545258ea98cb7518d8b9) Importer(2089858483,797179f86c6e516b54ff30bda720a719) (ScriptedImporter) -> (artifact id: 'a0bd0682ecffddea3e7c4db21aadb17a') in 0.0904104 seconds
Number of updated asset objects reloaded before import = 0Number of asset objects unloaded after import = 0

========================================================================
Received Import Request.
  Time since last request: 0.000064 seconds.
  path: Assets/Plugins/Unity-mongo-csharp-driver-dlls-master/MongoDB.Driver.Core.dll
  artifactKey: Guid(4ac52ba69398a5049bac4a8f9620601a) Importer(2089858483,797179f86c6e516b54ff30bda720a719)
Start importing Assets/Plugins/Unity-mongo-csharp-driver-dlls-master/MongoDB.Driver.Core.dll using Guid(4ac52ba69398a5049bac4a8f9620601a) Importer(2089858483,797179f86c6e516b54ff30bda720a719) (ScriptedImporter) -> (artifact id: 'ecc5a67ba5db3faf4185578af8683098') in 0.074949 seconds
Number of updated asset objects reloaded before import = 0Number of asset objects unloaded after import = 0

========================================================================
Received Import Request.
  Time since last request: 0.000075 seconds.
  path: Assets/Mirror/Runtime/NetworkDiagnostics.cs
  artifactKey: Guid(c3754b39e5f8740fd93f3337b2c4274e) Importer(2089858483,797179f86c6e516b54ff30bda720a719)
Start importing Assets/Mirror/Runtime/NetworkDiagnostics.cs using Guid(c3754b39e5f8740fd93f3337b2c4274e) Importer(2089858483,797179f86c6e516b54ff30bda720a719) (ScriptedImporter) -> (artifact id: '450c97ff8b47276433380045839be4b4') in 0.035749 seconds
Number of updated asset objects reloaded before import = 0Number of asset objects unloaded after import = 0

========================================================================
Received Import Request.
  Time since last request: 0.000056 seconds.
  path: Assets/Plugins/Unity-mongo-csharp-driver-dlls-master/Model_Upload.cs
  artifactKey: Guid(9da18a49ff9eb7d4cba52303e5346c01) Importer(2089858483,797179f86c6e516b54ff30bda720a719)
Start importing Assets/Plugins/Unity-mongo-csharp-driver-dlls-master/Model_Upload.cs using Guid(9da18a49ff9eb7d4cba52303e5346c01) Importer(2089858483,797179f86c6e516b54ff30bda720a719) (ScriptedImporter) -> (artifact id: '3a451dd44be814f5cdc29673a9c4cfd4') in 0.08729 seconds
Number of updated asset objects reloaded before import = 0Number of asset objects unloaded after import = 0

========================================================================
Received Import Request.
  Time since last request: 0.000130 seconds.
  path: Assets/TextMesh Pro/Shaders/TMPro.cginc
  artifactKey: Guid(407bc68d299748449bbf7f48ee690f8d) Importer(2089858483,797179f86c6e516b54ff30bda720a719)
Start importing Assets/TextMesh Pro/Shaders/TMPro.cginc using Guid(407bc68d299748449bbf7f48ee690f8d) Importer(2089858483,797179f86c6e516b54ff30bda720a719) (ScriptedImporter) -> (artifact id: 'e4e6f0ba9c4219821e25261c7d9a75b4') in 0.1694019 seconds
Number of updated asset objects reloaded before import = 0Number of asset objects unloaded after import = 1

========================================================================
Received Import Request.
  Time since last request: 0.000017 seconds.
  path: Assets/TextMesh Pro/Shaders/TMP_SDF-Mobile-2-Pass.shader
  artifactKey: Guid(0178fcb869bafef4690d177d31d17db8) Importer(2089858483,797179f86c6e516b54ff30bda720a719)
Start importing Assets/TextMesh Pro/Shaders/TMP_SDF-Mobile-2-Pass.shader using Guid(0178fcb869bafef4690d177d31d17db8) Importer(2089858483,797179f86c6e516b54ff30bda720a719) (ScriptedImporter) -> (artifact id: 'd06b53ee27e948be1e0cfd4e84d19398') in 0.0415828 seconds
Number of updated asset objects reloaded before import = 0Number of asset objects unloaded after import = 1

========================================================================
Received Import Request.
  Time since last request: 0.000021 seconds.
  path: Assets/TextMesh Pro/Shaders/TMP_SDF-Mobile Masking.shader
  artifactKey: Guid(bc1ede39bf3643ee8e493720e4259791) Importer(2089858483,797179f86c6e516b54ff30bda720a719)
Start importing Assets/TextMesh Pro/Shaders/TMP_SDF-Mobile Masking.shader using Guid(bc1ede39bf3643ee8e493720e4259791) Importer(2089858483,797179f86c6e516b54ff30bda720a719) (ScriptedImporter) -> (artifact id: 'ffc4a4dbed9954bd8e85fc6982abc4d2') in 0.1074855 seconds
Number of updated asset objects reloaded before import = 0Number of asset objects unloaded after import = 1

========================================================================
Received Import Request.
  Time since last request: 0.000015 seconds.
  path: Assets/GPM/Manager/Data/strings.xml
  artifactKey: Guid(d97bced999c393141a654915c4f856ee) Importer(2089858483,797179f86c6e516b54ff30bda720a719)
Start importing Assets/GPM/Manager/Data/strings.xml using Guid(d97bced999c393141a654915c4f856ee) Importer(2089858483,797179f86c6e516b54ff30bda720a719) (ScriptedImporter) -> (artifact id: 'f08a42033023a1b2ca3f9a4d589d4a2c') in 0.129776 seconds
Number of updated asset objects reloaded before import = 0Number of asset objects unloaded after import = 1

========================================================================
Received Import Request.
  Time since last request: 0.000043 seconds.
  path: Assets/TextMesh Pro/Shaders/TMP_SDF-Surface-Mobile.shader
  artifactKey: Guid(85187c2149c549c5b33f0cdb02836b17) Importer(2089858483,797179f86c6e516b54ff30bda720a719)
Start importing Assets/TextMesh Pro/Shaders/TMP_SDF-Surface-Mobile.shader using Guid(85187c2149c549c5b33f0cdb02836b17) Importer(2089858483,797179f86c6e516b54ff30bda720a719) (ScriptedImporter) -> (artifact id: '41b36b11c21b57d3f98885ee1b7384c6') in 0.0889075 seconds
Number of updated asset objects reloaded before import = 0Number of asset objects unloaded after import = 1

========================================================================
Received Import Request.
  Time since last request: 0.000015 seconds.
  path: Assets/TextMesh Pro/Fonts/LiberationSans - OFL.txt
  artifactKey: Guid(6e59c59b81ab47f9b6ec5781fa725d2c) Importer(2089858483,797179f86c6e516b54ff30bda720a719)
Start importing Assets/TextMesh Pro/Fonts/LiberationSans - OFL.txt using Guid(6e59c59b81ab47f9b6ec5781fa725d2c) Importer(2089858483,797179f86c6e516b54ff30bda720a719) (ScriptedImporter) -> (artifact id: 'ce4aa7ca686af713d83645d69347c095') in 0.1234969 seconds
Number of updated asset objects reloaded before import = 0Number of asset objects unloaded after import = 1

========================================================================
Received Import Request.
  Time since last request: 0.000024 seconds.
  path: Assets/GPM/Common/Net/ManagedCorutine.cs
  artifactKey: Guid(892ffa1ce8dee8c4b80bf765550b0bd1) Importer(2089858483,797179f86c6e516b54ff30bda720a719)
Start importing Assets/GPM/Common/Net/ManagedCorutine.cs using Guid(892ffa1ce8dee8c4b80bf765550b0bd1) Importer(2089858483,797179f86c6e516b54ff30bda720a719) (ScriptedImporter) -> (artifact id: '645bcc9de6c49b6b8e9db2cd92269b53') in 0.0804182 seconds
Number of updated asset objects reloaded before import = 0Number of asset objects unloaded after import = 0

========================================================================
Received Import Request.
  Time since last request: 0.000059 seconds.
  path: Assets/TextMesh Pro/Shaders/TMP_SDF-HDRP LIT.shadergraph
  artifactKey: Guid(ca2ed216f98028c4dae6c5224a952b3c) Importer(2089858483,797179f86c6e516b54ff30bda720a719)
Start importing Assets/TextMesh Pro/Shaders/TMP_SDF-HDRP LIT.shadergraph using Guid(ca2ed216f98028c4dae6c5224a952b3c) Importer(2089858483,797179f86c6e516b54ff30bda720a719) (ScriptedImporter) -> (artifact id: '675358a4c00ca400bc1c9d9346eac105') in 0.0485374 seconds
Number of updated asset objects reloaded before import = 0Number of asset objects unloaded after import = 1

========================================================================
Received Import Request.
  Time since last request: 0.000036 seconds.
  path: Assets/TextMesh Pro/Shaders/TMPro_Surface.cginc
  artifactKey: Guid(d930090c0cd643c7b55f19a38538c162) Importer(2089858483,797179f86c6e516b54ff30bda720a719)
Start importing Assets/TextMesh Pro/Shaders/TMPro_Surface.cginc using Guid(d930090c0cd643c7b55f19a38538c162) Importer(2089858483,797179f86c6e516b54ff30bda720a719) (ScriptedImporter) -> (artifact id: '98613062407d922e995f97670b0e1e4b') in 0.1216387 seconds
Number of updated asset objects reloaded before import = 0Number of asset objects unloaded after import = 1

========================================================================
Received Import Request.
  Time since last request: 0.000032 seconds.
  path: Assets/TextMesh Pro/Fonts/LiberationSans.ttf
  artifactKey: Guid(e3265ab4bf004d28a9537516768c1c75) Importer(2089858483,797179f86c6e516b54ff30bda720a719)
Start importing Assets/TextMesh Pro/Fonts/LiberationSans.ttf using Guid(e3265ab4bf004d28a9537516768c1c75) Importer(2089858483,797179f86c6e516b54ff30bda720a719) (ScriptedImporter) -> (artifact id: 'aba8f3a0402970a68f2fd29b9e911236') in 0.1039529 seconds
Number of updated asset objects reloaded before import = 0Number of asset objects unloaded after import = 3

========================================================================
Received Import Request.
  Time since last request: 0.000019 seconds.
  path: Assets/Mirror/Runtime/SyncList.cs
  artifactKey: Guid(744fc71f748fe40d5940e04bf42b29f3) Importer(2089858483,797179f86c6e516b54ff30bda720a719)
Start importing Assets/Mirror/Runtime/SyncList.cs using Guid(744fc71f748fe40d5940e04bf42b29f3) Importer(2089858483,797179f86c6e516b54ff30bda720a719) (ScriptedImporter) -> (artifact id: '900e1ab56b9fc57d2e7347dfc92eb4c3') in 0.0706378 seconds
Number of updated asset objects reloaded before import = 0Number of asset objects unloaded after import = 0

========================================================================
Received Import Request.
  Time since last request: 0.000037 seconds.
  path: Assets/TextMesh Pro/Shaders/TMP_Sprite.shader
  artifactKey: Guid(cf81c85f95fe47e1a27f6ae460cf182c) Importer(2089858483,797179f86c6e516b54ff30bda720a719)
Start importing Assets/TextMesh Pro/Shaders/TMP_Sprite.shader using Guid(cf81c85f95fe47e1a27f6ae460cf182c) Importer(2089858483,797179f86c6e516b54ff30bda720a719) (ScriptedImporter) -> (artifact id: '7a1756cc8de5d5e5040f51bef548842c') in 0.070961 seconds
Number of updated asset objects reloaded before import = 0Number of asset objects unloaded after import = 1

========================================================================
Received Import Request.
  Time since last request: 0.000034 seconds.
  path: Assets/Images/Resources/SmallArms/GreenAsh.png
  artifactKey: Guid(21cdad0b03de73e48ac0b383ce88f4ca) Importer(2089858483,797179f86c6e516b54ff30bda720a719)
Start importing Assets/Images/Resources/SmallArms/GreenAsh.png using Guid(21cdad0b03de73e48ac0b383ce88f4ca) Importer(2089858483,797179f86c6e516b54ff30bda720a719) (ScriptedImporter) -> (artifact id: '1d0d5abdb955700780a5232a031da7bd') in 0.0443437 seconds
Number of updated asset objects reloaded before import = 0Number of asset objects unloaded after import = 2

========================================================================
Received Import Request.
  Time since last request: 0.000015 seconds.
  path: Assets/Images/Resources/Shells/HERocket.png
  artifactKey: Guid(be066487153ce514e81459c95c1616c5) Importer(2089858483,797179f86c6e516b54ff30bda720a719)
Start importing Assets/Images/Resources/Shells/HERocket.png using Guid(be066487153ce514e81459c95c1616c5) Importer(2089858483,797179f86c6e516b54ff30bda720a719) (ScriptedImporter) -> (artifact id: 'f8d0b93b6c850731247d2d6af7789d95') in 0.0684546 seconds
Number of updated asset objects reloaded before import = 0Number of asset objects unloaded after import = 2

========================================================================
Received Import Request.
  Time since last request: 0.000014 seconds.
  path: Assets/Images/Resources/HeavyArms/WhiteAsh.png
  artifactKey: Guid(08a106f43edff6b469c91b56af61de15) Importer(2089858483,797179f86c6e516b54ff30bda720a719)
Start importing Assets/Images/Resources/HeavyArms/WhiteAsh.png using Guid(08a106f43edff6b469c91b56af61de15) Importer(2089858483,797179f86c6e516b54ff30bda720a719) (ScriptedImporter) -> (artifact id: '2dfa961bf1a82ccb0172ac0901bda348') in 0.0747794 seconds
Number of updated asset objects reloaded before import = 0Number of asset objects unloaded after import = 2

========================================================================
Received Import Request.
  Time since last request: 0.000064 seconds.
  path: Assets/Images/Resources/SmallArms/Booker.png
  artifactKey: Guid(21a815a70e0458f48a52c910d6bf61fb) Importer(2089858483,797179f86c6e516b54ff30bda720a719)
Start importing Assets/Images/Resources/SmallArms/Booker.png using Guid(21a815a70e0458f48a52c910d6bf61fb) Importer(2089858483,797179f86c6e516b54ff30bda720a719) (ScriptedImporter) -> (artifact id: '000821db701d82ed732e2287467350cb') in 0.0550645 seconds
Number of updated asset objects reloaded before import = 0Number of asset objects unloaded after import = 2

========================================================================
Received Import Request.
  Time since last request: 0.000016 seconds.
  path: Assets/Images/Resources/SmallArms/Malone.png
  artifactKey: Guid(e0b51525d9988d8478863a80bf61f369) Importer(2089858483,797179f86c6e516b54ff30bda720a719)
Start importing Assets/Images/Resources/SmallArms/Malone.png using Guid(e0b51525d9988d8478863a80bf61f369) Importer(2089858483,797179f86c6e516b54ff30bda720a719) (ScriptedImporter) -> (artifact id: 'cf7717037ecc025d9475df50103bb563') in 0.0764046 seconds
Number of updated asset objects reloaded before import = 0Number of asset objects unloaded after import = 2

========================================================================
Received Import Request.
  Time since last request: 0.000014 seconds.
  path: Assets/Images/Resources/Shells/250mm.png
  artifactKey: Guid(a7bcd03eeaecd3747a4ea3a2c56a1b02) Importer(2089858483,797179f86c6e516b54ff30bda720a719)
Start importing Assets/Images/Resources/Shells/250mm.png using Guid(a7bcd03eeaecd3747a4ea3a2c56a1b02) Importer(2089858483,797179f86c6e516b54ff30bda720a719) (ScriptedImporter) -> (artifact id: 'cff4f83de479e5577f6315129c59513f') in 0.0694208 seconds
Number of updated asset objects reloaded before import = 0Number of asset objects unloaded after import = 2

========================================================================
Received Import Request.
  Time since last request: 0.000017 seconds.
  path: Assets/Images/Resources/SmallArms/ClancyCinder.png
  artifactKey: Guid(895d784faf78952469561e0466393b9c) Importer(2089858483,797179f86c6e516b54ff30bda720a719)
Start importing Assets/Images/Resources/SmallArms/ClancyCinder.png using Guid(895d784faf78952469561e0466393b9c) Importer(2089858483,797179f86c6e516b54ff30bda720a719) (ScriptedImporter) -> (artifact id: '6d2a8411fbc1f58fd46817dac2af56b4') in 0.0955791 seconds
Number of updated asset objects reloaded before import = 0Number of asset objects unloaded after import = 2

========================================================================
Received Import Request.
  Time since last request: 0.000065 seconds.
  path: Assets/Images/Resources/Shells/FireRocket.png
  artifactKey: Guid(0944939f7dd4d214ba3042f925ae9174) Importer(2089858483,797179f86c6e516b54ff30bda720a719)
Start importing Assets/Images/Resources/Shells/FireRocket.png using Guid(0944939f7dd4d214ba3042f925ae9174) Importer(2089858483,797179f86c6e516b54ff30bda720a719) (ScriptedImporter) -> (artifact id: 'eb60455800aa7b4c7aaf33f166fa5aa6') in 0.1037436 seconds
Number of updated asset objects reloaded before import = 0Number of asset objects unloaded after import = 2

========================================================================
Received Import Request.
  Time since last request: 0.000014 seconds.
  path: Assets/Images/Resources/Medical/Bandages.png
  artifactKey: Guid(61696cde8e2707e4c83d4139fdd9ec61) Importer(2089858483,797179f86c6e516b54ff30bda720a719)
Start importing Assets/Images/Resources/Medical/Bandages.png using Guid(61696cde8e2707e4c83d4139fdd9ec61) Importer(2089858483,797179f86c6e516b54ff30bda720a719) (ScriptedImporter) -> (artifact id: 'd3ed6a5dfe75180fd74d282eeaedb7c8') in 0.1069817 seconds
Number of updated asset objects reloaded before import = 0Number of asset objects unloaded after import = 2

========================================================================
Received Import Request.
  Time since last request: 0.000128 seconds.
  path: Assets/Images/Resources/HeavyArms/Cutler.png
  artifactKey: Guid(11af772dafcd93c42a0b269fefdd5141) Importer(2089858483,797179f86c6e516b54ff30bda720a719)
Start importing Assets/Images/Resources/HeavyArms/Cutler.png using Guid(11af772dafcd93c42a0b269fefdd5141) Importer(2089858483,797179f86c6e516b54ff30bda720a719) (ScriptedImporter) -> (artifact id: 'f8e58892751f7490d92c45a21e7ebad8') in 0.0557972 seconds
Number of updated asset objects reloaded before import = 0Number of asset objects unloaded after import = 2

========================================================================
Received Import Request.
  Time since last request: 0.000018 seconds.
  path: Assets/Images/Resources/Medical/FirstAidKit.png
  artifactKey: Guid(cf31c696c0f68844580a6617e4698ef4) Importer(2089858483,797179f86c6e516b54ff30bda720a719)
Start importing Assets/Images/Resources/Medical/FirstAidKit.png using Guid(cf31c696c0f68844580a6617e4698ef4) Importer(2089858483,797179f86c6e516b54ff30bda720a719) (ScriptedImporter) -> (artifact id: 'e647bcfab95bae9bf54b2e82272ee95b') in 0.0911505 seconds
Number of updated asset objects reloaded before import = 0Number of asset objects unloaded after import = 2

========================================================================
Received Import Request.
  Time since last request: 0.000015 seconds.
  path: Assets/Images/Resources/Medical/SS.png
  artifactKey: Guid(dfe29648c75979b4980e06736044d064) Importer(2089858483,797179f86c6e516b54ff30bda720a719)
Start importing Assets/Images/Resources/Medical/SS.png using Guid(dfe29648c75979b4980e06736044d064) Importer(2089858483,797179f86c6e516b54ff30bda720a719) (ScriptedImporter) -> (artifact id: '5a85d4956af077f3d35d74fdacebca20') in 0.0642113 seconds
Number of updated asset objects reloaded before import = 0Number of asset objects unloaded after import = 2

========================================================================
Received Import Request.
  Time since last request: 0.000014 seconds.
  path: Assets/Images/Resources/HeavyArms/Ratcatcher.png
  artifactKey: Guid(eba64a833312b744c87c373c8e33d2eb) Importer(2089858483,797179f86c6e516b54ff30bda720a719)
Start importing Assets/Images/Resources/HeavyArms/Ratcatcher.png using Guid(eba64a833312b744c87c373c8e33d2eb) Importer(2089858483,797179f86c6e516b54ff30bda720a719) (ScriptedImporter) -> (artifact id: '22382c8e7d2cb47f5317cceaf445b35d') in 0.0454906 seconds
Number of updated asset objects reloaded before import = 0Number of asset objects unloaded after import = 2

========================================================================
Received Import Request.
  Time since last request: 0.000017 seconds.
  path: Assets/Mirror/Runtime/NetworkWriter.cs
  artifactKey: Guid(48d2207bcef1f4477b624725f075f9bd) Importer(2089858483,797179f86c6e516b54ff30bda720a719)
Start importing Assets/Mirror/Runtime/NetworkWriter.cs using Guid(48d2207bcef1f4477b624725f075f9bd) Importer(2089858483,797179f86c6e516b54ff30bda720a719) (ScriptedImporter) -> (artifact id: '73524b995dd085155a2370fd759c4e95') in 0.0660944 seconds
Number of updated asset objects reloaded before import = 0Number of asset objects unloaded after import = 0

========================================================================
Received Import Request.
  Time since last request: 0.000048 seconds.
  path: Assets/Images/Resources/SmallArms/Lair.png
  artifactKey: Guid(bc65107b9e1b2c94e92ef000e9d24d02) Importer(2089858483,797179f86c6e516b54ff30bda720a719)
Start importing Assets/Images/Resources/SmallArms/Lair.png using Guid(bc65107b9e1b2c94e92ef000e9d24d02) Importer(2089858483,797179f86c6e516b54ff30bda720a719) (ScriptedImporter) -> (artifact id: '7ea7debc08f5fe4e7f946072e9e4c281') in 0.056726 seconds
Number of updated asset objects reloaded before import = 0Number of asset objects unloaded after import = 2

========================================================================
Received Import Request.
  Time since last request: 0.000048 seconds.
  path: Assets/ParrelSync/ParrelSync/projectCloner.asmdef
  artifactKey: Guid(894a6cc6ed5cd2645bb542978cbed6a9) Importer(2089858483,797179f86c6e516b54ff30bda720a719)
Start importing Assets/ParrelSync/ParrelSync/projectCloner.asmdef using Guid(894a6cc6ed5cd2645bb542978cbed6a9) Importer(2089858483,797179f86c6e516b54ff30bda720a719) (ScriptedImporter) -> (artifact id: 'edddc726534b68b9806d3a6ea9dea6bd') in 0.1050084 seconds
Number of updated asset objects reloaded before import = 0Number of asset objects unloaded after import = 1

========================================================================
Received Import Request.
  Time since last request: 0.000014 seconds.
  path: Assets/Images/Resources/Uniforms/MedicUniform.png
  artifactKey: Guid(22e0a6de0bb7ae44aaa06a57cd3f79ca) Importer(2089858483,797179f86c6e516b54ff30bda720a719)
Start importing Assets/Images/Resources/Uniforms/MedicUniform.png using Guid(22e0a6de0bb7ae44aaa06a57cd3f79ca) Importer(2089858483,797179f86c6e516b54ff30bda720a719) (ScriptedImporter) -> (artifact id: '5ce3f14b65dd90348258512e74af4c27') in 0.08341 seconds
Number of updated asset objects reloaded before import = 0Number of asset objects unloaded after import = 2

========================================================================
Received Import Request.
  Time since last request: 0.000017 seconds.
  path: Assets/Images/Resources/Utility/Binoculars.png
  artifactKey: Guid(9ff30b2cc74043b4f9214410ede27fb6) Importer(2089858483,797179f86c6e516b54ff30bda720a719)
Start importing Assets/Images/Resources/Utility/Binoculars.png using Guid(9ff30b2cc74043b4f9214410ede27fb6) Importer(2089858483,797179f86c6e516b54ff30bda720a719) (ScriptedImporter) -> (artifact id: '1e8039492de52bb21cfd9d195d79d1b2') in 0.1025188 seconds
Number of updated asset objects reloaded before import = 0Number of asset objects unloaded after import = 2

========================================================================
Received Import Request.
  Time since last request: 0.000023 seconds.
  path: Assets/MapToolPack/Resources/MapIcons/MapIconCoal.png
  artifactKey: Guid(857ebb85670424840ae22488839d969e) Importer(2089858483,797179f86c6e516b54ff30bda720a719)
Start importing Assets/MapToolPack/Resources/MapIcons/MapIconCoal.png using Guid(857ebb85670424840ae22488839d969e) Importer(2089858483,797179f86c6e516b54ff30bda720a719) (ScriptedImporter) -> (artifact id: '0fd8be43739984912598d376df7b5a41') in 0.1163981 seconds
Number of updated asset objects reloaded before import = 0Number of asset objects unloaded after import = 2

========================================================================
Received Import Request.
  Time since last request: 0.000015 seconds.
  path: Assets/Images/Resources/Utility/LandMine.png
  artifactKey: Guid(0fd04d1f232e4de409c7f095cd5e59a8) Importer(2089858483,797179f86c6e516b54ff30bda720a719)
Start importing Assets/Images/Resources/Utility/LandMine.png using Guid(0fd04d1f232e4de409c7f095cd5e59a8) Importer(2089858483,797179f86c6e516b54ff30bda720a719) (ScriptedImporter) -> (artifact id: 'a7d12cbfd25407a8e3b538d4080bea3b') in 0.0548818 seconds
Number of updated asset objects reloaded before import = 0Number of asset objects unloaded after import = 2

========================================================================
Received Import Request.
  Time since last request: 0.000020 seconds.
  path: Assets/Images/Resources/Uniforms/SnowUniform.png
  artifactKey: Guid(6b99907f3d730ab4998da648dd75431b) Importer(2089858483,797179f86c6e516b54ff30bda720a719)
Start importing Assets/Images/Resources/Uniforms/SnowUniform.png using Guid(6b99907f3d730ab4998da648dd75431b) Importer(2089858483,797179f86c6e516b54ff30bda720a719) (ScriptedImporter) -> (artifact id: '4d972e30682b49f1c1080e42000589ad') in 0.1577362 seconds
Number of updated asset objects reloaded before import = 0Number of asset objects unloaded after import = 2

========================================================================
Received Import Request.
  Time since last request: 0.000017 seconds.
  path: Assets/Images/Resources/Utility/Sandbags.png
  artifactKey: Guid(4977e110acac11f4dacc0a5848ed03e5) Importer(2089858483,797179f86c6e516b54ff30bda720a719)
Start importing Assets/Images/Resources/Utility/Sandbags.png using Guid(4977e110acac11f4dacc0a5848ed03e5) Importer(2089858483,797179f86c6e516b54ff30bda720a719) (ScriptedImporter) -> (artifact id: 'e31990b9d7d65158c445d1a46184b344') in 0.0884868 seconds
Number of updated asset objects reloaded before import = 0Number of asset objects unloaded after import = 2

========================================================================
Received Import Request.
  Time since last request: 0.000023 seconds.
  path: Assets/Images/Resources/Utility/GasMask.png
  artifactKey: Guid(0e1794b73a890544ca482894ea15a9c6) Importer(2089858483,797179f86c6e516b54ff30bda720a719)
Start importing Assets/Images/Resources/Utility/GasMask.png using Guid(0e1794b73a890544ca482894ea15a9c6) Importer(2089858483,797179f86c6e516b54ff30bda720a719) (ScriptedImporter) -> (artifact id: '67d01252ea9ab8f02f9f9b9815feb571') in 0.095908 seconds
Number of updated asset objects reloaded before import = 0Number of asset objects unloaded after import = 2

========================================================================
Received Import Request.
  Time since last request: 0.000015 seconds.
  path: Assets/MapToolPack/Resources/MapIcons/MapIconBunkerBaseTier3.png
  artifactKey: Guid(09ece38859fcf1c4a859cbb5157385a3) Importer(2089858483,797179f86c6e516b54ff30bda720a719)
Start importing Assets/MapToolPack/Resources/MapIcons/MapIconBunkerBaseTier3.png using Guid(09ece38859fcf1c4a859cbb5157385a3) Importer(2089858483,797179f86c6e516b54ff30bda720a719) (ScriptedImporter) -> (artifact id: 'c2d68c1b0312f8c48a0c689e3e623d81') in 0.1228566 seconds
Number of updated asset objects reloaded before import = 0Number of asset objects unloaded after import = 2

========================================================================
Received Import Request.
  Time since last request: 0.000016 seconds.
  path: Assets/MapToolPack/Resources/MapIcons/MapIconBunkerBaseTier2Warden.png
  artifactKey: Guid(6dd74e77ccb5a82408c7f0a0055b5e76) Importer(2089858483,797179f86c6e516b54ff30bda720a719)
Start importing Assets/MapToolPack/Resources/MapIcons/MapIconBunkerBaseTier2Warden.png using Guid(6dd74e77ccb5a82408c7f0a0055b5e76) Importer(2089858483,797179f86c6e516b54ff30bda720a719) (ScriptedImporter) -> (artifact id: '95c58f70748095ba0ec9b2cae29eb06d') in 0.0480179 seconds
Number of updated asset objects reloaded before import = 0Number of asset objects unloaded after import = 2

========================================================================
Received Import Request.
  Time since last request: 0.000041 seconds.
  path: Assets/Images/Resources/Supplies/Water.png
  artifactKey: Guid(7e5ac7bd363177347a01a3df6d436796) Importer(2089858483,797179f86c6e516b54ff30bda720a719)
Start importing Assets/Images/Resources/Supplies/Water.png using Guid(7e5ac7bd363177347a01a3df6d436796) Importer(2089858483,797179f86c6e516b54ff30bda720a719) (ScriptedImporter) -> (artifact id: '39e429ca609428c37d5c6e62e47cc16b') in 0.0560577 seconds
Number of updated asset objects reloaded before import = 0Number of asset objects unloaded after import = 2

========================================================================
Received Import Request.
  Time since last request: 0.000014 seconds.
  path: Assets/Images/Resources/Utility/SledgeHammer.png
  artifactKey: Guid(8d81d8992ca190f4ab7770b039902131) Importer(2089858483,797179f86c6e516b54ff30bda720a719)
Start importing Assets/Images/Resources/Utility/SledgeHammer.png using Guid(8d81d8992ca190f4ab7770b039902131) Importer(2089858483,797179f86c6e516b54ff30bda720a719) (ScriptedImporter) -> (artifact id: 'c7a2bb13ad9eed56f3a264fbce1f1384') in 0.1293713 seconds
Number of updated asset objects reloaded before import = 0Number of asset objects unloaded after import = 2

========================================================================
Received Import Request.
  Time since last request: 0.000016 seconds.
  path: Assets/MapToolPack/Resources/MapIcons/MapIconForwardBase2.TGA
  artifactKey: Guid(1e8a81a18730a4b42aaa098568436031) Importer(2089858483,797179f86c6e516b54ff30bda720a719)
Start importing Assets/MapToolPack/Resources/MapIcons/MapIconForwardBase2.TGA using Guid(1e8a81a18730a4b42aaa098568436031) Importer(2089858483,797179f86c6e516b54ff30bda720a719) (ScriptedImporter) -> (artifact id: '2cec0ff0fc34c3f774232d9ddff2b0a7') in 0.1444588 seconds
Number of updated asset objects reloaded before import = 0Number of asset objects unloaded after import = 2

========================================================================
Received Import Request.
  Time since last request: 0.000083 seconds.
  path: Assets/MapToolPack/Resources/MapIcons/MapIconMedical.TGA
  artifactKey: Guid(cff0cbdaa343dd44a8c33f6d37fee7dc) Importer(2089858483,797179f86c6e516b54ff30bda720a719)
Start importing Assets/MapToolPack/Resources/MapIcons/MapIconMedical.TGA using Guid(cff0cbdaa343dd44a8c33f6d37fee7dc) Importer(2089858483,797179f86c6e516b54ff30bda720a719) (ScriptedImporter) -> (artifact id: '0d0dddb63a2efe5c1d2b17afa7f89a98') in 0.0464666 seconds
Number of updated asset objects reloaded before import = 0Number of asset objects unloaded after import = 2

========================================================================
Received Import Request.
  Time since last request: 0.000063 seconds.
  path: Assets/MapToolPack/Resources/MapIcons/MapIconSupplies.TGA
  artifactKey: Guid(0aa0a5ab70395804bb4dd2929c58001a) Importer(2089858483,797179f86c6e516b54ff30bda720a719)
Start importing Assets/MapToolPack/Resources/MapIcons/MapIconSupplies.TGA using Guid(0aa0a5ab70395804bb4dd2929c58001a) Importer(2089858483,797179f86c6e516b54ff30bda720a719) (ScriptedImporter) -> (artifact id: 'd8c3f81bbeca03bcede37853ca831f84') in 0.1510557 seconds
Number of updated asset objects reloaded before import = 0Number of asset objects unloaded after import = 2

========================================================================
Received Import Request.
  Time since last request: 0.000014 seconds.
  path: Assets/MapToolPack/Resources/MapIcons/MapIconConstructionYard.TGA
  artifactKey: Guid(e1d5445ab635e7f468269d51bb300eb5) Importer(2089858483,797179f86c6e516b54ff30bda720a719)
Start importing Assets/MapToolPack/Resources/MapIcons/MapIconConstructionYard.TGA using Guid(e1d5445ab635e7f468269d51bb300eb5) Importer(2089858483,797179f86c6e516b54ff30bda720a719) (ScriptedImporter) -> (artifact id: 'b82a2921cf7b32860f0536c55f6eaece') in 0.0757074 seconds
Number of updated asset objects reloaded before import = 0Number of asset objects unloaded after import = 2

========================================================================
Received Import Request.
  Time since last request: 0.000016 seconds.
  path: Assets/MapToolPack/Resources/MapIcons/MapIconStaticBase3.TGA
  artifactKey: Guid(f8a69281767ec7f4bb6dbc181267df40) Importer(2089858483,797179f86c6e516b54ff30bda720a719)
Start importing Assets/MapToolPack/Resources/MapIcons/MapIconStaticBase3.TGA using Guid(f8a69281767ec7f4bb6dbc181267df40) Importer(2089858483,797179f86c6e516b54ff30bda720a719) (ScriptedImporter) -> (artifact id: '67519d00a276c977a0585bafefc9a46f') in 0.1440674 seconds
Number of updated asset objects reloaded before import = 0Number of asset objects unloaded after import = 2

========================================================================
Received Import Request.
  Time since last request: 0.000028 seconds.
  path: Assets/MapToolPack/Resources/MapIcons/MapIconFortCursed.TGA
  artifactKey: Guid(4527a14ea16251b428f71b31e47eecd6) Importer(2089858483,797179f86c6e516b54ff30bda720a719)
Start importing Assets/MapToolPack/Resources/MapIcons/MapIconFortCursed.TGA using Guid(4527a14ea16251b428f71b31e47eecd6) Importer(2089858483,797179f86c6e516b54ff30bda720a719) (ScriptedImporter) -> (artifact id: 'b769326aed68e27f4574ddd27adfcf63') in 0.107495 seconds
Number of updated asset objects reloaded before import = 0Number of asset objects unloaded after import = 2

========================================================================
Received Import Request.
  Time since last request: 0.000015 seconds.
  path: Assets/MapToolPack/Resources/MapIcons/MapIconFortColonial.tga
  artifactKey: Guid(707cbd9f61c5d284ca23d879c9d39ded) Importer(2089858483,797179f86c6e516b54ff30bda720a719)
Start importing Assets/MapToolPack/Resources/MapIcons/MapIconFortColonial.tga using Guid(707cbd9f61c5d284ca23d879c9d39ded) Importer(2089858483,797179f86c6e516b54ff30bda720a719) (ScriptedImporter) -> (artifact id: '0b71055d2061d1b52249d3b3051973aa') in 0.0621657 seconds
Number of updated asset objects reloaded before import = 0Number of asset objects unloaded after import = 2

========================================================================
Received Import Request.
  Time since last request: 0.000013 seconds.
  path: Assets/MapToolPack/Resources/MapIcons/MapIconStaticBase2Colonial.TGA
  artifactKey: Guid(6b31b0d3f09dd424d92bc96f43a0303e) Importer(2089858483,797179f86c6e516b54ff30bda720a719)
Start importing Assets/MapToolPack/Resources/MapIcons/MapIconStaticBase2Colonial.TGA using Guid(6b31b0d3f09dd424d92bc96f43a0303e) Importer(2089858483,797179f86c6e516b54ff30bda720a719) (ScriptedImporter) -> (artifact id: 'c79d9fc65ac1d3a343665859f67fd5da') in 0.1123841 seconds
Number of updated asset objects reloaded before import = 0Number of asset objects unloaded after import = 2

========================================================================
Received Import Request.
  Time since last request: 0.000016 seconds.
  path: Assets/MapToolPack/Resources/MapIcons/MapIconTownBaseTier1.TGA
  artifactKey: Guid(cb505ef6e7b73fb4bb23cae1cecb59e9) Importer(2089858483,797179f86c6e516b54ff30bda720a719)
Start importing Assets/MapToolPack/Resources/MapIcons/MapIconTownBaseTier1.TGA using Guid(cb505ef6e7b73fb4bb23cae1cecb59e9) Importer(2089858483,797179f86c6e516b54ff30bda720a719) (ScriptedImporter) -> (artifact id: 'f8653b03633862beb44c50a08ba4f155') in 0.076947 seconds
Number of updated asset objects reloaded before import = 0Number of asset objects unloaded after import = 2

========================================================================
Received Import Request.
  Time since last request: 0.000020 seconds.
  path: Assets/MapToolPack/Resources/MapIcons/MapIconSalvage.TGA
  artifactKey: Guid(bf47f88ce365851479c84c958237bff4) Importer(2089858483,797179f86c6e516b54ff30bda720a719)
Start importing Assets/MapToolPack/Resources/MapIcons/MapIconSalvage.TGA using Guid(bf47f88ce365851479c84c958237bff4) Importer(2089858483,797179f86c6e516b54ff30bda720a719) (ScriptedImporter) -> (artifact id: '407b3b30941077458e0ae7321dc0968b') in 0.1256678 seconds
Number of updated asset objects reloaded before import = 0Number of asset objects unloaded after import = 2

========================================================================
Received Import Request.
  Time since last request: 0.000015 seconds.
  path: Assets/Mirror/Components/Experimental/NetworkRigidbody.cs
  artifactKey: Guid(83392ae5c1b731446909f252fd494ae4) Importer(2089858483,797179f86c6e516b54ff30bda720a719)
Start importing Assets/Mirror/Components/Experimental/NetworkRigidbody.cs using Guid(83392ae5c1b731446909f252fd494ae4) Importer(2089858483,797179f86c6e516b54ff30bda720a719) (ScriptedImporter) -> (artifact id: 'b11582599e79410d0218fec2f39b250e') in 0.0584393 seconds
Number of updated asset objects reloaded before import = 0Number of asset objects unloaded after import = 0

========================================================================
Received Import Request.
  Time since last request: 0.000054 seconds.
  path: Assets/Mirror/Editor/Weaver/Readers.cs
  artifactKey: Guid(be40277098a024539bf63d0205cae824) Importer(2089858483,797179f86c6e516b54ff30bda720a719)
Start importing Assets/Mirror/Editor/Weaver/Readers.cs using Guid(be40277098a024539bf63d0205cae824) Importer(2089858483,797179f86c6e516b54ff30bda720a719) (ScriptedImporter) -> (artifact id: '78fdc8d027cebd4789021869a7e3bf7b') in 0.098263 seconds
Number of updated asset objects reloaded before import = 0Number of asset objects unloaded after import = 0

========================================================================
Received Import Request.
  Time since last request: 0.000083 seconds.
  path: Assets/Mirror/Components/Experimental/NetworkRigidbody2D.cs
  artifactKey: Guid(ab2cbc52526ea384ba280d13cd1a57b9) Importer(2089858483,797179f86c6e516b54ff30bda720a719)
Start importing Assets/Mirror/Components/Experimental/NetworkRigidbody2D.cs using Guid(ab2cbc52526ea384ba280d13cd1a57b9) Importer(2089858483,797179f86c6e516b54ff30bda720a719) (ScriptedImporter) -> (artifact id: '1ce08f13814cd6c912143eed09d5646f') in 0.1371019 seconds
Number of updated asset objects reloaded before import = 0Number of asset objects unloaded after import = 0

========================================================================
Received Import Request.
  Time since last request: 0.000086 seconds.
  path: Assets/Mirror/Editor/Weaver/CompilationFinishedHook.cs
  artifactKey: Guid(de2aeb2e8068f421a9a1febe408f7051) Importer(2089858483,797179f86c6e516b54ff30bda720a719)
Start importing Assets/Mirror/Editor/Weaver/CompilationFinishedHook.cs using Guid(de2aeb2e8068f421a9a1febe408f7051) Importer(2089858483,797179f86c6e516b54ff30bda720a719) (ScriptedImporter) -> (artifact id: 'c9397c343eb091b8cd863320e016357e') in 0.1138187 seconds
Number of updated asset objects reloaded before import = 0Number of asset objects unloaded after import = 0

========================================================================
Received Import Request.
  Time since last request: 0.000060 seconds.
  path: Assets/Mirror/Components/Discovery/NetworkDiscoveryBase.cs
  artifactKey: Guid(b9971d60ce61f4e39b07cd9e7e0c68fa) Importer(2089858483,797179f86c6e516b54ff30bda720a719)
Start importing Assets/Mirror/Components/Discovery/NetworkDiscoveryBase.cs using Guid(b9971d60ce61f4e39b07cd9e7e0c68fa) Importer(2089858483,797179f86c6e516b54ff30bda720a719) (ScriptedImporter) -> (artifact id: '6b66baa37318a31f2f7f9d3d6c191ce8') in 0.1045056 seconds
Number of updated asset objects reloaded before import = 0Number of asset objects unloaded after import = 0

========================================================================
Received Import Request.
  Time since last request: 0.000058 seconds.
  path: Assets/Mirror/Plugins/Mono.Cecil/License.txt
  artifactKey: Guid(ab858db5ebbb0d542a9acd197669cb5a) Importer(2089858483,797179f86c6e516b54ff30bda720a719)
Start importing Assets/Mirror/Plugins/Mono.Cecil/License.txt using Guid(ab858db5ebbb0d542a9acd197669cb5a) Importer(2089858483,797179f86c6e516b54ff30bda720a719) (ScriptedImporter) -> (artifact id: 'c9f400cf4fe32072cb701bb2bca472fa') in 0.1570511 seconds
Number of updated asset objects reloaded before import = 0Number of asset objects unloaded after import = 1

========================================================================
Received Import Request.
  Time since last request: 0.000014 seconds.
  path: Assets/Mirror/Editor/Weaver/Extensions.cs
  artifactKey: Guid(562a5cf0254cc45738e9aa549a7100b2) Importer(2089858483,797179f86c6e516b54ff30bda720a719)
Start importing Assets/Mirror/Editor/Weaver/Extensions.cs using Guid(562a5cf0254cc45738e9aa549a7100b2) Importer(2089858483,797179f86c6e516b54ff30bda720a719) (ScriptedImporter) -> (artifact id: '0f6c7ccb818c1c7b31ac0e46a09e22ec') in 0.0828422 seconds
Number of updated asset objects reloaded before import = 0Number of asset objects unloaded after import = 0

========================================================================
Received Import Request.
  Time since last request: 0.000083 seconds.
  path: Assets/MapToolPack/TextMesh Pro/Fonts/LiberationSans.ttf
  artifactKey: Guid(7d08b3c3e219c8a4490b25cb00e2b2b6) Importer(2089858483,797179f86c6e516b54ff30bda720a719)
Start importing Assets/MapToolPack/TextMesh Pro/Fonts/LiberationSans.ttf using Guid(7d08b3c3e219c8a4490b25cb00e2b2b6) Importer(2089858483,797179f86c6e516b54ff30bda720a719) (ScriptedImporter) -> (artifact id: '212956bde55e3dca87f321fd02ca8c8d') in 0.1407194 seconds
Number of updated asset objects reloaded before import = 0Number of asset objects unloaded after import = 3

========================================================================
Received Import Request.
  Time since last request: 0.000015 seconds.
  path: Assets/Images/Resources/Utility/MetalBeam.png
  artifactKey: Guid(2997798741ac0a746a0d0e9447c07e19) Importer(2089858483,797179f86c6e516b54ff30bda720a719)
Start importing Assets/Images/Resources/Utility/MetalBeam.png using Guid(2997798741ac0a746a0d0e9447c07e19) Importer(2089858483,797179f86c6e516b54ff30bda720a719) (ScriptedImporter) -> (artifact id: 'ee97cf6bd3d3689839dbe4beaa5efd04') in 0.1145449 seconds
Number of updated asset objects reloaded before import = 0Number of asset objects unloaded after import = 2

========================================================================
Received Import Request.
  Time since last request: 0.000017 seconds.
  path: Assets/GPM/Common/Util/GpmJsonMapper.cs
  artifactKey: Guid(9cc747b651c3cc048b138b50e7d8fb73) Importer(2089858483,797179f86c6e516b54ff30bda720a719)
Start importing Assets/GPM/Common/Util/GpmJsonMapper.cs using Guid(9cc747b651c3cc048b138b50e7d8fb73) Importer(2089858483,797179f86c6e516b54ff30bda720a719) (ScriptedImporter) -> (artifact id: 'ee9ee7a8d465992c44f2340bbde129b7') in 0.1189202 seconds
Number of updated asset objects reloaded before import = 0Number of asset objects unloaded after import = 0

========================================================================
Received Import Request.
  Time since last request: 0.000151 seconds.
  path: Assets/GPM/Common/Multilanguage/Internal/MultilanguageLoader.cs
  artifactKey: Guid(9a1599783088bf14eaa273f4c1f2fdfb) Importer(2089858483,797179f86c6e516b54ff30bda720a719)
Start importing Assets/GPM/Common/Multilanguage/Internal/MultilanguageLoader.cs using Guid(9a1599783088bf14eaa273f4c1f2fdfb) Importer(2089858483,797179f86c6e516b54ff30bda720a719) (ScriptedImporter) -> (artifact id: '4d3c56ae296d68629f67001c72612edd') in 0.1001878 seconds
Number of updated asset objects reloaded before import = 0Number of asset objects unloaded after import = 0

========================================================================
Received Import Request.
  Time since last request: 0.000116 seconds.
  path: Assets/GPM/Common/ThirdParty/MessagePack/IFormatterResolver.cs
  artifactKey: Guid(2890e7eef1a90b1439b80d27b67195a7) Importer(2089858483,797179f86c6e516b54ff30bda720a719)
Start importing Assets/GPM/Common/ThirdParty/MessagePack/IFormatterResolver.cs using Guid(2890e7eef1a90b1439b80d27b67195a7) Importer(2089858483,797179f86c6e516b54ff30bda720a719) (ScriptedImporter) -> (artifact id: '5e4e5ce72a62cf9e2b023183d45b0cb7') in 0.0538992 seconds
Number of updated asset objects reloaded before import = 0Number of asset objects unloaded after import = 0

========================================================================
Received Import Request.
  Time since last request: 0.000029 seconds.
  path: Assets/GPM/Common/Indicator/Scripts/GpmIndicator.cs
  artifactKey: Guid(283a63bcfb8ad0b4ba9051beff008d09) Importer(2089858483,797179f86c6e516b54ff30bda720a719)
Start importing Assets/GPM/Common/Indicator/Scripts/GpmIndicator.cs using Guid(283a63bcfb8ad0b4ba9051beff008d09) Importer(2089858483,797179f86c6e516b54ff30bda720a719) (ScriptedImporter) -> (artifact id: 'bc4b9cd6d20b320d3aa247f1b8b7649d') in 0.122619 seconds
Number of updated asset objects reloaded before import = 0Number of asset objects unloaded after import = 0

========================================================================
Received Import Request.
  Time since last request: 0.000017 seconds.
  path: Assets/GPM/Common/ThirdParty/LitJson/JsonMockWrapper.cs
  artifactKey: Guid(8fbaa5f8518798c4882acd0782e5d747) Importer(2089858483,797179f86c6e516b54ff30bda720a719)
Start importing Assets/GPM/Common/ThirdParty/LitJson/JsonMockWrapper.cs using Guid(8fbaa5f8518798c4882acd0782e5d747) Importer(2089858483,797179f86c6e516b54ff30bda720a719) (ScriptedImporter) -> (artifact id: '984bbd79c490e333bd720b110c2fc2f5') in 0.0976513 seconds
Number of updated asset objects reloaded before import = 0Number of asset objects unloaded after import = 0

========================================================================
Received Import Request.
  Time since last request: 0.000036 seconds.
  path: Assets/Mirror/Plugins/Mono.Cecil/Mono.CecilX.Pdb.dll
  artifactKey: Guid(534d998d93b238041bddcd864f7f1088) Importer(2089858483,797179f86c6e516b54ff30bda720a719)
Start importing Assets/Mirror/Plugins/Mono.Cecil/Mono.CecilX.Pdb.dll using Guid(534d998d93b238041bddcd864f7f1088) Importer(2089858483,797179f86c6e516b54ff30bda720a719) (ScriptedImporter) -> (artifact id: '957808ffc8ac7c2b6c9179a774f083c0') in 0.0853538 seconds
Number of updated asset objects reloaded before import = 0Number of asset objects unloaded after import = 0

========================================================================
Received Import Request.
  Time since last request: 0.000039 seconds.
  path: Assets/TextMesh Pro/Resources/Style Sheets/Default Style Sheet.asset
  artifactKey: Guid(f952c082cb03451daed3ee968ac6c63e) Importer(2089858483,797179f86c6e516b54ff30bda720a719)
Start importing Assets/TextMesh Pro/Resources/Style Sheets/Default Style Sheet.asset using Guid(f952c082cb03451daed3ee968ac6c63e) Importer(2089858483,797179f86c6e516b54ff30bda720a719) (ScriptedImporter) -> (artifact id: 'd6c9a8a5a3821b4848619cd126333c54') in 0.1021767 seconds
Number of updated asset objects reloaded before import = 0Number of asset objects unloaded after import = 1

========================================================================
Received Import Request.
  Time since last request: 0.000020 seconds.
  path: Assets/Mirror/Runtime/Transport/MultiplexTransport.cs
  artifactKey: Guid(929e3234c7db540b899f00183fc2b1fe) Importer(2089858483,797179f86c6e516b54ff30bda720a719)
Start importing Assets/Mirror/Runtime/Transport/MultiplexTransport.cs using Guid(929e3234c7db540b899f00183fc2b1fe) Importer(2089858483,797179f86c6e516b54ff30bda720a719) (ScriptedImporter) -> (artifact id: '7e97d019b864e1f17e86794f4f0b59ef') in 0.0874104 seconds
Number of updated asset objects reloaded before import = 0Number of asset objects unloaded after import = 0

========================================================================
Received Import Request.
  Time since last request: 0.000052 seconds.
  path: Assets/GPM/Common/ThirdParty/MessagePack/MessagePackCode.cs
  artifactKey: Guid(6d010545b40dc5643812424430cb548b) Importer(2089858483,797179f86c6e516b54ff30bda720a719)
Start importing Assets/GPM/Common/ThirdParty/MessagePack/MessagePackCode.cs using Guid(6d010545b40dc5643812424430cb548b) Importer(2089858483,797179f86c6e516b54ff30bda720a719) (ScriptedImporter) -> (artifact id: '8f1121d31e6bfe91389d562040aedfdb') in 0.1056222 seconds
Number of updated asset objects reloaded before import = 0Number of asset objects unloaded after import = 0

========================================================================
Received Import Request.
  Time since last request: 0.000019 seconds.
  path: Assets/GPM/Common/Compress/Editor/GpmCompress.cs
  artifactKey: Guid(55b4d77faa4b7ca4eaf549a14c95e30e) Importer(2089858483,797179f86c6e516b54ff30bda720a719)
Start importing Assets/GPM/Common/Compress/Editor/GpmCompress.cs using Guid(55b4d77faa4b7ca4eaf549a14c95e30e) Importer(2089858483,797179f86c6e516b54ff30bda720a719) (ScriptedImporter) -> (artifact id: 'd7123b277ce6d2e35dde4515641b35f5') in 0.083484 seconds
Number of updated asset objects reloaded before import = 0Number of asset objects unloaded after import = 0

========================================================================
Received Import Request.
  Time since last request: 0.000015 seconds.
  path: Assets/GPM/Communicator/Scripts/Internal/Logger.cs
  artifactKey: Guid(a3875e6932667914ba0a5a76ebc4b442) Importer(2089858483,797179f86c6e516b54ff30bda720a719)
Start importing Assets/GPM/Communicator/Scripts/Internal/Logger.cs using Guid(a3875e6932667914ba0a5a76ebc4b442) Importer(2089858483,797179f86c6e516b54ff30bda720a719) (ScriptedImporter) -> (artifact id: '4b887bd6fee8a4dd14a5828b15957dac') in 0.067518 seconds
Number of updated asset objects reloaded before import = 0Number of asset objects unloaded after import = 0

========================================================================
Received Import Request.
  Time since last request: 0.000043 seconds.
  path: Assets/Images/Resources/SmallArms/Ammo/7.92mm.png
  artifactKey: Guid(d79c0355fa3dc1c4fb5f473e3469527b) Importer(2089858483,797179f86c6e516b54ff30bda720a719)
Start importing Assets/Images/Resources/SmallArms/Ammo/7.92mm.png using Guid(d79c0355fa3dc1c4fb5f473e3469527b) Importer(2089858483,797179f86c6e516b54ff30bda720a719) (ScriptedImporter) -> (artifact id: 'd393e3287b6081dc93ea4ff59ffa3c16') in 0.0864898 seconds
Number of updated asset objects reloaded before import = 0Number of asset objects unloaded after import = 2

========================================================================
Received Import Request.
  Time since last request: 0.000014 seconds.
  path: Assets/Images/Resources/SmallArms/Ammo/44.png
  artifactKey: Guid(81caa7f56fc393240a068610eda7740c) Importer(2089858483,797179f86c6e516b54ff30bda720a719)
Start importing Assets/Images/Resources/SmallArms/Ammo/44.png using Guid(81caa7f56fc393240a068610eda7740c) Importer(2089858483,797179f86c6e516b54ff30bda720a719) (ScriptedImporter) -> (artifact id: 'a5f4b4bbca80d8764d39505b7116ac21') in 0.1465666 seconds
Number of updated asset objects reloaded before import = 0Number of asset objects unloaded after import = 2

========================================================================
Received Import Request.
  Time since last request: 0.000016 seconds.
  path: Assets/Images/Resources/SmallArms/Ammo/9mm.png
  artifactKey: Guid(23f8778261dd6fd4db35c38d715d71c3) Importer(2089858483,797179f86c6e516b54ff30bda720a719)
Start importing Assets/Images/Resources/SmallArms/Ammo/9mm.png using Guid(23f8778261dd6fd4db35c38d715d71c3) Importer(2089858483,797179f86c6e516b54ff30bda720a719) (ScriptedImporter) -> (artifact id: '9771b29ac6a79a618d33912785f18e11') in 0.0649591 seconds
Number of updated asset objects reloaded before import = 0Number of asset objects unloaded after import = 2

========================================================================
Received Import Request.
  Time since last request: 0.000027 seconds.
  path: Assets/GPM/Communicator/Scripts/Internal/Communicator.cs
  artifactKey: Guid(3bf1fc00c29a6874abb90dc4bc50ec2c) Importer(2089858483,797179f86c6e516b54ff30bda720a719)
Start importing Assets/GPM/Communicator/Scripts/Internal/Communicator.cs using Guid(3bf1fc00c29a6874abb90dc4bc50ec2c) Importer(2089858483,797179f86c6e516b54ff30bda720a719) (ScriptedImporter) -> (artifact id: 'ee4c1a6cad294217ee9be182a427ae23') in 0.3439608 seconds
Number of updated asset objects reloaded before import = 0Number of asset objects unloaded after import = 0

========================================================================
Received Import Request.
  Time since last request: 0.000151 seconds.
  path: Assets/Images/Resources/HeavyArms/Ammo/ATRPGIndirect.png
  artifactKey: Guid(945635a182541864ea3d0cb7ff396969) Importer(2089858483,797179f86c6e516b54ff30bda720a719)
Start importing Assets/Images/Resources/HeavyArms/Ammo/ATRPGIndirect.png using Guid(945635a182541864ea3d0cb7ff396969) Importer(2089858483,797179f86c6e516b54ff30bda720a719) (ScriptedImporter) -> (artifact id: 'adcee8d6f20327d8f3ee0bb4c337e80d') in 0.0792553 seconds
Number of updated asset objects reloaded before import = 0Number of asset objects unloaded after import = 2

========================================================================
Received Import Request.
  Time since last request: 0.000014 seconds.
  path: Assets/GPM/Common/ThirdParty/SharpCompress/LazyReadOnlyCollection.cs
  artifactKey: Guid(4710b42001828ad4985d16167948d6e5) Importer(2089858483,797179f86c6e516b54ff30bda720a719)
Start importing Assets/GPM/Common/ThirdParty/SharpCompress/LazyReadOnlyCollection.cs using Guid(4710b42001828ad4985d16167948d6e5) Importer(2089858483,797179f86c6e516b54ff30bda720a719) (ScriptedImporter) -> (artifact id: '9a9efeab064d7b740fc7addd90aeffa8') in 0.0561075 seconds
Number of updated asset objects reloaded before import = 0Number of asset objects unloaded after import = 0

========================================================================
Received Import Request.
  Time since last request: 0.000039 seconds.
  path: Assets/Mirror/Editor/Weaver/Processors/ServerClientAttributeProcessor.cs
  artifactKey: Guid(024f251bf693bb345b90b9177892d534) Importer(2089858483,797179f86c6e516b54ff30bda720a719)
Start importing Assets/Mirror/Editor/Weaver/Processors/ServerClientAttributeProcessor.cs using Guid(024f251bf693bb345b90b9177892d534) Importer(2089858483,797179f86c6e516b54ff30bda720a719) (ScriptedImporter) -> (artifact id: 'f63d5117a04cfe2e4d11021a95b03f31') in 0.0940956 seconds
Number of updated asset objects reloaded before import = 0Number of asset objects unloaded after import = 0

========================================================================
Received Import Request.
  Time since last request: 0.000055 seconds.
  path: Assets/Mirror/Components/InterestManagement/SpatialHashing/Grid2D.cs
  artifactKey: Guid(7c5232a4d2854116a35d52b80ec07752) Importer(2089858483,797179f86c6e516b54ff30bda720a719)
Start importing Assets/Mirror/Components/InterestManagement/SpatialHashing/Grid2D.cs using Guid(7c5232a4d2854116a35d52b80ec07752) Importer(2089858483,797179f86c6e516b54ff30bda720a719) (ScriptedImporter) -> (artifact id: 'dc3f8a80e671b5bb18b7ae7d45ad643f') in 0.1537066 seconds
Number of updated asset objects reloaded before import = 0Number of asset objects unloaded after import = 0

========================================================================
Received Import Request.
  Time since last request: 0.000016 seconds.
  path: Assets/MapToolPack/TextMesh Pro/Resources/Shaders/TMP_SDF-Mobile.shader
  artifactKey: Guid(d6f040b5978890f439c411cc8e6a2206) Importer(2089858483,797179f86c6e516b54ff30bda720a719)
Start importing Assets/MapToolPack/TextMesh Pro/Resources/Shaders/TMP_SDF-Mobile.shader using Guid(d6f040b5978890f439c411cc8e6a2206) Importer(2089858483,797179f86c6e516b54ff30bda720a719) (ScriptedImporter) -> (artifact id: '1c54f87fd01892dab9fc33ff0c66da40') in 0.1104324 seconds
Number of updated asset objects reloaded before import = 0Number of asset objects unloaded after import = 1

========================================================================
Received Import Request.
  Time since last request: 0.000013 seconds.
  path: Assets/MapToolPack/TextMesh Pro/Resources/Shaders/TMP_SDF-Mobile Masking.shader
  artifactKey: Guid(085286c07644a0445b731996c93c54b8) Importer(2089858483,797179f86c6e516b54ff30bda720a719)
Start importing Assets/MapToolPack/TextMesh Pro/Resources/Shaders/TMP_SDF-Mobile Masking.shader using Guid(085286c07644a0445b731996c93c54b8) Importer(2089858483,797179f86c6e516b54ff30bda720a719) (ScriptedImporter) -> (artifact id: 'e1467f5025cc9de3fddfc1b224cadf19') in 0.114955 seconds
Number of updated asset objects reloaded before import = 0Number of asset objects unloaded after import = 1

========================================================================
Received Import Request.
  Time since last request: 0.000021 seconds.
  path: Assets/MapToolPack/TextMesh Pro/Resources/Shaders/TMP_SDF Overlay.shader
  artifactKey: Guid(e22998fd993cfa540b12e838b2929e0e) Importer(2089858483,797179f86c6e516b54ff30bda720a719)
Start importing Assets/MapToolPack/TextMesh Pro/Resources/Shaders/TMP_SDF Overlay.shader using Guid(e22998fd993cfa540b12e838b2929e0e) Importer(2089858483,797179f86c6e516b54ff30bda720a719) (ScriptedImporter) -> (artifact id: 'b92e57798d1c194023a9edfac691a917') in 0.1077575 seconds
Number of updated asset objects reloaded before import = 0Number of asset objects unloaded after import = 1

========================================================================
Received Import Request.
  Time since last request: 0.000014 seconds.
  path: Assets/MapToolPack/TextMesh Pro/Resources/Shaders/TMP_SDF-Surface.shader
  artifactKey: Guid(94d894c85fb9a4847a45abc658211c88) Importer(2089858483,797179f86c6e516b54ff30bda720a719)
Start importing Assets/MapToolPack/TextMesh Pro/Resources/Shaders/TMP_SDF-Surface.shader using Guid(94d894c85fb9a4847a45abc658211c88) Importer(2089858483,797179f86c6e516b54ff30bda720a719) (ScriptedImporter) -> (artifact id: 'e1b47cdc477ae13be0ed0c5f5f044a67') in 0.1050057 seconds
Number of updated asset objects reloaded before import = 0Number of asset objects unloaded after import = 1

========================================================================
Received Import Request.
  Time since last request: 0.000014 seconds.
  path: Assets/Mirror/Editor/Weaver/Processors/SyncObjectInitializer.cs
  artifactKey: Guid(d02219b00b3674e59a2151f41e791688) Importer(2089858483,797179f86c6e516b54ff30bda720a719)
Start importing Assets/Mirror/Editor/Weaver/Processors/SyncObjectInitializer.cs using Guid(d02219b00b3674e59a2151f41e791688) Importer(2089858483,797179f86c6e516b54ff30bda720a719) (ScriptedImporter) -> (artifact id: 'f51c559eed7ed2d215576b87ef4a8937') in 0.0997084 seconds
Number of updated asset objects reloaded before import = 0Number of asset objects unloaded after import = 0

========================================================================
Received Import Request.
  Time since last request: 0.000048 seconds.
  path: Assets/MapToolPack/TextMesh Pro/Resources/Fonts & Materials/LiberationSans SDF - Outline.mat
  artifactKey: Guid(8f6732f0769742c47bb0a1d2268ec606) Importer(2089858483,797179f86c6e516b54ff30bda720a719)
Start importing Assets/MapToolPack/TextMesh Pro/Resources/Fonts & Materials/LiberationSans SDF - Outline.mat using Guid(8f6732f0769742c47bb0a1d2268ec606) Importer(2089858483,797179f86c6e516b54ff30bda720a719) (ScriptedImporter) -> (artifact id: 'a42282dd48cc581268fe2d6c4bdb9039') in 0.1096727 seconds
Number of updated asset objects reloaded before import = 0Number of asset objects unloaded after import = 1

========================================================================
Received Import Request.
  Time since last request: 0.000017 seconds.
  path: Assets/Mirror/Editor/Empty/ScriptableObjectUtility.cs
  artifactKey: Guid(4d54a29ddd5b52b4eaa07ed39c0e3e83) Importer(2089858483,797179f86c6e516b54ff30bda720a719)
Start importing Assets/Mirror/Editor/Empty/ScriptableObjectUtility.cs using Guid(4d54a29ddd5b52b4eaa07ed39c0e3e83) Importer(2089858483,797179f86c6e516b54ff30bda720a719) (ScriptedImporter) -> (artifact id: 'a9d17f63118646ab065c8989920ff47e') in 0.1142896 seconds
Number of updated asset objects reloaded before import = 0Number of asset objects unloaded after import = 0

========================================================================
Received Import Request.
  Time since last request: 0.000046 seconds.
  path: Assets/Mirror/Examples/Benchmark/Scenes/Scene.unity
  artifactKey: Guid(3b956c7d68b6144dd8e6c36636e25b52) Importer(2089858483,797179f86c6e516b54ff30bda720a719)
Start importing Assets/Mirror/Examples/Benchmark/Scenes/Scene.unity using Guid(3b956c7d68b6144dd8e6c36636e25b52) Importer(2089858483,797179f86c6e516b54ff30bda720a719) (ScriptedImporter) -> (artifact id: '4a4f81c47e6588dc36b93141f97c117f') in 0.0732895 seconds
Number of updated asset objects reloaded before import = 0Number of asset objects unloaded after import = 1

========================================================================
Received Import Request.
  Time since last request: 0.000032 seconds.
  path: Assets/Mirror/Examples/AdditiveScenes/Prefabs/Sphere.prefab
  artifactKey: Guid(f6d08eb9a8e35d84fa30a7e3ae64181a) Importer(2089858483,797179f86c6e516b54ff30bda720a719)
Start importing Assets/Mirror/Examples/AdditiveScenes/Prefabs/Sphere.prefab using Guid(f6d08eb9a8e35d84fa30a7e3ae64181a) Importer(2089858483,797179f86c6e516b54ff30bda720a719) (ScriptedImporter) -> (artifact id: '39bfe1629b6529cc400d3e4decb7f2be') in 0.1439125 seconds
Number of updated asset objects reloaded before import = 0Number of asset objects unloaded after import = 11

========================================================================
Received Import Request.
  Time since last request: 0.000021 seconds.
  path: Assets/Mirror/Examples/AdditiveScenes/AnimationControllers/Tank.controller
  artifactKey: Guid(e0dbc8b2f2711a54f9b7ed1358a4c6af) Importer(2089858483,797179f86c6e516b54ff30bda720a719)
Start importing Assets/Mirror/Examples/AdditiveScenes/AnimationControllers/Tank.controller using Guid(e0dbc8b2f2711a54f9b7ed1358a4c6af) Importer(2089858483,797179f86c6e516b54ff30bda720a719) (ScriptedImporter) -> (artifact id: '1b3593a96bd800ecc2ccbb5bf5a44fac') in 0.1513769 seconds
Number of updated asset objects reloaded before import = 0Number of asset objects unloaded after import = 1

========================================================================
Received Import Request.
  Time since last request: 0.000024 seconds.
  path: Assets/Mirror/Examples/AdditiveScenes/Prefabs/Player.prefab
  artifactKey: Guid(a5bdca0a2315d43499be7dcef473fbc7) Importer(2089858483,797179f86c6e516b54ff30bda720a719)
Start importing Assets/Mirror/Examples/AdditiveScenes/Prefabs/Player.prefab using Guid(a5bdca0a2315d43499be7dcef473fbc7) Importer(2089858483,797179f86c6e516b54ff30bda720a719) (ScriptedImporter) -> (artifact id: '42bbd3ca320f8ab7d4c662a219636118') in 0.1021762 seconds
Number of updated asset objects reloaded before import = 0Number of asset objects unloaded after import = 19

========================================================================
Received Import Request.
  Time since last request: 0.000014 seconds.
  path: Assets/Mirror/Examples/AdditiveScenes/Scripts/RandomColor.cs
  artifactKey: Guid(42d1f80407105ee4f960f0b51e89452d) Importer(2089858483,797179f86c6e516b54ff30bda720a719)
Start importing Assets/Mirror/Examples/AdditiveScenes/Scripts/RandomColor.cs using Guid(42d1f80407105ee4f960f0b51e89452d) Importer(2089858483,797179f86c6e516b54ff30bda720a719) (ScriptedImporter) -> (artifact id: 'b87f73ebf3c9e8568d8607f27985890e') in 0.0741438 seconds
Number of updated asset objects reloaded before import = 0Number of asset objects unloaded after import = 0

========================================================================
Received Import Request.
  Time since last request: 0.000095 seconds.
  path: Assets/Mirror/Examples/Discovery/Scenes/Scene.unity
  artifactKey: Guid(90fddc74fa21c423599167eb28b09dd1) Importer(2089858483,797179f86c6e516b54ff30bda720a719)
Start importing Assets/Mirror/Examples/Discovery/Scenes/Scene.unity using Guid(90fddc74fa21c423599167eb28b09dd1) Importer(2089858483,797179f86c6e516b54ff30bda720a719) (ScriptedImporter) -> (artifact id: '769c9f6f0cf80b96244bc411cc901e82') in 0.1147097 seconds
Number of updated asset objects reloaded before import = 0Number of asset objects unloaded after import = 1

========================================================================
Received Import Request.
  Time since last request: 0.000023 seconds.
  path: Assets/Mirror/Examples/MultipleMatches/Scripts/MatchGUI.cs
  artifactKey: Guid(e875a237ce12c3145b20f17222f10b68) Importer(2089858483,797179f86c6e516b54ff30bda720a719)
Start importing Assets/Mirror/Examples/MultipleMatches/Scripts/MatchGUI.cs using Guid(e875a237ce12c3145b20f17222f10b68) Importer(2089858483,797179f86c6e516b54ff30bda720a719) (ScriptedImporter) -> (artifact id: 'c643d16ef7dff1721c4bc788cbafb6e1') in 0.1175641 seconds
Number of updated asset objects reloaded before import = 0Number of asset objects unloaded after import = 0

========================================================================
Received Import Request.
  Time since last request: 0.000026 seconds.
  path: Assets/Mirror/Examples/RigidbodyPhysics/Materials/Blue.mat
  artifactKey: Guid(84335f003ad8f42408d13787e76d4f94) Importer(2089858483,797179f86c6e516b54ff30bda720a719)
Start importing Assets/Mirror/Examples/RigidbodyPhysics/Materials/Blue.mat using Guid(84335f003ad8f42408d13787e76d4f94) Importer(2089858483,797179f86c6e516b54ff30bda720a719) (ScriptedImporter) -> (artifact id: 'dfffb0dc39599ddfe7da2421525e634d') in 0.0601175 seconds
Number of updated asset objects reloaded before import = 0Number of asset objects unloaded after import = 1

========================================================================
Received Import Request.
  Time since last request: 0.000013 seconds.
  path: Assets/Mirror/Examples/MultipleMatches/Scripts/CanvasController.cs
  artifactKey: Guid(c12d7cb6cdb799041927819f22a2c931) Importer(2089858483,797179f86c6e516b54ff30bda720a719)
Start importing Assets/Mirror/Examples/MultipleMatches/Scripts/CanvasController.cs using Guid(c12d7cb6cdb799041927819f22a2c931) Importer(2089858483,797179f86c6e516b54ff30bda720a719) (ScriptedImporter) -> (artifact id: 'cbe8a77021111a238b5839727092ee46') in 0.0599303 seconds
Number of updated asset objects reloaded before import = 0Number of asset objects unloaded after import = 0

========================================================================
Received Import Request.
  Time since last request: 0.000043 seconds.
  path: Assets/Mirror/Examples/MultipleMatches/Prefabs/PlayerGUI.prefab
  artifactKey: Guid(504f86497324bc040be44f6f88b6cc73) Importer(2089858483,797179f86c6e516b54ff30bda720a719)
Start importing Assets/Mirror/Examples/MultipleMatches/Prefabs/PlayerGUI.prefab using Guid(504f86497324bc040be44f6f88b6cc73) Importer(2089858483,797179f86c6e516b54ff30bda720a719) (ScriptedImporter) -> (artifact id: 'dcbc3ebd8b9006506ac70b14b4dfe237') in 0.0474591 seconds
Number of updated asset objects reloaded before import = 0Number of asset objects unloaded after import = 12

========================================================================
Received Import Request.
  Time since last request: 0.000014 seconds.
  path: Assets/Mirror/Examples/MultipleAdditiveScenes/Scripts/PhysicsSimulator.cs
  artifactKey: Guid(78e3051d2c03f27429276d8a55a6d15c) Importer(2089858483,797179f86c6e516b54ff30bda720a719)
Start importing Assets/Mirror/Examples/MultipleAdditiveScenes/Scripts/PhysicsSimulator.cs using Guid(78e3051d2c03f27429276d8a55a6d15c) Importer(2089858483,797179f86c6e516b54ff30bda720a719) (ScriptedImporter) -> (artifact id: '2d114b795ae6ff81a44cf75a8c4b3529') in 0.1380569 seconds
Number of updated asset objects reloaded before import = 0Number of asset objects unloaded after import = 0

========================================================================
Received Import Request.
  Time since last request: 0.000013 seconds.
  path: Assets/Mirror/Examples/MultipleMatches/Scripts/CellGUI.cs
  artifactKey: Guid(9cda2a394a443474689a3c6d6044f7b0) Importer(2089858483,797179f86c6e516b54ff30bda720a719)
Start importing Assets/Mirror/Examples/MultipleMatches/Scripts/CellGUI.cs using Guid(9cda2a394a443474689a3c6d6044f7b0) Importer(2089858483,797179f86c6e516b54ff30bda720a719) (ScriptedImporter) -> (artifact id: '78e4c692353fe7b4656b82b5d8aaf2a9') in 0.0865571 seconds
Number of updated asset objects reloaded before import = 0Number of asset objects unloaded after import = 0

========================================================================
Received Import Request.
  Time since last request: 0.000081 seconds.
  path: Assets/Mirror/Examples/MultipleMatches/Scripts/MatchMessages.cs
  artifactKey: Guid(a98b377d8481e52449b996e45a015b8c) Importer(2089858483,797179f86c6e516b54ff30bda720a719)
Start importing Assets/Mirror/Examples/MultipleMatches/Scripts/MatchMessages.cs using Guid(a98b377d8481e52449b996e45a015b8c) Importer(2089858483,797179f86c6e516b54ff30bda720a719) (ScriptedImporter) -> (artifact id: '1a24baa6cab4d9d85388321322c928ed') in 0.0679993 seconds
Number of updated asset objects reloaded before import = 0Number of asset objects unloaded after import = 0

========================================================================
Received Import Request.
  Time since last request: 0.000052 seconds.
  path: Assets/Mirror/Examples/Basic/Scripts/Player.cs
  artifactKey: Guid(a472ac3ae1701d149861871cf416a46d) Importer(2089858483,797179f86c6e516b54ff30bda720a719)
Start importing Assets/Mirror/Examples/Basic/Scripts/Player.cs using Guid(a472ac3ae1701d149861871cf416a46d) Importer(2089858483,797179f86c6e516b54ff30bda720a719) (ScriptedImporter) -> (artifact id: 'db4e5181d43ec25e260e24396444c65b') in 0.0901687 seconds
Number of updated asset objects reloaded before import = 0Number of asset objects unloaded after import = 0

========================================================================
Received Import Request.
  Time since last request: 0.000024 seconds.
  path: Assets/Images/Resources/SmallArms/Ammo/12.7mm.png
  artifactKey: Guid(de2c947292536b044a6fe3d5b16c99d1) Importer(2089858483,797179f86c6e516b54ff30bda720a719)
Start importing Assets/Images/Resources/SmallArms/Ammo/12.7mm.png using Guid(de2c947292536b044a6fe3d5b16c99d1) Importer(2089858483,797179f86c6e516b54ff30bda720a719) (ScriptedImporter) -> (artifact id: 'dd02a86902cf71cf11d639029137d401') in 0.0698118 seconds
Number of updated asset objects reloaded before import = 0Number of asset objects unloaded after import = 2

========================================================================
Received Import Request.
  Time since last request: 0.000017 seconds.
  path: Assets/Mirror/Examples/Room/Scenes/OnlineScene.unity
  artifactKey: Guid(d7a6763559b31854586c9e49916273ef) Importer(2089858483,797179f86c6e516b54ff30bda720a719)
Start importing Assets/Mirror/Examples/Room/Scenes/OnlineScene.unity using Guid(d7a6763559b31854586c9e49916273ef) Importer(2089858483,797179f86c6e516b54ff30bda720a719) (ScriptedImporter) -> (artifact id: 'd78b581fca07f201eb82c51eb009115f') in 0.0818965 seconds
Number of updated asset objects reloaded before import = 0Number of asset objects unloaded after import = 1

========================================================================
Received Import Request.
  Time since last request: 0.000027 seconds.
  path: Assets/Mirror/Runtime/Empty/Cloud/ListServerJson.cs
  artifactKey: Guid(a963606335eae0f47abe7ecb5fd028ea) Importer(2089858483,797179f86c6e516b54ff30bda720a719)
Start importing Assets/Mirror/Runtime/Empty/Cloud/ListServerJson.cs using Guid(a963606335eae0f47abe7ecb5fd028ea) Importer(2089858483,797179f86c6e516b54ff30bda720a719) (ScriptedImporter) -> (artifact id: 'f032823961b4717b2ea8961dace58fa9') in 0.1523836 seconds
Number of updated asset objects reloaded before import = 0Number of asset objects unloaded after import = 0

========================================================================
Received Import Request.
  Time since last request: 0.000092 seconds.
  path: Assets/Mirror/Examples/Room/Materials/Prize.mat
  artifactKey: Guid(a1d7c9f39b41d414d86e64f7761cd545) Importer(2089858483,797179f86c6e516b54ff30bda720a719)
Start importing Assets/Mirror/Examples/Room/Materials/Prize.mat using Guid(a1d7c9f39b41d414d86e64f7761cd545) Importer(2089858483,797179f86c6e516b54ff30bda720a719) (ScriptedImporter) -> (artifact id: 'd53a6193aefc206d8b0462525dcad041') in 0.098354 seconds
Number of updated asset objects reloaded before import = 0Number of asset objects unloaded after import = 1

========================================================================
Received Import Request.
  Time since last request: 0.000035 seconds.
  path: Assets/Mirror/Runtime/Empty/Cloud/ServerListManager.cs
  artifactKey: Guid(bfc354d4a7f63ca45a653bf5d479afa0) Importer(2089858483,797179f86c6e516b54ff30bda720a719)
Start importing Assets/Mirror/Runtime/Empty/Cloud/ServerListManager.cs using Guid(bfc354d4a7f63ca45a653bf5d479afa0) Importer(2089858483,797179f86c6e516b54ff30bda720a719) (ScriptedImporter) -> (artifact id: '4a2b07304d828a0955a30941e1dfbd23') in 0.1257759 seconds
Number of updated asset objects reloaded before import = 0Number of asset objects unloaded after import = 0

========================================================================
Received Import Request.
  Time since last request: 0.000031 seconds.
  path: Assets/Mirror/Examples/Room/Scenes/RoomScene.unity
  artifactKey: Guid(48478f4d522f96945b8396f376299d3a) Importer(2089858483,797179f86c6e516b54ff30bda720a719)
Start importing Assets/Mirror/Examples/Room/Scenes/RoomScene.unity using Guid(48478f4d522f96945b8396f376299d3a) Importer(2089858483,797179f86c6e516b54ff30bda720a719) (ScriptedImporter) -> (artifact id: '880e8649e2dcd5f88ab0861c51c40ce2') in 0.0742329 seconds
Number of updated asset objects reloaded before import = 0Number of asset objects unloaded after import = 1

========================================================================
Received Import Request.
  Time since last request: 0.000065 seconds.
  path: Assets/Mirror/Runtime/Empty/Cloud/RequestCreator.cs
  artifactKey: Guid(cfaa626443cc7c94eae138a2e3a04d7c) Importer(2089858483,797179f86c6e516b54ff30bda720a719)
Start importing Assets/Mirror/Runtime/Empty/Cloud/RequestCreator.cs using Guid(cfaa626443cc7c94eae138a2e3a04d7c) Importer(2089858483,797179f86c6e516b54ff30bda720a719) (ScriptedImporter) -> (artifact id: '3065eb14769d5a159e4dd4a1b5d8be3c') in 0.0440624 seconds
Number of updated asset objects reloaded before import = 0Number of asset objects unloaded after import = 0

========================================================================
Received Import Request.
  Time since last request: 0.000060 seconds.
  path: Assets/Mirror/Examples/Room/Scripts/PlayerController.cs
  artifactKey: Guid(24fd13686a451ad498101a604d134e39) Importer(2089858483,797179f86c6e516b54ff30bda720a719)
Start importing Assets/Mirror/Examples/Room/Scripts/PlayerController.cs using Guid(24fd13686a451ad498101a604d134e39) Importer(2089858483,797179f86c6e516b54ff30bda720a719) (ScriptedImporter) -> (artifact id: '8fdb8686fca665998cdf84c8ab4734f6') in 0.1092294 seconds
Number of updated asset objects reloaded before import = 0Number of asset objects unloaded after import = 0

========================================================================
Received Import Request.
  Time since last request: 0.000055 seconds.
  path: Assets/GPM/Common/ThirdParty/MessagePack/Formatters/PrimitiveFormatter.cs
  artifactKey: Guid(6c6e1f473ed23654fa9ccaf226653826) Importer(2089858483,797179f86c6e516b54ff30bda720a719)
Start importing Assets/GPM/Common/ThirdParty/MessagePack/Formatters/PrimitiveFormatter.cs using Guid(6c6e1f473ed23654fa9ccaf226653826) Importer(2089858483,797179f86c6e516b54ff30bda720a719) (ScriptedImporter) -> (artifact id: '5f3ea27107718a0f5458a1e29967abc4') in 0.0999728 seconds
Number of updated asset objects reloaded before import = 0Number of asset objects unloaded after import = 0

========================================================================
Received Import Request.
  Time since last request: 0.000038 seconds.
  path: Assets/Mirror/Runtime/Transport/SimpleWebTransport/SslConfigLoader.cs
  artifactKey: Guid(dfdb6b97a48a48b498e563e857342da1) Importer(2089858483,797179f86c6e516b54ff30bda720a719)
Start importing Assets/Mirror/Runtime/Transport/SimpleWebTransport/SslConfigLoader.cs using Guid(dfdb6b97a48a48b498e563e857342da1) Importer(2089858483,797179f86c6e516b54ff30bda720a719) (ScriptedImporter) -> (artifact id: 'ccc0bd5a2db521687ffb186528d619ab') in 0.0971732 seconds
Number of updated asset objects reloaded before import = 0Number of asset objects unloaded after import = 0

========================================================================
Received Import Request.
  Time since last request: 0.000057 seconds.
  path: Assets/Mirror/Examples/Tanks/Scripts/Tank.cs
  artifactKey: Guid(7deadf756194d461e9140e42d651693b) Importer(2089858483,797179f86c6e516b54ff30bda720a719)
Start importing Assets/Mirror/Examples/Tanks/Scripts/Tank.cs using Guid(7deadf756194d461e9140e42d651693b) Importer(2089858483,797179f86c6e516b54ff30bda720a719) (ScriptedImporter) -> (artifact id: 'c059acfb208ca4b84a407b819c7eefa8') in 0.098588 seconds
Number of updated asset objects reloaded before import = 0Number of asset objects unloaded after import = 0

========================================================================
Received Import Request.
  Time since last request: 0.000085 seconds.
  path: Assets/Mirror/Runtime/Transport/SimpleWebTransport/SimpleWebTransport.cs
  artifactKey: Guid(0110f245bfcfc7d459681f7bd9ebc590) Importer(2089858483,797179f86c6e516b54ff30bda720a719)
Start importing Assets/Mirror/Runtime/Transport/SimpleWebTransport/SimpleWebTransport.cs using Guid(0110f245bfcfc7d459681f7bd9ebc590) Importer(2089858483,797179f86c6e516b54ff30bda720a719) (ScriptedImporter) -> (artifact id: '13dfb6eaccec97f54144c511bf155d29') in 0.086489 seconds
Number of updated asset objects reloaded before import = 0Number of asset objects unloaded after import = 0

========================================================================
Received Import Request.
  Time since last request: 0.000046 seconds.
  path: Assets/GPM/Common/ThirdParty/MessagePack/Formatters/StandardClassLibraryFormatter.cs
  artifactKey: Guid(5febdcdef21667e4a8646db4a62d9c15) Importer(2089858483,797179f86c6e516b54ff30bda720a719)
Start importing Assets/GPM/Common/ThirdParty/MessagePack/Formatters/StandardClassLibraryFormatter.cs using Guid(5febdcdef21667e4a8646db4a62d9c15) Importer(2089858483,797179f86c6e516b54ff30bda720a719) (ScriptedImporter) -> (artifact id: '19ed448798f10e029763a8f0fe78e619') in 0.0976463 seconds
Number of updated asset objects reloaded before import = 0Number of asset objects unloaded after import = 0

========================================================================
Received Import Request.
  Time since last request: 0.000063 seconds.
  path: Assets/Mirror/Examples/AdditiveScenes/Prefabs/Cube.prefab
  artifactKey: Guid(4ff300cf6bb3c6342a9552c4f18788c8) Importer(2089858483,797179f86c6e516b54ff30bda720a719)
Start importing Assets/Mirror/Examples/AdditiveScenes/Prefabs/Cube.prefab using Guid(4ff300cf6bb3c6342a9552c4f18788c8) Importer(2089858483,797179f86c6e516b54ff30bda720a719) (ScriptedImporter) -> (artifact id: '65f15d9c315ddd393568d7f48eda2efd') in 0.1396344 seconds
Number of updated asset objects reloaded before import = 0Number of asset objects unloaded after import = 11

========================================================================
Received Import Request.
  Time since last request: 0.000017 seconds.
  path: Assets/GPM/Common/ThirdParty/MessagePack/Internal/ByteArrayComparer.cs
  artifactKey: Guid(772e8937f6f9b0140898e6fb9d354c05) Importer(2089858483,797179f86c6e516b54ff30bda720a719)
Start importing Assets/GPM/Common/ThirdParty/MessagePack/Internal/ByteArrayComparer.cs using Guid(772e8937f6f9b0140898e6fb9d354c05) Importer(2089858483,797179f86c6e516b54ff30bda720a719) (ScriptedImporter) -> (artifact id: '5bdb07db384714284f8c87dc7ca6a737') in 0.0976961 seconds
Number of updated asset objects reloaded before import = 0Number of asset objects unloaded after import = 0

========================================================================
Received Import Request.
  Time since last request: 0.000039 seconds.
  path: Assets/GPM/Common/ThirdParty/MessagePack/Resolvers/DynamicEnumAsStringResolver.cs
  artifactKey: Guid(b050318341300494a8f577276151f799) Importer(2089858483,797179f86c6e516b54ff30bda720a719)
Start importing Assets/GPM/Common/ThirdParty/MessagePack/Resolvers/DynamicEnumAsStringResolver.cs using Guid(b050318341300494a8f577276151f799) Importer(2089858483,797179f86c6e516b54ff30bda720a719) (ScriptedImporter) -> (artifact id: '0274c2f7ab83b3f910289d8c89969764') in 0.1117861 seconds
Number of updated asset objects reloaded before import = 0Number of asset objects unloaded after import = 0

========================================================================
Received Import Request.
  Time since last request: 0.000046 seconds.
  path: Assets/GPM/Common/ThirdParty/MessagePack/Internal/ReflectionExtensions.cs
  artifactKey: Guid(1113cad2035f07a4a8cbf27868f4a010) Importer(2089858483,797179f86c6e516b54ff30bda720a719)
Start importing Assets/GPM/Common/ThirdParty/MessagePack/Internal/ReflectionExtensions.cs using Guid(1113cad2035f07a4a8cbf27868f4a010) Importer(2089858483,797179f86c6e516b54ff30bda720a719) (ScriptedImporter) -> (artifact id: '1f0c5ac3c406889d06a1b2ea0dc25eb5') in 0.0862852 seconds
Number of updated asset objects reloaded before import = 0Number of asset objects unloaded after import = 0

========================================================================
Received Import Request.
  Time since last request: 0.000051 seconds.
  path: Assets/GPM/Common/ThirdParty/MessagePack/Resolvers/CompositeResolver.cs
  artifactKey: Guid(83df7547e777d26418414e301705f8e6) Importer(2089858483,797179f86c6e516b54ff30bda720a719)
Start importing Assets/GPM/Common/ThirdParty/MessagePack/Resolvers/CompositeResolver.cs using Guid(83df7547e777d26418414e301705f8e6) Importer(2089858483,797179f86c6e516b54ff30bda720a719) (ScriptedImporter) -> (artifact id: '5fb4542154f9fa0184cf6c3b0400f2be') in 0.1215235 seconds
Number of updated asset objects reloaded before import = 0Number of asset objects unloaded after import = 0

========================================================================
Received Import Request.
  Time since last request: 0.000059 seconds.
  path: Assets/GPM/Common/ThirdParty/MessagePack/Internal/TinyJsonReader.cs
  artifactKey: Guid(0acba372317dd1a48abed59c7af82314) Importer(2089858483,797179f86c6e516b54ff30bda720a719)
Start importing Assets/GPM/Common/ThirdParty/MessagePack/Internal/TinyJsonReader.cs using Guid(0acba372317dd1a48abed59c7af82314) Importer(2089858483,797179f86c6e516b54ff30bda720a719) (ScriptedImporter) -> (artifact id: '0e7dc085c438969c3be321699b6f2e64') in 0.148788 seconds
Number of updated asset objects reloaded before import = 0Number of asset objects unloaded after import = 0

========================================================================
Received Import Request.
  Time since last request: 0.000025 seconds.
  path: Assets/ParrelSync/ParrelSync/Editor/AssetModBlock/ParrelSyncAssetModificationProcessor.cs
  artifactKey: Guid(755e570bd21b39440a923056e60f1450) Importer(2089858483,797179f86c6e516b54ff30bda720a719)
Start importing Assets/ParrelSync/ParrelSync/Editor/AssetModBlock/ParrelSyncAssetModificationProcessor.cs using Guid(755e570bd21b39440a923056e60f1450) Importer(2089858483,797179f86c6e516b54ff30bda720a719) (ScriptedImporter) -> (artifact id: '0fc652f1c8c140780e8923a97243a6ea') in 0.0984589 seconds
Number of updated asset objects reloaded before import = 0Number of asset objects unloaded after import = 0

========================================================================
Received Import Request.
  Time since last request: 0.000071 seconds.
  path: Assets/GPM/Common/ThirdParty/SharpCompress/Archives/IWritableArchive.cs
  artifactKey: Guid(2cfdace142c160647af7db4aafe0c1db) Importer(2089858483,797179f86c6e516b54ff30bda720a719)
Start importing Assets/GPM/Common/ThirdParty/SharpCompress/Archives/IWritableArchive.cs using Guid(2cfdace142c160647af7db4aafe0c1db) Importer(2089858483,797179f86c6e516b54ff30bda720a719) (ScriptedImporter) -> (artifact id: '3f84966e8878762d1501c7fbc4ac476b') in 0.0686899 seconds
Number of updated asset objects reloaded before import = 0Number of asset objects unloaded after import = 0

========================================================================
Received Import Request.
  Time since last request: 0.000045 seconds.
  path: Assets/GPM/Common/ThirdParty/SharpCompress/Archives/IArchiveExtensions.cs
  artifactKey: Guid(373279ea1fdb0ef4b8f24931d5783b47) Importer(2089858483,797179f86c6e516b54ff30bda720a719)
Start importing Assets/GPM/Common/ThirdParty/SharpCompress/Archives/IArchiveExtensions.cs using Guid(373279ea1fdb0ef4b8f24931d5783b47) Importer(2089858483,797179f86c6e516b54ff30bda720a719) (ScriptedImporter) -> (artifact id: '7296a1f453778538e40af1f5473e9cbd') in 0.08363 seconds
Number of updated asset objects reloaded before import = 0Number of asset objects unloaded after import = 0

========================================================================
Received Import Request.
  Time since last request: 0.000022 seconds.
  path: Assets/GPM/Common/ThirdParty/SharpCompress/Common/ArchiveEncoding.cs
  artifactKey: Guid(5dea5d1debda45f44877ce759345b631) Importer(2089858483,797179f86c6e516b54ff30bda720a719)
Start importing Assets/GPM/Common/ThirdParty/SharpCompress/Common/ArchiveEncoding.cs using Guid(5dea5d1debda45f44877ce759345b631) Importer(2089858483,797179f86c6e516b54ff30bda720a719) (ScriptedImporter) -> (artifact id: '30bbc50b9618689078463351a01854a2') in 0.0770374 seconds
Number of updated asset objects reloaded before import = 0Number of asset objects unloaded after import = 0

========================================================================
Received Import Request.
  Time since last request: 0.000075 seconds.
  path: Assets/GPM/Common/ThirdParty/SharpCompress/Buffers/DefaultArrayPoolBucket.cs
  artifactKey: Guid(b15679454396c84478e837b7bbdc1758) Importer(2089858483,797179f86c6e516b54ff30bda720a719)
Start importing Assets/GPM/Common/ThirdParty/SharpCompress/Buffers/DefaultArrayPoolBucket.cs using Guid(b15679454396c84478e837b7bbdc1758) Importer(2089858483,797179f86c6e516b54ff30bda720a719) (ScriptedImporter) -> (artifact id: 'd51fd1832f4defd431f301e94b3e8f08') in 0.083022 seconds
Number of updated asset objects reloaded before import = 0Number of asset objects unloaded after import = 0

========================================================================
Received Import Request.
  Time since last request: 0.000083 seconds.
  path: Assets/GPM/Common/ThirdParty/MessagePack/Resolvers/StandardResolver.cs
  artifactKey: Guid(7e82c9933addd124bab9b02dae239b27) Importer(2089858483,797179f86c6e516b54ff30bda720a719)
Start importing Assets/GPM/Common/ThirdParty/MessagePack/Resolvers/StandardResolver.cs using Guid(7e82c9933addd124bab9b02dae239b27) Importer(2089858483,797179f86c6e516b54ff30bda720a719) (ScriptedImporter) -> (artifact id: '748c30ada880b6292177e196f0b6a596') in 0.1590931 seconds
Number of updated asset objects reloaded before import = 0Number of asset objects unloaded after import = 0

========================================================================
Received Import Request.
  Time since last request: 0.000055 seconds.
  path: Assets/Scripts/UI/Components/Content/ContentPresenter.cs
  artifactKey: Guid(af91a922aa869b64ca6fa709bd398947) Importer(2089858483,797179f86c6e516b54ff30bda720a719)
Start importing Assets/Scripts/UI/Components/Content/ContentPresenter.cs using Guid(af91a922aa869b64ca6fa709bd398947) Importer(2089858483,797179f86c6e516b54ff30bda720a719) (ScriptedImporter) -> (artifact id: 'bae3ecb5f9b71a4e7d99889f32b5fca7') in 0.1146841 seconds
Number of updated asset objects reloaded before import = 0Number of asset objects unloaded after import = 0

========================================================================
Received Import Request.
  Time since last request: 0.000033 seconds.
  path: Assets/GPM/Common/ThirdParty/SharpCompress/Crypto/DataLengthException.cs
  artifactKey: Guid(a5acd880ad461904f95d3cac5d4323e1) Importer(2089858483,797179f86c6e516b54ff30bda720a719)
Start importing Assets/GPM/Common/ThirdParty/SharpCompress/Crypto/DataLengthException.cs using Guid(a5acd880ad461904f95d3cac5d4323e1) Importer(2089858483,797179f86c6e516b54ff30bda720a719) (ScriptedImporter) -> (artifact id: '2e3ac2e16b2aa4f85a5c19ea7bae1792') in 0.0986173 seconds
Number of updated asset objects reloaded before import = 0Number of asset objects unloaded after import = 0

========================================================================
Received Import Request.
  Time since last request: 0.000038 seconds.
  path: Assets/GPM/Common/ThirdParty/SharpCompress/Crypto/ICipherParameters.cs
  artifactKey: Guid(93ee9cb4ae46c6b409c8263e774099f5) Importer(2089858483,797179f86c6e516b54ff30bda720a719)
Start importing Assets/GPM/Common/ThirdParty/SharpCompress/Crypto/ICipherParameters.cs using Guid(93ee9cb4ae46c6b409c8263e774099f5) Importer(2089858483,797179f86c6e516b54ff30bda720a719) (ScriptedImporter) -> (artifact id: 'c832b2ee67e73e0b57b2b7c1e73cac06') in 0.1151508 seconds
Number of updated asset objects reloaded before import = 0Number of asset objects unloaded after import = 0

========================================================================
Received Import Request.
  Time since last request: 0.000067 seconds.
  path: Assets/GPM/Common/ThirdParty/SharpCompress/Readers/IReader.cs
  artifactKey: Guid(1a4ce316f09abe14b9eacccfd7d60e96) Importer(2089858483,797179f86c6e516b54ff30bda720a719)
Start importing Assets/GPM/Common/ThirdParty/SharpCompress/Readers/IReader.cs using Guid(1a4ce316f09abe14b9eacccfd7d60e96) Importer(2089858483,797179f86c6e516b54ff30bda720a719) (ScriptedImporter) -> (artifact id: '252091f2cb8d0109363afe9d6a0f3d64') in 0.0998418 seconds
Number of updated asset objects reloaded before import = 0Number of asset objects unloaded after import = 0

========================================================================
Received Import Request.
  Time since last request: 0.000066 seconds.
  path: Assets/GPM/Common/ThirdParty/SharpCompress/Common/ReaderExtractionEventArgs.cs
  artifactKey: Guid(c31259d43fefcff4dbe4a7304a023771) Importer(2089858483,797179f86c6e516b54ff30bda720a719)
Start importing Assets/GPM/Common/ThirdParty/SharpCompress/Common/ReaderExtractionEventArgs.cs using Guid(c31259d43fefcff4dbe4a7304a023771) Importer(2089858483,797179f86c6e516b54ff30bda720a719) (ScriptedImporter) -> (artifact id: '1ac0698a4d032d17395dddb5adfbbabb') in 0.1041877 seconds
Number of updated asset objects reloaded before import = 0Number of asset objects unloaded after import = 0

========================================================================
Received Import Request.
  Time since last request: 0.000049 seconds.
  path: Assets/GPM/Common/ThirdParty/SharpCompress/IO/RewindableStream.cs
  artifactKey: Guid(58c0628d432e87747b0d2baa2215ac9f) Importer(2089858483,797179f86c6e516b54ff30bda720a719)
Start importing Assets/GPM/Common/ThirdParty/SharpCompress/IO/RewindableStream.cs using Guid(58c0628d432e87747b0d2baa2215ac9f) Importer(2089858483,797179f86c6e516b54ff30bda720a719) (ScriptedImporter) -> (artifact id: 'a4eda100f06e05641fcebbdd8e1d7e65') in 0.0639849 seconds
Number of updated asset objects reloaded before import = 0Number of asset objects unloaded after import = 0

========================================================================
Received Import Request.
  Time since last request: 0.000092 seconds.
  path: Assets/GPM/WebView/Scripts/Internal/Implementation/WebViewImplementation.cs
  artifactKey: Guid(7c03239d4fc1a9a45a1d6ae4d04237ed) Importer(2089858483,797179f86c6e516b54ff30bda720a719)
Start importing Assets/GPM/WebView/Scripts/Internal/Implementation/WebViewImplementation.cs using Guid(7c03239d4fc1a9a45a1d6ae4d04237ed) Importer(2089858483,797179f86c6e516b54ff30bda720a719) (ScriptedImporter) -> (artifact id: '0a280806c75b2042041b3a32dc33dc67') in 0.0841338 seconds
Number of updated asset objects reloaded before import = 0Number of asset objects unloaded after import = 0

========================================================================
Received Import Request.
  Time since last request: 0.000072 seconds.
  path: Assets/GPM/Communicator/Plugins/IOS/GpmCommunicatorPlugin/GPMCommunicatorPlugin.h
  artifactKey: Guid(da62071e77d954e5da6453a9c0c850a0) Importer(2089858483,797179f86c6e516b54ff30bda720a719)
Start importing Assets/GPM/Communicator/Plugins/IOS/GpmCommunicatorPlugin/GPMCommunicatorPlugin.h using Guid(da62071e77d954e5da6453a9c0c850a0) Importer(2089858483,797179f86c6e516b54ff30bda720a719) (ScriptedImporter) -> (artifact id: 'fa16080e34105b1866b95a6b66cfe8a4') in 0.1004569 seconds
Number of updated asset objects reloaded before import = 0Number of asset objects unloaded after import = 0

========================================================================
Received Import Request.
  Time since last request: 0.000038 seconds.
  path: Assets/GPM/WebView/Plugins/IOS/GpmWebViewPlugin/GPMWebViewPlugin.h
  artifactKey: Guid(f82b660ce30e64247a4aa60a5a0402d4) Importer(2089858483,797179f86c6e516b54ff30bda720a719)
Start importing Assets/GPM/WebView/Plugins/IOS/GpmWebViewPlugin/GPMWebViewPlugin.h using Guid(f82b660ce30e64247a4aa60a5a0402d4) Importer(2089858483,797179f86c6e516b54ff30bda720a719) (ScriptedImporter) -> (artifact id: '75c602b0539ade1ee38bdcde201ef66b') in 0.1025535 seconds
Number of updated asset objects reloaded before import = 0Number of asset objects unloaded after import = 0

========================================================================
Received Import Request.
  Time since last request: 0.000053 seconds.
  path: Assets/GPM/Common/ThirdParty/SharpCompress/Common/OptionsBase.cs
  artifactKey: Guid(f9e5c9820285d364ab5fcbb5704368da) Importer(2089858483,797179f86c6e516b54ff30bda720a719)
Start importing Assets/GPM/Common/ThirdParty/SharpCompress/Common/OptionsBase.cs using Guid(f9e5c9820285d364ab5fcbb5704368da) Importer(2089858483,797179f86c6e516b54ff30bda720a719) (ScriptedImporter) -> (artifact id: '418c92cdf25705ab551517bede1718de') in 0.0975661 seconds
Number of updated asset objects reloaded before import = 0Number of asset objects unloaded after import = 0

========================================================================
Received Import Request.
  Time since last request: 0.000059 seconds.
  path: Assets/GPM/Common/ThirdParty/SharpCompress/Compressors/CompressionMode.cs
  artifactKey: Guid(9ff976cbea47c9c48a471e0b14c2ff32) Importer(2089858483,797179f86c6e516b54ff30bda720a719)
Start importing Assets/GPM/Common/ThirdParty/SharpCompress/Compressors/CompressionMode.cs using Guid(9ff976cbea47c9c48a471e0b14c2ff32) Importer(2089858483,797179f86c6e516b54ff30bda720a719) (ScriptedImporter) -> (artifact id: 'aeb626f879e77022c4fb977be4c36bdb') in 0.0644751 seconds
Number of updated asset objects reloaded before import = 0Number of asset objects unloaded after import = 0

========================================================================
Received Import Request.
  Time since last request: 0.000015 seconds.
  path: Assets/GPM/Common/ThirdParty/SharpCompress/Writers/IWriter.cs
  artifactKey: Guid(a1cd4c59e5b7e8245a5fef3821eb27b8) Importer(2089858483,797179f86c6e516b54ff30bda720a719)
Start importing Assets/GPM/Common/ThirdParty/SharpCompress/Writers/IWriter.cs using Guid(a1cd4c59e5b7e8245a5fef3821eb27b8) Importer(2089858483,797179f86c6e516b54ff30bda720a719) (ScriptedImporter) -> (artifact id: 'f1cb764575ed4f2e79c334923691e89b') in 0.2048397 seconds
Number of updated asset objects reloaded before import = 0Number of asset objects unloaded after import = 0

========================================================================
Received Import Request.
  Time since last request: 0.000063 seconds.
  path: Assets/GPM/Common/ThirdParty/SharpCompress/Common/IncompleteArchiveException.cs
  artifactKey: Guid(d3b2747e4c43cfe49b2ae8a519c37d4e) Importer(2089858483,797179f86c6e516b54ff30bda720a719)
Start importing Assets/GPM/Common/ThirdParty/SharpCompress/Common/IncompleteArchiveException.cs using Guid(d3b2747e4c43cfe49b2ae8a519c37d4e) Importer(2089858483,797179f86c6e516b54ff30bda720a719) (ScriptedImporter) -> (artifact id: '0da573fd1f8ebde44695f21687876276') in 0.0904857 seconds
Number of updated asset objects reloaded before import = 0Number of asset objects unloaded after import = 0

========================================================================
Received Import Request.
  Time since last request: 0.000063 seconds.
  path: Assets/GPM/Common/ThirdParty/MessagePack/Internal/ILGeneratorExtensions.cs
  artifactKey: Guid(6b5abf2cf2c762c44aa5ebfa489f09ca) Importer(2089858483,797179f86c6e516b54ff30bda720a719)
Start importing Assets/GPM/Common/ThirdParty/MessagePack/Internal/ILGeneratorExtensions.cs using Guid(6b5abf2cf2c762c44aa5ebfa489f09ca) Importer(2089858483,797179f86c6e516b54ff30bda720a719) (ScriptedImporter) -> (artifact id: 'f7e7ef1da091fe8ea2abddc37c93f0c9') in 0.0869251 seconds
Number of updated asset objects reloaded before import = 0Number of asset objects unloaded after import = 0

========================================================================
Received Import Request.
  Time since last request: 0.000032 seconds.
  path: Assets/Mirror/Runtime/Transport/SimpleWebTransport/Common/ReadHelper.cs
  artifactKey: Guid(9f4fa5d324e708c46a55810a97de75bc) Importer(2089858483,797179f86c6e516b54ff30bda720a719)
Start importing Assets/Mirror/Runtime/Transport/SimpleWebTransport/Common/ReadHelper.cs using Guid(9f4fa5d324e708c46a55810a97de75bc) Importer(2089858483,797179f86c6e516b54ff30bda720a719) (ScriptedImporter) -> (artifact id: '97afdcfdaf11bb676c94b66ad635e5ff') in 0.0919525 seconds
Number of updated asset objects reloaded before import = 0Number of asset objects unloaded after import = 0

========================================================================
Received Import Request.
  Time since last request: 0.000037 seconds.
  path: Assets/Mirror/Runtime/Transport/SimpleWebTransport/Common/BufferPool.cs
  artifactKey: Guid(94ae50f3ec35667469b861b12cd72f92) Importer(2089858483,797179f86c6e516b54ff30bda720a719)
Start importing Assets/Mirror/Runtime/Transport/SimpleWebTransport/Common/BufferPool.cs using Guid(94ae50f3ec35667469b861b12cd72f92) Importer(2089858483,797179f86c6e516b54ff30bda720a719) (ScriptedImporter) -> (artifact id: '74506c6b46e5ec99d92e6f4b83b86eb6') in 0.135575 seconds
Number of updated asset objects reloaded before import = 0Number of asset objects unloaded after import = 0

========================================================================
Received Import Request.
  Time since last request: 0.000048 seconds.
  path: Assets/Mirror/Examples/Tanks/Models/(Public Domain) Recon_Tank/reconTank.fbx
  artifactKey: Guid(38b49695fc0a4418bbc350f2366660c5) Importer(2089858483,797179f86c6e516b54ff30bda720a719)
Start importing Assets/Mirror/Examples/Tanks/Models/(Public Domain) Recon_Tank/reconTank.fbx using Guid(38b49695fc0a4418bbc350f2366660c5) Importer(2089858483,797179f86c6e516b54ff30bda720a719) (ScriptedImporter) -> (artifact id: '7c89ab67d93db7fcfc30d57051ebec09') in 0.3456521 seconds
Number of updated asset objects reloaded before import = 0Number of asset objects unloaded after import = 39

========================================================================
Received Import Request.
  Time since last request: 0.000017 seconds.
  path: Assets/Mirror/Runtime/Transport/Telepathy/Telepathy/Pool.cs
  artifactKey: Guid(6d3e530f6872642ec81e9b8b76277c93) Importer(2089858483,797179f86c6e516b54ff30bda720a719)
Start importing Assets/Mirror/Runtime/Transport/Telepathy/Telepathy/Pool.cs using Guid(6d3e530f6872642ec81e9b8b76277c93) Importer(2089858483,797179f86c6e516b54ff30bda720a719) (ScriptedImporter) -> (artifact id: '7aaed56fe1e978ab49752702a239dfa6') in 0.097323 seconds
Number of updated asset objects reloaded before import = 0Number of asset objects unloaded after import = 0

========================================================================
Received Import Request.
  Time since last request: 0.000051 seconds.
  path: Assets/Mirror/Runtime/Transport/Telepathy/Telepathy/Telepathy.asmdef
  artifactKey: Guid(725ee7191c021de4dbf9269590ded755) Importer(2089858483,797179f86c6e516b54ff30bda720a719)
Start importing Assets/Mirror/Runtime/Transport/Telepathy/Telepathy/Telepathy.asmdef using Guid(725ee7191c021de4dbf9269590ded755) Importer(2089858483,797179f86c6e516b54ff30bda720a719) (ScriptedImporter) -> (artifact id: '390dec1eda7b6949039fa05546e2f5ff') in 0.1117896 seconds
Number of updated asset objects reloaded before import = 0Number of asset objects unloaded after import = 1

========================================================================
Received Import Request.
  Time since last request: 0.000085 seconds.
  path: Assets/Mirror/Examples/Tanks/Models/(Public Domain) Recon_Tank/TankMaterial.mat
  artifactKey: Guid(2e67e42170aa64aa9a33424f8045ac89) Importer(2089858483,797179f86c6e516b54ff30bda720a719)
Start importing Assets/Mirror/Examples/Tanks/Models/(Public Domain) Recon_Tank/TankMaterial.mat using Guid(2e67e42170aa64aa9a33424f8045ac89) Importer(2089858483,797179f86c6e516b54ff30bda720a719) (ScriptedImporter) -> (artifact id: '356dcaea5181e02e999a78583d53ac66') in 0.1074095 seconds
Number of updated asset objects reloaded before import = 0Number of asset objects unloaded after import = 1

========================================================================
Received Import Request.
  Time since last request: 0.000039 seconds.
  path: Assets/Mirror/Examples/Room/Materials/Textures/Wall01_n.tga
  artifactKey: Guid(1ef4aad253cf7e9488305da905643f09) Importer(2089858483,797179f86c6e516b54ff30bda720a719)
Start importing Assets/Mirror/Examples/Room/Materials/Textures/Wall01_n.tga using Guid(1ef4aad253cf7e9488305da905643f09) Importer(2089858483,797179f86c6e516b54ff30bda720a719) (ScriptedImporter) -> (artifact id: '6f75d98ca9d0e38ea48dd08960594f2a') in 0.1510314 seconds
Number of updated asset objects reloaded before import = 0Number of asset objects unloaded after import = 1

========================================================================
Received Import Request.
  Time since last request: 0.000096 seconds.
  path: Assets/GPM/Common/ThirdParty/SharpCompress/Archives/Rar/SeekableFilePart.cs
  artifactKey: Guid(69564c2d8636fdb46ab71cca1529a702) Importer(2089858483,797179f86c6e516b54ff30bda720a719)
Start importing Assets/GPM/Common/ThirdParty/SharpCompress/Archives/Rar/SeekableFilePart.cs using Guid(69564c2d8636fdb46ab71cca1529a702) Importer(2089858483,797179f86c6e516b54ff30bda720a719) (ScriptedImporter) -> (artifact id: '843c7ec6d14a72b9c74844852f3f9db4') in 0.1100229 seconds
Number of updated asset objects reloaded before import = 0Number of asset objects unloaded after import = 0

========================================================================
Received Import Request.
  Time since last request: 0.000034 seconds.
  path: Assets/GPM/Common/ThirdParty/SharpCompress/Archives/Zip/ZipWritableArchiveEntry.cs
  artifactKey: Guid(9308dd96f6f48bf4c953e807246bca9f) Importer(2089858483,797179f86c6e516b54ff30bda720a719)
Start importing Assets/GPM/Common/ThirdParty/SharpCompress/Archives/Zip/ZipWritableArchiveEntry.cs using Guid(9308dd96f6f48bf4c953e807246bca9f) Importer(2089858483,797179f86c6e516b54ff30bda720a719) (ScriptedImporter) -> (artifact id: '7871aff39c2d46f1b67139834c605760') in 0.1130644 seconds
Number of updated asset objects reloaded before import = 0Number of asset objects unloaded after import = 0

========================================================================
Received Import Request.
  Time since last request: 0.000049 seconds.
  path: Assets/Mirror/Runtime/Transport/Telepathy/Telepathy/ThreadFunctions.cs
  artifactKey: Guid(d01598bf851164dc48a24c26913460b9) Importer(2089858483,797179f86c6e516b54ff30bda720a719)
Start importing Assets/Mirror/Runtime/Transport/Telepathy/Telepathy/ThreadFunctions.cs using Guid(d01598bf851164dc48a24c26913460b9) Importer(2089858483,797179f86c6e516b54ff30bda720a719) (ScriptedImporter) -> (artifact id: '60ebd7666a776f43adaa45584197f734') in 0.0855144 seconds
Number of updated asset objects reloaded before import = 0Number of asset objects unloaded after import = 0

========================================================================
Received Import Request.
  Time since last request: 0.000016 seconds.
  path: Assets/GPM/Common/ThirdParty/SharpCompress/Archives/Rar/RarArchive.cs
  artifactKey: Guid(33b437488209b6a409f9d7d7d018d77e) Importer(2089858483,797179f86c6e516b54ff30bda720a719)
Start importing Assets/GPM/Common/ThirdParty/SharpCompress/Archives/Rar/RarArchive.cs using Guid(33b437488209b6a409f9d7d7d018d77e) Importer(2089858483,797179f86c6e516b54ff30bda720a719) (ScriptedImporter) -> (artifact id: '44d6f4f1181ab58cd17c582eca02fc3b') in 0.0979152 seconds
Number of updated asset objects reloaded before import = 0Number of asset objects unloaded after import = 0

========================================================================
Received Import Request.
  Time since last request: 0.000041 seconds.
  path: Assets/GPM/Common/ThirdParty/SharpCompress/Common/SevenZip/CFileItem.cs
  artifactKey: Guid(2a6fa79b68b34834aa402bba07eda2f6) Importer(2089858483,797179f86c6e516b54ff30bda720a719)
Start importing Assets/GPM/Common/ThirdParty/SharpCompress/Common/SevenZip/CFileItem.cs using Guid(2a6fa79b68b34834aa402bba07eda2f6) Importer(2089858483,797179f86c6e516b54ff30bda720a719) (ScriptedImporter) -> (artifact id: 'cb78062b6bdec1f7cbcc8b6f2ecd9263') in 0.1093746 seconds
Number of updated asset objects reloaded before import = 0Number of asset objects unloaded after import = 0

========================================================================
Received Import Request.
  Time since last request: 0.000041 seconds.
  path: Assets/GPM/Common/ThirdParty/SharpCompress/Common/SevenZip/SevenZipEntry.cs
  artifactKey: Guid(66804a96cf089d5459915b4c34177bd2) Importer(2089858483,797179f86c6e516b54ff30bda720a719)
Start importing Assets/GPM/Common/ThirdParty/SharpCompress/Common/SevenZip/SevenZipEntry.cs using Guid(66804a96cf089d5459915b4c34177bd2) Importer(2089858483,797179f86c6e516b54ff30bda720a719) (ScriptedImporter) -> (artifact id: 'e73439086c9241621dcad86a739d851d') in 0.1043398 seconds
Number of updated asset objects reloaded before import = 0Number of asset objects unloaded after import = 0

========================================================================
Received Import Request.
  Time since last request: 0.000055 seconds.
  path: Assets/GPM/Common/ThirdParty/SharpCompress/Common/SevenZip/CCoderInfo.cs
  artifactKey: Guid(1d2b9c4ed5385e342a022a1ffb04fbf4) Importer(2089858483,797179f86c6e516b54ff30bda720a719)
Start importing Assets/GPM/Common/ThirdParty/SharpCompress/Common/SevenZip/CCoderInfo.cs using Guid(1d2b9c4ed5385e342a022a1ffb04fbf4) Importer(2089858483,797179f86c6e516b54ff30bda720a719) (ScriptedImporter) -> (artifact id: '4ede7a0ff1f8abcbd7d282b158023de1') in 0.1531883 seconds
Number of updated asset objects reloaded before import = 0Number of asset objects unloaded after import = 0

========================================================================
Received Import Request.
  Time since last request: 0.000022 seconds.
  path: Assets/GPM/Common/ThirdParty/SharpCompress/Archives/GZip/GZipArchive.cs
  artifactKey: Guid(e72461522570be049a993a4bf0c712c8) Importer(2089858483,797179f86c6e516b54ff30bda720a719)
Start importing Assets/GPM/Common/ThirdParty/SharpCompress/Archives/GZip/GZipArchive.cs using Guid(e72461522570be049a993a4bf0c712c8) Importer(2089858483,797179f86c6e516b54ff30bda720a719) (ScriptedImporter) -> (artifact id: '016b5bd27758e932631f318588efb125') in 0.15776 seconds
Number of updated asset objects reloaded before import = 0Number of asset objects unloaded after import = 0

========================================================================
Received Import Request.
  Time since last request: 0.000019 seconds.
  path: Assets/GPM/Common/ThirdParty/SharpCompress/Compressors/BZip2/CBZip2OutputStream.cs
  artifactKey: Guid(2b9ec9ba3f92e51409227c3805d59db5) Importer(2089858483,797179f86c6e516b54ff30bda720a719)
Start importing Assets/GPM/Common/ThirdParty/SharpCompress/Compressors/BZip2/CBZip2OutputStream.cs using Guid(2b9ec9ba3f92e51409227c3805d59db5) Importer(2089858483,797179f86c6e516b54ff30bda720a719) (ScriptedImporter) -> (artifact id: '3b5f2e25f7866c4c0e96e91c4fdf722d') in 0.106648 seconds
Number of updated asset objects reloaded before import = 0Number of asset objects unloaded after import = 0

========================================================================
Received Import Request.
  Time since last request: 0.000052 seconds.
  path: Assets/GPM/Common/ThirdParty/SharpCompress/Common/Zip/WinzipAesEncryptionData.cs
  artifactKey: Guid(0bac6359c74e9e64784753e340211cc7) Importer(2089858483,797179f86c6e516b54ff30bda720a719)
Start importing Assets/GPM/Common/ThirdParty/SharpCompress/Common/Zip/WinzipAesEncryptionData.cs using Guid(0bac6359c74e9e64784753e340211cc7) Importer(2089858483,797179f86c6e516b54ff30bda720a719) (ScriptedImporter) -> (artifact id: 'eeb44156d78905e7ee9b6ae65d0c94f3') in 0.1022094 seconds
Number of updated asset objects reloaded before import = 0Number of asset objects unloaded after import = 0

========================================================================
Received Import Request.
  Time since last request: 0.000021 seconds.
  path: Assets/GPM/Common/ThirdParty/SharpCompress/Common/Zip/ZipCompressionMethod.cs
  artifactKey: Guid(a11f0dbee3ddb8441beaf7cef40438a5) Importer(2089858483,797179f86c6e516b54ff30bda720a719)
Start importing Assets/GPM/Common/ThirdParty/SharpCompress/Common/Zip/ZipCompressionMethod.cs using Guid(a11f0dbee3ddb8441beaf7cef40438a5) Importer(2089858483,797179f86c6e516b54ff30bda720a719) (ScriptedImporter) -> (artifact id: '58ebbe7ccda62bd62cf812d2243ef043') in 0.0995037 seconds
Number of updated asset objects reloaded before import = 0Number of asset objects unloaded after import = 0

========================================================================
Received Import Request.
  Time since last request: 0.000055 seconds.
  path: Assets/GPM/Common/ThirdParty/SharpCompress/Compressors/Deflate/CRC32.cs
  artifactKey: Guid(38072a9e0ad3c8d478dc0e196b279b83) Importer(2089858483,797179f86c6e516b54ff30bda720a719)
Start importing Assets/GPM/Common/ThirdParty/SharpCompress/Compressors/Deflate/CRC32.cs using Guid(38072a9e0ad3c8d478dc0e196b279b83) Importer(2089858483,797179f86c6e516b54ff30bda720a719) (ScriptedImporter) -> (artifact id: '82769d9eff09031ffa637dd5996a8571') in 0.0757218 seconds
Number of updated asset objects reloaded before import = 0Number of asset objects unloaded after import = 0

========================================================================
Received Import Request.
  Time since last request: 0.000051 seconds.
  path: Assets/Mirror/Examples/Room/Materials/Textures/Wall01.tga
  artifactKey: Guid(0ce4715b95ec59e4ca799c740a5e144a) Importer(2089858483,797179f86c6e516b54ff30bda720a719)
Start importing Assets/Mirror/Examples/Room/Materials/Textures/Wall01.tga using Guid(0ce4715b95ec59e4ca799c740a5e144a) Importer(2089858483,797179f86c6e516b54ff30bda720a719) (ScriptedImporter) -> (artifact id: '0ef80909946730bb545b2272bcc1d3ca') in 0.126544 seconds
Number of updated asset objects reloaded before import = 0Number of asset objects unloaded after import = 1

========================================================================
Received Import Request.
  Time since last request: 0.000017 seconds.
  path: Assets/GPM/Common/ThirdParty/SharpCompress/Compressors/Deflate64/Deflate64Stream.cs
  artifactKey: Guid(2593ca7e72c976444b3ac5e22cb721b4) Importer(2089858483,797179f86c6e516b54ff30bda720a719)
Start importing Assets/GPM/Common/ThirdParty/SharpCompress/Compressors/Deflate64/Deflate64Stream.cs using Guid(2593ca7e72c976444b3ac5e22cb721b4) Importer(2089858483,797179f86c6e516b54ff30bda720a719) (ScriptedImporter) -> (artifact id: 'ceafc66f8803e9d7ca26b5b4178645da') in 0.1019317 seconds
Number of updated asset objects reloaded before import = 0Number of asset objects unloaded after import = 0

========================================================================
Received Import Request.
  Time since last request: 0.000022 seconds.
  path: Assets/GPM/Common/ThirdParty/SharpCompress/Compressors/Deflate/ZlibBaseStream.cs
  artifactKey: Guid(73336d97e7d25d34396002c39f7c501f) Importer(2089858483,797179f86c6e516b54ff30bda720a719)
Start importing Assets/GPM/Common/ThirdParty/SharpCompress/Compressors/Deflate/ZlibBaseStream.cs using Guid(73336d97e7d25d34396002c39f7c501f) Importer(2089858483,797179f86c6e516b54ff30bda720a719) (ScriptedImporter) -> (artifact id: '9b37d132141d0676e3d8bdc6c6d62462') in 0.0890784 seconds
Number of updated asset objects reloaded before import = 0Number of asset objects unloaded after import = 0

========================================================================
Received Import Request.
  Time since last request: 0.000038 seconds.
  path: Assets/GPM/Common/ThirdParty/SharpCompress/Compressors/Deflate64/InputBuffer.cs
  artifactKey: Guid(e21a8efd99d097c40bb15cb24d46a5d1) Importer(2089858483,797179f86c6e516b54ff30bda720a719)
Start importing Assets/GPM/Common/ThirdParty/SharpCompress/Compressors/Deflate64/InputBuffer.cs using Guid(e21a8efd99d097c40bb15cb24d46a5d1) Importer(2089858483,797179f86c6e516b54ff30bda720a719) (ScriptedImporter) -> (artifact id: 'ff43c40cb24c983399692931c62d7d08') in 0.097779 seconds
Number of updated asset objects reloaded before import = 0Number of asset objects unloaded after import = 0

========================================================================
Received Import Request.
  Time since last request: 0.000054 seconds.
  path: Assets/GPM/Common/ThirdParty/SharpCompress/Compressors/LZMA/ICoder.cs
  artifactKey: Guid(d7446c082eedff241ba46eabc5dacb59) Importer(2089858483,797179f86c6e516b54ff30bda720a719)
Start importing Assets/GPM/Common/ThirdParty/SharpCompress/Compressors/LZMA/ICoder.cs using Guid(d7446c082eedff241ba46eabc5dacb59) Importer(2089858483,797179f86c6e516b54ff30bda720a719) (ScriptedImporter) -> (artifact id: '433e293cb952a252f2fec8b6c0d8eec2') in 0.0866481 seconds
Number of updated asset objects reloaded before import = 0Number of asset objects unloaded after import = 0

========================================================================
Received Import Request.
  Time since last request: 0.000056 seconds.
  path: Assets/GPM/Common/ThirdParty/SharpCompress/Compressors/Deflate/ZlibConstants.cs
  artifactKey: Guid(037c87598bab4704b94a57a3f43624d9) Importer(2089858483,797179f86c6e516b54ff30bda720a719)
Start importing Assets/GPM/Common/ThirdParty/SharpCompress/Compressors/Deflate/ZlibConstants.cs using Guid(037c87598bab4704b94a57a3f43624d9) Importer(2089858483,797179f86c6e516b54ff30bda720a719) (ScriptedImporter) -> (artifact id: 'c2c9537f62392c939dcef7d396595df6') in 0.1071862 seconds
Number of updated asset objects reloaded before import = 0Number of asset objects unloaded after import = 0

========================================================================
Received Import Request.
  Time since last request: 0.000064 seconds.
  path: Assets/GPM/Common/ThirdParty/SharpCompress/Archives/Rar/FileInfoRarFilePart.cs
  artifactKey: Guid(b317b67babca9df439b91246832c52e7) Importer(2089858483,797179f86c6e516b54ff30bda720a719)
Start importing Assets/GPM/Common/ThirdParty/SharpCompress/Archives/Rar/FileInfoRarFilePart.cs using Guid(b317b67babca9df439b91246832c52e7) Importer(2089858483,797179f86c6e516b54ff30bda720a719) (ScriptedImporter) -> (artifact id: 'c42a179b7d8fe86c814d45531dfc3e32') in 0.1701377 seconds
Number of updated asset objects reloaded before import = 0Number of asset objects unloaded after import = 0

========================================================================
Received Import Request.
  Time since last request: 0.000041 seconds.
  path: Assets/GPM/Common/ThirdParty/SharpCompress/Readers/Rar/RarReader.cs
  artifactKey: Guid(1159601a9ce805a4c867ba1d2d0d1ca9) Importer(2089858483,797179f86c6e516b54ff30bda720a719)
Start importing Assets/GPM/Common/ThirdParty/SharpCompress/Readers/Rar/RarReader.cs using Guid(1159601a9ce805a4c867ba1d2d0d1ca9) Importer(2089858483,797179f86c6e516b54ff30bda720a719) (ScriptedImporter) -> (artifact id: '4da5bc49133435a595f6cda81f0466d4') in 0.0508276 seconds
Number of updated asset objects reloaded before import = 0Number of asset objects unloaded after import = 0

========================================================================
Received Import Request.
  Time since last request: 0.000057 seconds.
  path: Assets/GPM/Common/ThirdParty/SharpCompress/Compressors/LZMA/LzmaDecoder.cs
  artifactKey: Guid(f250da7a5461661468f1eca22ff3ff68) Importer(2089858483,797179f86c6e516b54ff30bda720a719)
Start importing Assets/GPM/Common/ThirdParty/SharpCompress/Compressors/LZMA/LzmaDecoder.cs using Guid(f250da7a5461661468f1eca22ff3ff68) Importer(2089858483,797179f86c6e516b54ff30bda720a719) (ScriptedImporter) -> (artifact id: '055fc59d668ebb193f8e6f4380a5231c') in 0.0886484 seconds
Number of updated asset objects reloaded before import = 0Number of asset objects unloaded after import = 0

========================================================================
Received Import Request.
  Time since last request: 0.000057 seconds.
  path: Assets/GPM/Common/ThirdParty/SharpCompress/Compressors/Xz/ReadOnlyStream.cs
  artifactKey: Guid(ada96d440fb9d524e8b056fb80f0bf3b) Importer(2089858483,797179f86c6e516b54ff30bda720a719)
Start importing Assets/GPM/Common/ThirdParty/SharpCompress/Compressors/Xz/ReadOnlyStream.cs using Guid(ada96d440fb9d524e8b056fb80f0bf3b) Importer(2089858483,797179f86c6e516b54ff30bda720a719) (ScriptedImporter) -> (artifact id: '3e055d462012bb7bf4027864272018e5') in 0.0816445 seconds
Number of updated asset objects reloaded before import = 0Number of asset objects unloaded after import = 0

========================================================================
Received Import Request.
  Time since last request: 0.000066 seconds.
  path: Assets/GPM/Common/ThirdParty/SharpCompress/Compressors/Xz/Crc32.cs
  artifactKey: Guid(f3fb8656a2c6fa449aac8ad9b9dc8f58) Importer(2089858483,797179f86c6e516b54ff30bda720a719)
Start importing Assets/GPM/Common/ThirdParty/SharpCompress/Compressors/Xz/Crc32.cs using Guid(f3fb8656a2c6fa449aac8ad9b9dc8f58) Importer(2089858483,797179f86c6e516b54ff30bda720a719) (ScriptedImporter) -> (artifact id: '0aeae3c8bdb292c21182c57f45b917b8') in 0.096647 seconds
Number of updated asset objects reloaded before import = 0Number of asset objects unloaded after import = 0

========================================================================
Received Import Request.
  Time since last request: 0.000017 seconds.
  path: Assets/GPM/Common/ThirdParty/SharpCompress/Compressors/Xz/XZStream.cs
  artifactKey: Guid(8eb1c2346054ab444a783b515e334d22) Importer(2089858483,797179f86c6e516b54ff30bda720a719)
Start importing Assets/GPM/Common/ThirdParty/SharpCompress/Compressors/Xz/XZStream.cs using Guid(8eb1c2346054ab444a783b515e334d22) Importer(2089858483,797179f86c6e516b54ff30bda720a719) (ScriptedImporter) -> (artifact id: '7a6f373a794ccd635528347500ab06b1') in 0.0598569 seconds
Number of updated asset objects reloaded before import = 0Number of asset objects unloaded after import = 0

========================================================================
Received Import Request.
  Time since last request: 0.000100 seconds.
  path: Assets/GPM/Communicator/Plugins/IOS/GpmCommunicatorPlugin/Internal/GPMCommunicator.mm
  artifactKey: Guid(4a372ff7983d44d31b7e7665640391c2) Importer(2089858483,797179f86c6e516b54ff30bda720a719)
Start importing Assets/GPM/Communicator/Plugins/IOS/GpmCommunicatorPlugin/Internal/GPMCommunicator.mm using Guid(4a372ff7983d44d31b7e7665640391c2) Importer(2089858483,797179f86c6e516b54ff30bda720a719) (ScriptedImporter) -> (artifact id: '6bc89961e323f480c6eb3c404fe1a053') in 0.0844998 seconds
Number of updated asset objects reloaded before import = 0Number of asset objects unloaded after import = 0

========================================================================
Received Import Request.
  Time since last request: 0.000018 seconds.
  path: Assets/GPM/Common/ThirdParty/SharpCompress/Writers/Zip/ZipCentralDirectoryEntry.cs
  artifactKey: Guid(30ed06088281a2a44a20fab09291326e) Importer(2089858483,797179f86c6e516b54ff30bda720a719)
Start importing Assets/GPM/Common/ThirdParty/SharpCompress/Writers/Zip/ZipCentralDirectoryEntry.cs using Guid(30ed06088281a2a44a20fab09291326e) Importer(2089858483,797179f86c6e516b54ff30bda720a719) (ScriptedImporter) -> (artifact id: 'd9e1ad2000e11c4a4de7409cdc863c27') in 0.095008 seconds
Number of updated asset objects reloaded before import = 0Number of asset objects unloaded after import = 0

========================================================================
Received Import Request.
  Time since last request: 0.000077 seconds.
  path: Assets/Mirror/Runtime/Transport/KCP/kcp2k/highlevel/KcpChannel.cs
  artifactKey: Guid(9e852b2532fb248d19715cfebe371db3) Importer(2089858483,797179f86c6e516b54ff30bda720a719)
Start importing Assets/Mirror/Runtime/Transport/KCP/kcp2k/highlevel/KcpChannel.cs using Guid(9e852b2532fb248d19715cfebe371db3) Importer(2089858483,797179f86c6e516b54ff30bda720a719) (ScriptedImporter) -> (artifact id: '74af5244cafe9f133572744c3aa6f966') in 0.1261902 seconds
Number of updated asset objects reloaded before import = 0Number of asset objects unloaded after import = 0

========================================================================
Received Import Request.
  Time since last request: 0.000052 seconds.
  path: Assets/GPM/Common/ThirdParty/SharpCompress/Writers/Tar/TarWriter.cs
  artifactKey: Guid(bab780b543a060547b2d95aa961072d5) Importer(2089858483,797179f86c6e516b54ff30bda720a719)
Start importing Assets/GPM/Common/ThirdParty/SharpCompress/Writers/Tar/TarWriter.cs using Guid(bab780b543a060547b2d95aa961072d5) Importer(2089858483,797179f86c6e516b54ff30bda720a719) (ScriptedImporter) -> (artifact id: '00c67b9e0c6863ea09737fcb3d2fee41') in 0.1110658 seconds
Number of updated asset objects reloaded before import = 0Number of asset objects unloaded after import = 0

========================================================================
Received Import Request.
  Time since last request: 0.000087 seconds.
  path: Assets/GPM/Common/ThirdParty/SharpCompress/Compressors/Rar/RarStream.cs
  artifactKey: Guid(a5feb0763500a8b468e237797429344a) Importer(2089858483,797179f86c6e516b54ff30bda720a719)
Start importing Assets/GPM/Common/ThirdParty/SharpCompress/Compressors/Rar/RarStream.cs using Guid(a5feb0763500a8b468e237797429344a) Importer(2089858483,797179f86c6e516b54ff30bda720a719) (ScriptedImporter) -> (artifact id: '876d0fa0d133b92dc817fdb60ae20ae4') in 0.2378673 seconds
Number of updated asset objects reloaded before import = 0Number of asset objects unloaded after import = 0

========================================================================
Received Import Request.
  Time since last request: 0.000073 seconds.
  path: Assets/GPM/Common/ThirdParty/SharpCompress/Common/Rar/Headers/ArchiveHeader.cs
  artifactKey: Guid(8a798411aaf2b844e937a84a6e57bbbb) Importer(2089858483,797179f86c6e516b54ff30bda720a719)
Start importing Assets/GPM/Common/ThirdParty/SharpCompress/Common/Rar/Headers/ArchiveHeader.cs using Guid(8a798411aaf2b844e937a84a6e57bbbb) Importer(2089858483,797179f86c6e516b54ff30bda720a719) (ScriptedImporter) -> (artifact id: '05c3bb729981ddfe66256bd6effe00b8') in 0.0731218 seconds
Number of updated asset objects reloaded before import = 0Number of asset objects unloaded after import = 0

========================================================================
Received Import Request.
  Time since last request: 0.000055 seconds.
  path: Assets/Mirror/Runtime/Transport/Telepathy/Telepathy/Empty/ThreadExtensions.cs
  artifactKey: Guid(64df4eaebe4ff9a43a9fb318c3e8e321) Importer(2089858483,797179f86c6e516b54ff30bda720a719)
Start importing Assets/Mirror/Runtime/Transport/Telepathy/Telepathy/Empty/ThreadExtensions.cs using Guid(64df4eaebe4ff9a43a9fb318c3e8e321) Importer(2089858483,797179f86c6e516b54ff30bda720a719) (ScriptedImporter) -> (artifact id: '657783ee4b408f509f8d49b8e6582d6a') in 0.1035711 seconds
Number of updated asset objects reloaded before import = 0Number of asset objects unloaded after import = 0

========================================================================
Received Import Request.
  Time since last request: 0.000018 seconds.
  path: Assets/Mirror/Runtime/Transport/KCP/kcp2k/kcp/Kcp.cs
  artifactKey: Guid(a59b1cae10a334faf807432ab472f212) Importer(2089858483,797179f86c6e516b54ff30bda720a719)
Start importing Assets/Mirror/Runtime/Transport/KCP/kcp2k/kcp/Kcp.cs using Guid(a59b1cae10a334faf807432ab472f212) Importer(2089858483,797179f86c6e516b54ff30bda720a719) (ScriptedImporter) -> (artifact id: 'dbc6524ed8cf4cf0cf065fdf96cf5243') in 0.1077307 seconds
Number of updated asset objects reloaded before import = 0Number of asset objects unloaded after import = 0

========================================================================
Received Import Request.
  Time since last request: 0.000063 seconds.
  path: Assets/GPM/Common/ThirdParty/SharpCompress/Common/Rar/Headers/AVHeader.cs
  artifactKey: Guid(8c2bb8d34487d8d45a90705adaf1df6d) Importer(2089858483,797179f86c6e516b54ff30bda720a719)
Start importing Assets/GPM/Common/ThirdParty/SharpCompress/Common/Rar/Headers/AVHeader.cs using Guid(8c2bb8d34487d8d45a90705adaf1df6d) Importer(2089858483,797179f86c6e516b54ff30bda720a719) (ScriptedImporter) -> (artifact id: '0aeeb24e14b10d73f40fd9db6611dfa7') in 0.0742773 seconds
Number of updated asset objects reloaded before import = 0Number of asset objects unloaded after import = 0

========================================================================
Received Import Request.
  Time since last request: 0.000027 seconds.
  path: Assets/GPM/Common/ThirdParty/SharpCompress/Readers/Tar/TarReader.cs
  artifactKey: Guid(687b585fc552310498ad6ca877723503) Importer(2089858483,797179f86c6e516b54ff30bda720a719)
Start importing Assets/GPM/Common/ThirdParty/SharpCompress/Readers/Tar/TarReader.cs using Guid(687b585fc552310498ad6ca877723503) Importer(2089858483,797179f86c6e516b54ff30bda720a719) (ScriptedImporter) -> (artifact id: '67d4a9ba7e158f91112af7da1ea4e728') in 0.097343 seconds
Number of updated asset objects reloaded before import = 0Number of asset objects unloaded after import = 0

========================================================================
Received Import Request.
  Time since last request: 0.000039 seconds.
  path: Assets/GPM/Common/ThirdParty/SharpCompress/Common/Tar/Headers/TarHeader.cs
  artifactKey: Guid(92be8dff8b8c40a44a81abd7d3bc1379) Importer(2089858483,797179f86c6e516b54ff30bda720a719)
Start importing Assets/GPM/Common/ThirdParty/SharpCompress/Common/Tar/Headers/TarHeader.cs using Guid(92be8dff8b8c40a44a81abd7d3bc1379) Importer(2089858483,797179f86c6e516b54ff30bda720a719) (ScriptedImporter) -> (artifact id: '27f684c7a349bcd2ff620241b851fc0e') in 0.1417188 seconds
Number of updated asset objects reloaded before import = 0Number of asset objects unloaded after import = 0

========================================================================
Received Import Request.
  Time since last request: 0.000084 seconds.
  path: Assets/GPM/Common/ThirdParty/SharpCompress/Common/Zip/Headers/ZipHeaderType.cs
  artifactKey: Guid(728792dc4db6db74a88e060fdd9b5c4f) Importer(2089858483,797179f86c6e516b54ff30bda720a719)
Start importing Assets/GPM/Common/ThirdParty/SharpCompress/Common/Zip/Headers/ZipHeaderType.cs using Guid(728792dc4db6db74a88e060fdd9b5c4f) Importer(2089858483,797179f86c6e516b54ff30bda720a719) (ScriptedImporter) -> (artifact id: '159beb8e36554cb6210f253cb147ea17') in 0.2600811 seconds
Number of updated asset objects reloaded before import = 0Number of asset objects unloaded after import = 0

========================================================================
Received Import Request.
  Time since last request: 0.000048 seconds.
  path: Assets/GPM/Common/ThirdParty/SharpCompress/Common/Rar/Headers/ProtectHeader.cs
  artifactKey: Guid(bed7b252352492542b12e0e132f6387b) Importer(2089858483,797179f86c6e516b54ff30bda720a719)
Start importing Assets/GPM/Common/ThirdParty/SharpCompress/Common/Rar/Headers/ProtectHeader.cs using Guid(bed7b252352492542b12e0e132f6387b) Importer(2089858483,797179f86c6e516b54ff30bda720a719) (ScriptedImporter) -> (artifact id: '98c5bd8ffb84ce5ea5f76b99d8432939') in 0.1010082 seconds
Number of updated asset objects reloaded before import = 0Number of asset objects unloaded after import = 0

========================================================================
Received Import Request.
  Time since last request: 0.000022 seconds.
  path: Assets/GPM/Common/ThirdParty/SharpCompress/Compressors/PPMd/I1/ModelRestorationMethod.cs
  artifactKey: Guid(eebb20b9842fecd40b98befb6263ac6c) Importer(2089858483,797179f86c6e516b54ff30bda720a719)
Start importing Assets/GPM/Common/ThirdParty/SharpCompress/Compressors/PPMd/I1/ModelRestorationMethod.cs using Guid(eebb20b9842fecd40b98befb6263ac6c) Importer(2089858483,797179f86c6e516b54ff30bda720a719) (ScriptedImporter) -> (artifact id: '221695d0bdad0b3721ed604ec06802c6') in 0.1261278 seconds
Number of updated asset objects reloaded before import = 0Number of asset objects unloaded after import = 0

========================================================================
Received Import Request.
  Time since last request: 0.000035 seconds.
  path: Assets/GPM/Common/ThirdParty/SharpCompress/Compressors/Rar/UnpackV1/Unpack.cs
  artifactKey: Guid(5757938636b70e04e9a828a957278acc) Importer(2089858483,797179f86c6e516b54ff30bda720a719)
Start importing Assets/GPM/Common/ThirdParty/SharpCompress/Compressors/Rar/UnpackV1/Unpack.cs using Guid(5757938636b70e04e9a828a957278acc) Importer(2089858483,797179f86c6e516b54ff30bda720a719) (ScriptedImporter) -> (artifact id: 'b9d97eca46e668a4857a94277d05e7ca') in 0.1020608 seconds
Number of updated asset objects reloaded before import = 0Number of asset objects unloaded after import = 0

========================================================================
Received Import Request.
  Time since last request: 0.000049 seconds.
  path: Assets/GPM/Common/ThirdParty/SharpCompress/Compressors/PPMd/H/StateRef.cs
  artifactKey: Guid(f5703eec868c9d04a8a3769662eceda0) Importer(2089858483,797179f86c6e516b54ff30bda720a719)
Start importing Assets/GPM/Common/ThirdParty/SharpCompress/Compressors/PPMd/H/StateRef.cs using Guid(f5703eec868c9d04a8a3769662eceda0) Importer(2089858483,797179f86c6e516b54ff30bda720a719) (ScriptedImporter) -> (artifact id: '8603db05f5a560af3bf997a6444831d3') in 0.0809347 seconds
Number of updated asset objects reloaded before import = 0Number of asset objects unloaded after import = 0

========================================================================
Received Import Request.
  Time since last request: 0.000066 seconds.
  path: Assets/GPM/Common/ThirdParty/SharpCompress/Compressors/LZMA/LZ/LzOutWindow.cs
  artifactKey: Guid(c0c0f380aefca2747958faed3fe25e63) Importer(2089858483,797179f86c6e516b54ff30bda720a719)
Start importing Assets/GPM/Common/ThirdParty/SharpCompress/Compressors/LZMA/LZ/LzOutWindow.cs using Guid(c0c0f380aefca2747958faed3fe25e63) Importer(2089858483,797179f86c6e516b54ff30bda720a719) (ScriptedImporter) -> (artifact id: '29f5ab439b07803d713c3c0aaa4f7961') in 0.0743873 seconds
Number of updated asset objects reloaded before import = 0Number of asset objects unloaded after import = 0

========================================================================
Received Import Request.
  Time since last request: 0.000065 seconds.
  path: Assets/GPM/Common/ThirdParty/SharpCompress/Compressors/LZMA/RangeCoder/RangeCoderBit.cs
  artifactKey: Guid(91f0323da77e7634fba948e480b6b275) Importer(2089858483,797179f86c6e516b54ff30bda720a719)
Start importing Assets/GPM/Common/ThirdParty/SharpCompress/Compressors/LZMA/RangeCoder/RangeCoderBit.cs using Guid(91f0323da77e7634fba948e480b6b275) Importer(2089858483,797179f86c6e516b54ff30bda720a719) (ScriptedImporter) -> (artifact id: '4f6636ad0440d8cd83aa25c6694e3b3b') in 0.0899238 seconds
Number of updated asset objects reloaded before import = 0Number of asset objects unloaded after import = 0

========================================================================
Received Import Request.
  Time since last request: 0.000052 seconds.
  path: Assets/GPM/Common/ThirdParty/SharpCompress/Common/Zip/Headers/SplitHeader.cs
  artifactKey: Guid(9275225c66073354cbf9f1c2db621489) Importer(2089858483,797179f86c6e516b54ff30bda720a719)
Start importing Assets/GPM/Common/ThirdParty/SharpCompress/Common/Zip/Headers/SplitHeader.cs using Guid(9275225c66073354cbf9f1c2db621489) Importer(2089858483,797179f86c6e516b54ff30bda720a719) (ScriptedImporter) -> (artifact id: 'dcfa2d50a9f7b1e9ebe1497e23a76bc3') in 0.1369964 seconds
Number of updated asset objects reloaded before import = 0Number of asset objects unloaded after import = 0

========================================================================
Received Import Request.
  Time since last request: 0.000025 seconds.
  path: Assets/GPM/Common/ThirdParty/SharpCompress/Compressors/Rar/UnpackV1/UnpackFilter.cs
  artifactKey: Guid(13521cd3e3211434f8cd8f6a456fdd11) Importer(2089858483,797179f86c6e516b54ff30bda720a719)
Start importing Assets/GPM/Common/ThirdParty/SharpCompress/Compressors/Rar/UnpackV1/UnpackFilter.cs using Guid(13521cd3e3211434f8cd8f6a456fdd11) Importer(2089858483,797179f86c6e516b54ff30bda720a719) (ScriptedImporter) -> (artifact id: '48030885a3adcaad57ba2a1a7f9203f0') in 0.1061203 seconds
Number of updated asset objects reloaded before import = 0Number of asset objects unloaded after import = 0

========================================================================
Received Import Request.
  Time since last request: 0.000021 seconds.
  path: Assets/GPM/Common/ThirdParty/SharpCompress/Compressors/Rar/VM/RarVM.cs
  artifactKey: Guid(e0b1f13a700d6744cbdfb3e9ba754284) Importer(2089858483,797179f86c6e516b54ff30bda720a719)
Start importing Assets/GPM/Common/ThirdParty/SharpCompress/Compressors/Rar/VM/RarVM.cs using Guid(e0b1f13a700d6744cbdfb3e9ba754284) Importer(2089858483,797179f86c6e516b54ff30bda720a719) (ScriptedImporter) -> (artifact id: '72cefda9c5814cedd17d30c8d4ef2f04') in 0.0906609 seconds
Number of updated asset objects reloaded before import = 0Number of asset objects unloaded after import = 0

========================================================================
Received Import Request.
  Time since last request: 0.000022 seconds.
  path: Assets/GPM/Manager/Editor/Util/AD/Internal/VO/AdvertisementVO.cs
  artifactKey: Guid(8124b01a95f73704d882f3bb0b1e8549) Importer(2089858483,797179f86c6e516b54ff30bda720a719)
Start importing Assets/GPM/Manager/Editor/Util/AD/Internal/VO/AdvertisementVO.cs using Guid(8124b01a95f73704d882f3bb0b1e8549) Importer(2089858483,797179f86c6e516b54ff30bda720a719) (ScriptedImporter) -> (artifact id: '96282d5b32a54b6c0307fa2c697e128f') in 0.10148 seconds
Number of updated asset objects reloaded before import = 0Number of asset objects unloaded after import = 0

========================================================================
Received Import Request.
  Time since last request: 0.000051 seconds.
  path: Assets/GPM/Common/ThirdParty/SharpCompress/Compressors/Rar/UnpackV2017/Unpack.unpack50_cpp.cs
  artifactKey: Guid(10b7e5234ec0a894c8a4039fb28b0a7d) Importer(2089858483,797179f86c6e516b54ff30bda720a719)
Start importing Assets/GPM/Common/ThirdParty/SharpCompress/Compressors/Rar/UnpackV2017/Unpack.unpack50_cpp.cs using Guid(10b7e5234ec0a894c8a4039fb28b0a7d) Importer(2089858483,797179f86c6e516b54ff30bda720a719) (ScriptedImporter) -> (artifact id: '7051de39887660e327695595e42e2082') in 0.1008109 seconds
Number of updated asset objects reloaded before import = 0Number of asset objects unloaded after import = 0

========================================================================
Received Import Request.
  Time since last request: 0.000056 seconds.
  path: Assets/GPM/Common/ThirdParty/SharpCompress/Compressors/Rar/UnpackV1/Decode/DistDecode.cs
  artifactKey: Guid(5f563184cd983124297cd9b3b46c0dd5) Importer(2089858483,797179f86c6e516b54ff30bda720a719)
Start importing Assets/GPM/Common/ThirdParty/SharpCompress/Compressors/Rar/UnpackV1/Decode/DistDecode.cs using Guid(5f563184cd983124297cd9b3b46c0dd5) Importer(2089858483,797179f86c6e516b54ff30bda720a719) (ScriptedImporter) -> (artifact id: '3d574802ada3e8321ff72f6b3da38698') in 0.2012973 seconds
Number of updated asset objects reloaded before import = 0Number of asset objects unloaded after import = 0

========================================================================
Received Import Request.
  Time since last request: 0.000067 seconds.
  path: Assets/GPM/Common/ThirdParty/SharpCompress/Compressors/Rar/UnpackV1/Decode/Decode.cs
  artifactKey: Guid(a9f7b538a33806e4a94feabbdaf75f8b) Importer(2089858483,797179f86c6e516b54ff30bda720a719)
Start importing Assets/GPM/Common/ThirdParty/SharpCompress/Compressors/Rar/UnpackV1/Decode/Decode.cs using Guid(a9f7b538a33806e4a94feabbdaf75f8b) Importer(2089858483,797179f86c6e516b54ff30bda720a719) (ScriptedImporter) -> (artifact id: '25a7738ac3e218bbdbe05cc5d33a6446') in 0.0903962 seconds
Number of updated asset objects reloaded before import = 0Number of asset objects unloaded after import = 0

========================================================================
Received Import Request.
  Time since last request: 0.000056 seconds.
  path: Assets/GPM/Common/ThirdParty/SharpCompress/Compressors/Rar/VM/BitInput.cs
  artifactKey: Guid(a4e68b648e034da438565f3bd859461d) Importer(2089858483,797179f86c6e516b54ff30bda720a719)
Start importing Assets/GPM/Common/ThirdParty/SharpCompress/Compressors/Rar/VM/BitInput.cs using Guid(a4e68b648e034da438565f3bd859461d) Importer(2089858483,797179f86c6e516b54ff30bda720a719) (ScriptedImporter) -> (artifact id: 'e80df9476f1c776fe4f1d984587c2003') in 0.1125931 seconds
Number of updated asset objects reloaded before import = 0Number of asset objects unloaded after import = 0

========================================================================
Received Import Request.
  Time since last request: 0.000039 seconds.
  path: Assets/GPM/Common/ThirdParty/SharpCompress/Compressors/Rar/UnpackV2017/Unpack.unpack20_cpp.cs
  artifactKey: Guid(2645ec3cf4ffdd940ad6f83ef9da4197) Importer(2089858483,797179f86c6e516b54ff30bda720a719)
Start importing Assets/GPM/Common/ThirdParty/SharpCompress/Compressors/Rar/UnpackV2017/Unpack.unpack20_cpp.cs using Guid(2645ec3cf4ffdd940ad6f83ef9da4197) Importer(2089858483,797179f86c6e516b54ff30bda720a719) (ScriptedImporter) -> (artifact id: '7c1f3e2b1b003a2856d876e1d821159c') in 0.1059287 seconds
Number of updated asset objects reloaded before import = 0Number of asset objects unloaded after import = 0

========================================================================
Received Import Request.
  Time since last request: 0.000135 seconds.
  path: Assets/Mirror/Runtime/Transport/SimpleWebTransport/Client/Webgl/SimpleWebJSLib.cs
  artifactKey: Guid(97b96a0b65c104443977473323c2ff35) Importer(2089858483,797179f86c6e516b54ff30bda720a719)
Start importing Assets/Mirror/Runtime/Transport/SimpleWebTransport/Client/Webgl/SimpleWebJSLib.cs using Guid(97b96a0b65c104443977473323c2ff35) Importer(2089858483,797179f86c6e516b54ff30bda720a719) (ScriptedImporter) -> (artifact id: '74f5298a58f4e9133ee79f3d9ce55625') in 0.0712483 seconds
Number of updated asset objects reloaded before import = 0Number of asset objects unloaded after import = 0

========================================================================
Received Import Request.
  Time since last request: 0.000031 seconds.
  path: Assets/GPM/Manager/Editor/Constant/Vo/ServiceList.cs
  artifactKey: Guid(9bf13adaffcadc94284502a2110660a1) Importer(2089858483,797179f86c6e516b54ff30bda720a719)
Start importing Assets/GPM/Manager/Editor/Constant/Vo/ServiceList.cs using Guid(9bf13adaffcadc94284502a2110660a1) Importer(2089858483,797179f86c6e516b54ff30bda720a719) (ScriptedImporter) -> (artifact id: '0469cafb8abb808a3c6e3a6fcb135aff') in 0.1060026 seconds
Number of updated asset objects reloaded before import = 0Number of asset objects unloaded after import = 0

========================================================================
Received Import Request.
  Time since last request: 0.000144 seconds.
  path: Assets/GPM/Common/ThirdParty/SharpCompress/Readers/Zip/ZipReader.cs
  artifactKey: Guid(68ff9c1e7cfac844aa3ec28e370d1414) Importer(2089858483,797179f86c6e516b54ff30bda720a719)
Start importing Assets/GPM/Common/ThirdParty/SharpCompress/Readers/Zip/ZipReader.cs using Guid(68ff9c1e7cfac844aa3ec28e370d1414) Importer(2089858483,797179f86c6e516b54ff30bda720a719) (ScriptedImporter) -> (artifact id: '1471bb9ae5805f3336259819964f7306') in 0.1142839 seconds
Number of updated asset objects reloaded before import = 0Number of asset objects unloaded after import = 0

========================================================================
Received Import Request.
  Time since last request: 0.000060 seconds.
  path: Assets/Mirror/Examples/MultipleAdditiveScenes/Materials/Render/Player.mat
  artifactKey: Guid(2089070a3452e6f4d866c53e51aae8f2) Importer(2089858483,797179f86c6e516b54ff30bda720a719)
Start importing Assets/Mirror/Examples/MultipleAdditiveScenes/Materials/Render/Player.mat using Guid(2089070a3452e6f4d866c53e51aae8f2) Importer(2089858483,797179f86c6e516b54ff30bda720a719) (ScriptedImporter) -> (artifact id: 'fabdd7a01ae15e03e906b7bec9b812e3') in 0.1258112 seconds
Number of updated asset objects reloaded before import = 0Number of asset objects unloaded after import = 1

========================================================================
Received Import Request.
  Time since last request: 0.000017 seconds.
  path: Assets/ParrelSync/ParrelSync/Editor/NonCore/OtherMenuItem.cs
  artifactKey: Guid(7191fa4bfa12ae749b27f73ed292eaf1) Importer(2089858483,797179f86c6e516b54ff30bda720a719)
Start importing Assets/ParrelSync/ParrelSync/Editor/NonCore/OtherMenuItem.cs using Guid(7191fa4bfa12ae749b27f73ed292eaf1) Importer(2089858483,797179f86c6e516b54ff30bda720a719) (ScriptedImporter) -> (artifact id: '0c1c60d5bcb811a82b2c02fdda1faed6') in 0.1434734 seconds
Number of updated asset objects reloaded before import = 0Number of asset objects unloaded after import = 0

========================================================================
Received Import Request.
  Time since last request: 0.000067 seconds.
  path: Assets/Mirror/Runtime/Empty/StringHash.cs
  artifactKey: Guid(733f020f9b76d453da841089579fd7a7) Importer(2089858483,797179f86c6e516b54ff30bda720a719)
Start importing Assets/Mirror/Runtime/Empty/StringHash.cs using Guid(733f020f9b76d453da841089579fd7a7) Importer(2089858483,797179f86c6e516b54ff30bda720a719) (ScriptedImporter) -> (artifact id: 'c5daa34bc10d6835e296e86ad2a105e1') in 0.1313295 seconds
Number of updated asset objects reloaded before import = 0Number of asset objects unloaded after import = 0

========================================================================
Received Import Request.
  Time since last request: 0.000095 seconds.
  path: Assets/Mirror/Runtime/Empty/DotNetCompatibility.cs
  artifactKey: Guid(b307f850ccbbe450295acf24d70e5c28) Importer(2089858483,797179f86c6e516b54ff30bda720a719)
Start importing Assets/Mirror/Runtime/Empty/DotNetCompatibility.cs using Guid(b307f850ccbbe450295acf24d70e5c28) Importer(2089858483,797179f86c6e516b54ff30bda720a719) (ScriptedImporter) -> (artifact id: 'c3193c677b02759d9f6db00892a74c31') in 0.1529427 seconds
Number of updated asset objects reloaded before import = 0Number of asset objects unloaded after import = 0

========================================================================
Received Import Request.
  Time since last request: 0.000054 seconds.
  path: Assets/Scripts/RequestItemBtn.cs
  artifactKey: Guid(7cd778b5aed118c4b9d9b14e8495be77) Importer(2089858483,797179f86c6e516b54ff30bda720a719)
Start importing Assets/Scripts/RequestItemBtn.cs using Guid(7cd778b5aed118c4b9d9b14e8495be77) Importer(2089858483,797179f86c6e516b54ff30bda720a719) (ScriptedImporter) -> (artifact id: '9c26114b42a66865b749b0788403f464') in 0.1417829 seconds
Number of updated asset objects reloaded before import = 0Number of asset objects unloaded after import = 0

========================================================================
Received Import Request.
  Time since last request: 0.000049 seconds.
  path: Assets/Mirror/Examples/AdditiveScenes/Materials/Cylinder.mat
  artifactKey: Guid(439a10ee8f8d14040be9003239449741) Importer(2089858483,797179f86c6e516b54ff30bda720a719)
Start importing Assets/Mirror/Examples/AdditiveScenes/Materials/Cylinder.mat using Guid(439a10ee8f8d14040be9003239449741) Importer(2089858483,797179f86c6e516b54ff30bda720a719) (ScriptedImporter) -> (artifact id: 'e54b063290f65718070e46ed15191599') in 0.086835 seconds
Number of updated asset objects reloaded before import = 0Number of asset objects unloaded after import = 1

========================================================================
Received Import Request.
  Time since last request: 0.000023 seconds.
  path: Assets/Mirror/Runtime/Transport/SimpleWebTransport/SimpleWebTransport.asmdef
  artifactKey: Guid(3b5390adca4e2bb4791cb930316d6f3e) Importer(2089858483,797179f86c6e516b54ff30bda720a719)
Start importing Assets/Mirror/Runtime/Transport/SimpleWebTransport/SimpleWebTransport.asmdef using Guid(3b5390adca4e2bb4791cb930316d6f3e) Importer(2089858483,797179f86c6e516b54ff30bda720a719) (ScriptedImporter) -> (artifact id: '26f0744ab1915600c0d19b07c87f8568') in 0.1007735 seconds
Number of updated asset objects reloaded before import = 0Number of asset objects unloaded after import = 1

========================================================================
Received Import Request.
  Time since last request: 85.214879 seconds.
  path: Assets/Mirror/Runtime/Notice.txt
  artifactKey: Guid(1a7b49ad188074707b004e7bb8824857) Importer(2089858483,797179f86c6e516b54ff30bda720a719)
Start importing Assets/Mirror/Runtime/Notice.txt using Guid(1a7b49ad188074707b004e7bb8824857) Importer(2089858483,797179f86c6e516b54ff30bda720a719) (ScriptedImporter) -> (artifact id: 'cbece874baa04042506aa47b210f9857') in 0.0191779 seconds
Number of updated asset objects reloaded before import = 0Number of asset objects unloaded after import = 1

========================================================================
Received Import Request.
  Time since last request: 5.468189 seconds.
  path: Assets/Mirror
  artifactKey: Guid(5cf8eb36be0834b3da408c694a41cb88) Importer(815301076,1909f56bfc062723c751e8b465ee728b)
Start importing Assets/Mirror using Guid(5cf8eb36be0834b3da408c694a41cb88) Importer(815301076,1909f56bfc062723c751e8b465ee728b) (PreviewImporter) -> (artifact id: '89b81a08c8ee5e36b0c98e82d4d8ce95') in 0.0008985 seconds
Number of updated asset objects reloaded before import = 0Number of asset objects unloaded after import = 0

========================================================================
Received Prepare
Refreshing native plugins compatible for Editor in 2.95 ms, found 4 plugins.
Preloading 0 native plugins for Editor in 0.00 ms.
Unloading 0 Unused Serialized files (Serialized files now loaded: 0)
Unloading 5096 unused Assets / (1.3 MB). Loaded Objects now: 5716.
Memory consumption went from 108.0 MB to 106.7 MB.
Total: 27.222500 ms (FindLiveObjects: 0.394700 ms CreateObjectMapping: 0.361900 ms MarkObjects: 25.400000 ms  DeleteObjects: 1.064900 ms)

Prepare: number of updated asset objects reloaded= 0
========================================================================
Received Prepare
Refreshing native plugins compatible for Editor in 2.38 ms, found 4 plugins.
Preloading 0 native plugins for Editor in 0.00 ms.
Unloading 0 Unused Serialized files (Serialized files now loaded: 0)
Unloading 5091 unused Assets / (1.5 MB). Loaded Objects now: 5716.
Memory consumption went from 107.9 MB to 106.5 MB.
Total: 19.856800 ms (FindLiveObjects: 0.465000 ms CreateObjectMapping: 0.364100 ms MarkObjects: 17.969200 ms  DeleteObjects: 1.056900 ms)

Prepare: number of updated asset objects reloaded= 0
========================================================================
Received Prepare
Refreshing native plugins compatible for Editor in 9.24 ms, found 4 plugins.
Preloading 0 native plugins for Editor in 0.00 ms.
Unloading 0 Unused Serialized files (Serialized files now loaded: 0)
Unloading 5091 unused Assets / (1.4 MB). Loaded Objects now: 5716.
Memory consumption went from 108.0 MB to 106.5 MB.
Total: 26.847400 ms (FindLiveObjects: 0.822900 ms CreateObjectMapping: 0.392300 ms MarkObjects: 24.102100 ms  DeleteObjects: 1.528600 ms)

Prepare: number of updated asset objects reloaded= 0
========================================================================
Received Import Request.
  Time since last request: 3221.343070 seconds.
  path: Assets/Scripts/CrateInteractWindow.cs
  artifactKey: Guid(4030955630ea68a4d8194079cd53080f) Importer(2089858483,797179f86c6e516b54ff30bda720a719)
Start importing Assets/Scripts/CrateInteractWindow.cs using Guid(4030955630ea68a4d8194079cd53080f) Importer(2089858483,797179f86c6e516b54ff30bda720a719) (ScriptedImporter) -> (artifact id: 'e7b9969b45e808331bede41ff0ab9e12') in 0.0647125 seconds
Number of updated asset objects reloaded before import = 0Number of asset objects unloaded after import = 0

========================================================================
Received Prepare
Refreshing native plugins compatible for Editor in 5.01 ms, found 4 plugins.
Preloading 0 native plugins for Editor in 0.00 ms.
Unloading 0 Unused Serialized files (Serialized files now loaded: 0)
Unloading 5091 unused Assets / (1.1 MB). Loaded Objects now: 5716.
Memory consumption went from 108.0 MB to 106.9 MB.
Total: 22.028600 ms (FindLiveObjects: 0.874000 ms CreateObjectMapping: 0.430900 ms MarkObjects: 19.312300 ms  DeleteObjects: 1.409600 ms)

Prepare: number of updated asset objects reloaded= 0
========================================================================
Received Import Request.
  Time since last request: 23.379438 seconds.
  path: Assets/Scripts/LocalUser.cs
  artifactKey: Guid(cc7041e1a42e4784eb60c28449d45588) Importer(2089858483,797179f86c6e516b54ff30bda720a719)
Start importing Assets/Scripts/LocalUser.cs using Guid(cc7041e1a42e4784eb60c28449d45588) Importer(2089858483,797179f86c6e516b54ff30bda720a719) (ScriptedImporter) -> (artifact id: 'a5b7e112f568ff4ea751194e2fa91949') in 0.0315237 seconds
Number of updated asset objects reloaded before import = 0Number of asset objects unloaded after import = 0

========================================================================
Received Import Request.
  Time since last request: 29.004170 seconds.
  path: Assets/Scripts/M_Server.cs
  artifactKey: Guid(5a9840dcf105591428df518a7b1a31c6) Importer(815301076,1909f56bfc062723c751e8b465ee728b)
Start importing Assets/Scripts/M_Server.cs using Guid(5a9840dcf105591428df518a7b1a31c6) Importer(815301076,1909f56bfc062723c751e8b465ee728b) (PreviewImporter) -> (artifact id: '2da781095ff863a4b9bc51ec41577707') in 0.00066 seconds
Number of updated asset objects reloaded before import = 0Number of asset objects unloaded after import = 0

========================================================================
Received Import Request.
  Time since last request: 23.735353 seconds.
  path: Assets/Scripts/MapContextMenu.cs
  artifactKey: Guid(cb390ec57cdccbf44bcfc60dc4cd4212) Importer(815301076,1909f56bfc062723c751e8b465ee728b)
Start importing Assets/Scripts/MapContextMenu.cs using Guid(cb390ec57cdccbf44bcfc60dc4cd4212) Importer(815301076,1909f56bfc062723c751e8b465ee728b) (PreviewImporter) -> (artifact id: '62382a973f32208f44ca95c211cca0f5') in 0.0006658 seconds
Number of updated asset objects reloaded before import = 0Number of asset objects unloaded after import = 0

========================================================================
Received Import Request.
  Time since last request: 44.593893 seconds.
  path: Assets/Scripts/DataManager.cs
  artifactKey: Guid(aed4f21e88669a64fa8e946bbaceef8f) Importer(815301076,1909f56bfc062723c751e8b465ee728b)
Start importing Assets/Scripts/DataManager.cs using Guid(aed4f21e88669a64fa8e946bbaceef8f) Importer(815301076,1909f56bfc062723c751e8b465ee728b) (PreviewImporter) -> (artifact id: 'b08189d53f48d52d180e2727e0b98487') in 0.0005487 seconds
Number of updated asset objects reloaded before import = 0Number of asset objects unloaded after import = 0

========================================================================
Received Prepare
Refreshing native plugins compatible for Editor in 5.85 ms, found 4 plugins.
Preloading 0 native plugins for Editor in 0.00 ms.
Unloading 0 Unused Serialized files (Serialized files now loaded: 0)
Unloading 5091 unused Assets / (0.8 MB). Loaded Objects now: 5716.
Memory consumption went from 108.0 MB to 107.2 MB.
Total: 16.687400 ms (FindLiveObjects: 0.840400 ms CreateObjectMapping: 0.499300 ms MarkObjects: 13.924200 ms  DeleteObjects: 1.421500 ms)

Prepare: number of updated asset objects reloaded= 0
========================================================================
Received Import Request.
  Time since last request: 1306.404961 seconds.
  path: Assets/Scripts/M_Server.cs
  artifactKey: Guid(5a9840dcf105591428df518a7b1a31c6) Importer(2089858483,797179f86c6e516b54ff30bda720a719)
Start importing Assets/Scripts/M_Server.cs using Guid(5a9840dcf105591428df518a7b1a31c6) Importer(2089858483,797179f86c6e516b54ff30bda720a719) (ScriptedImporter) -> (artifact id: 'e9bc568cbd2f9b8f70cff6b2cb631542') in 0.0172853 seconds
Number of updated asset objects reloaded before import = 0Number of asset objects unloaded after import = 0

========================================================================
Received Prepare
Refreshing native plugins compatible for Editor in 2.82 ms, found 4 plugins.
Preloading 0 native plugins for Editor in 0.00 ms.
Unloading 0 Unused Serialized files (Serialized files now loaded: 0)
Unloading 5091 unused Assets / (1.4 MB). Loaded Objects now: 5716.
Memory consumption went from 108.0 MB to 106.6 MB.
Total: 12.493900 ms (FindLiveObjects: 0.379400 ms CreateObjectMapping: 0.339800 ms MarkObjects: 10.708300 ms  DeleteObjects: 1.065500 ms)

Prepare: number of updated asset objects reloaded= 0
========================================================================
Received Import Request.
  Time since last request: 19.523599 seconds.
  path: Assets/Scripts/MapUIManager.cs
  artifactKey: Guid(cd5cdf1ca4c71204bbb24f9d19d9a5b5) Importer(2089858483,797179f86c6e516b54ff30bda720a719)
Start importing Assets/Scripts/MapUIManager.cs using Guid(cd5cdf1ca4c71204bbb24f9d19d9a5b5) Importer(2089858483,797179f86c6e516b54ff30bda720a719) (ScriptedImporter) -> (artifact id: '61e64d615fab39df9f1af4b8e76dcd05') in 0.7242964 seconds
Number of updated asset objects reloaded before import = 0Number of asset objects unloaded after import = 0

========================================================================
Received Prepare
Refreshing native plugins compatible for Editor in 2.87 ms, found 4 plugins.
Preloading 0 native plugins for Editor in 0.00 ms.
Unloading 0 Unused Serialized files (Serialized files now loaded: 0)
Unloading 5091 unused Assets / (1.3 MB). Loaded Objects now: 5716.
Memory consumption went from 108.0 MB to 106.7 MB.
Total: 17.196200 ms (FindLiveObjects: 0.508900 ms CreateObjectMapping: 0.560400 ms MarkObjects: 14.595900 ms  DeleteObjects: 1.529600 ms)

Prepare: number of updated asset objects reloaded= 0
========================================================================
Received Import Request.
  Time since last request: 18.163376 seconds.
  path: Assets/Scripts/StockpileListItem.cs
  artifactKey: Guid(a50eaf679247f8143bd211d726066d01) Importer(2089858483,797179f86c6e516b54ff30bda720a719)
Start importing Assets/Scripts/StockpileListItem.cs using Guid(a50eaf679247f8143bd211d726066d01) Importer(2089858483,797179f86c6e516b54ff30bda720a719) (ScriptedImporter) -> (artifact id: '5ef16db6fd3e90899f19d195de8e6609') in 0.0211507 seconds
Number of updated asset objects reloaded before import = 0Number of asset objects unloaded after import = 0

========================================================================
Received Prepare
Refreshing native plugins compatible for Editor in 2.81 ms, found 4 plugins.
Preloading 0 native plugins for Editor in 0.00 ms.
Unloading 0 Unused Serialized files (Serialized files now loaded: 0)
Unloading 5091 unused Assets / (1.3 MB). Loaded Objects now: 5716.
Memory consumption went from 108.0 MB to 106.7 MB.
Total: 12.087600 ms (FindLiveObjects: 0.394300 ms CreateObjectMapping: 0.303300 ms MarkObjects: 10.407400 ms  DeleteObjects: 0.982000 ms)

Prepare: number of updated asset objects reloaded= 0
========================================================================
Received Import Request.
  Time since last request: 22.789682 seconds.
  path: Assets/Scripts/StockpileLogWindow.cs
  artifactKey: Guid(e8efec9fcbbb14544a6e066783c8eb7b) Importer(2089858483,797179f86c6e516b54ff30bda720a719)
Start importing Assets/Scripts/StockpileLogWindow.cs using Guid(e8efec9fcbbb14544a6e066783c8eb7b) Importer(2089858483,797179f86c6e516b54ff30bda720a719) (ScriptedImporter) -> (artifact id: '99aed00851d025f8bebe0ec438ee13f0') in 0.0240205 seconds
Number of updated asset objects reloaded before import = 0Number of asset objects unloaded after import = 0

========================================================================
Received Prepare
Refreshing native plugins compatible for Editor in 2.79 ms, found 4 plugins.
Preloading 0 native plugins for Editor in 0.00 ms.
Unloading 0 Unused Serialized files (Serialized files now loaded: 0)
Unloading 5091 unused Assets / (1.5 MB). Loaded Objects now: 5716.
Memory consumption went from 108.0 MB to 106.4 MB.
Total: 12.534400 ms (FindLiveObjects: 0.377000 ms CreateObjectMapping: 0.336100 ms MarkObjects: 10.707700 ms  DeleteObjects: 1.112200 ms)

Prepare: number of updated asset objects reloaded= 0
========================================================================
Received Import Request.
  Time since last request: 6.224049 seconds.
  path: Assets/Scripts/StockpileLogWindow.cs
  artifactKey: Guid(e8efec9fcbbb14544a6e066783c8eb7b) Importer(2089858483,797179f86c6e516b54ff30bda720a719)
Start importing Assets/Scripts/StockpileLogWindow.cs using Guid(e8efec9fcbbb14544a6e066783c8eb7b) Importer(2089858483,797179f86c6e516b54ff30bda720a719) (ScriptedImporter) -> (artifact id: '66f1cb37fc3c9eafa6ed8114f7e1880f') in 0.0212265 seconds
Number of updated asset objects reloaded before import = 0Number of asset objects unloaded after import = 0

========================================================================
Received Prepare
Refreshing native plugins compatible for Editor in 3.73 ms, found 4 plugins.
Preloading 0 native plugins for Editor in 0.00 ms.
Unloading 0 Unused Serialized files (Serialized files now loaded: 0)
Unloading 5091 unused Assets / (1.3 MB). Loaded Objects now: 5716.
Memory consumption went from 108.0 MB to 106.6 MB.
Total: 12.957400 ms (FindLiveObjects: 0.476000 ms CreateObjectMapping: 0.305900 ms MarkObjects: 11.119900 ms  DeleteObjects: 1.054300 ms)

Prepare: number of updated asset objects reloaded= 0
========================================================================
Received Import Request.
  Time since last request: 18.920038 seconds.
  path: Assets/Scripts/StockpileWindow.cs
  artifactKey: Guid(f47c1db2d8819c54da8a45c87e589f8e) Importer(2089858483,797179f86c6e516b54ff30bda720a719)
Start importing Assets/Scripts/StockpileWindow.cs using Guid(f47c1db2d8819c54da8a45c87e589f8e) Importer(2089858483,797179f86c6e516b54ff30bda720a719) (ScriptedImporter) -> (artifact id: '99b5411d713b7660e905fcd4a022e0cb') in 0.0236423 seconds
Number of updated asset objects reloaded before import = 0Number of asset objects unloaded after import = 0

========================================================================
Received Prepare
Refreshing native plugins compatible for Editor in 2.84 ms, found 4 plugins.
Preloading 0 native plugins for Editor in 0.00 ms.
Unloading 0 Unused Serialized files (Serialized files now loaded: 0)
Unloading 5091 unused Assets / (1.4 MB). Loaded Objects now: 5716.
Memory consumption went from 108.0 MB to 106.6 MB.
Total: 12.799900 ms (FindLiveObjects: 0.373900 ms CreateObjectMapping: 0.320000 ms MarkObjects: 10.954900 ms  DeleteObjects: 1.150200 ms)

Prepare: number of updated asset objects reloaded= 0
========================================================================
Received Import Request.
  Time since last request: 15.794626 seconds.
  path: Assets/Scripts/UIManager.cs
  artifactKey: Guid(57a39421b3126df4b9a8a901ce014135) Importer(2089858483,797179f86c6e516b54ff30bda720a719)
Start importing Assets/Scripts/UIManager.cs using Guid(57a39421b3126df4b9a8a901ce014135) Importer(2089858483,797179f86c6e516b54ff30bda720a719) (ScriptedImporter) -> (artifact id: '2b4152b75ce9bcc8c34ac8f278415aad') in 0.0446563 seconds
Number of updated asset objects reloaded before import = 0Number of asset objects unloaded after import = 0

========================================================================
Received Prepare
Refreshing native plugins compatible for Editor in 3.06 ms, found 4 plugins.
Preloading 0 native plugins for Editor in 0.00 ms.
Unloading 0 Unused Serialized files (Serialized files now loaded: 0)
Unloading 5091 unused Assets / (1.1 MB). Loaded Objects now: 5716.
Memory consumption went from 108.0 MB to 106.8 MB.
Total: 12.250600 ms (FindLiveObjects: 0.375800 ms CreateObjectMapping: 0.343700 ms MarkObjects: 10.540500 ms  DeleteObjects: 0.989800 ms)

Prepare: number of updated asset objects reloaded= 0
========================================================================
Received Import Request.
  Time since last request: 60.931017 seconds.
  path: Assets/Scripts/UIManager.cs
  artifactKey: Guid(57a39421b3126df4b9a8a901ce014135) Importer(2089858483,797179f86c6e516b54ff30bda720a719)
Start importing Assets/Scripts/UIManager.cs using Guid(57a39421b3126df4b9a8a901ce014135) Importer(2089858483,797179f86c6e516b54ff30bda720a719) (ScriptedImporter) -> (artifact id: 'aafce98e88f608ab4436362379a60986') in 0.0334782 seconds
Number of updated asset objects reloaded before import = 0Number of asset objects unloaded after import = 0

========================================================================
Received Prepare
Refreshing native plugins compatible for Editor in 3.48 ms, found 4 plugins.
Preloading 0 native plugins for Editor in 0.00 ms.
Unloading 0 Unused Serialized files (Serialized files now loaded: 0)
Unloading 5091 unused Assets / (1.6 MB). Loaded Objects now: 5716.
Memory consumption went from 108.0 MB to 106.4 MB.
Total: 17.241900 ms (FindLiveObjects: 0.452600 ms CreateObjectMapping: 0.331800 ms MarkObjects: 15.007200 ms  DeleteObjects: 1.449100 ms)

Prepare: number of updated asset objects reloaded= 0
========================================================================
Received Import Request.
  Time since last request: 72.122591 seconds.
  path: Assets/Scripts/User.cs
  artifactKey: Guid(3cbbec9453601724fbd7db0bedc47dd8) Importer(2089858483,797179f86c6e516b54ff30bda720a719)
Start importing Assets/Scripts/User.cs using Guid(3cbbec9453601724fbd7db0bedc47dd8) Importer(2089858483,797179f86c6e516b54ff30bda720a719) (ScriptedImporter) -> (artifact id: '08249aae157c25868399d2989def58fe') in 0.0223689 seconds
Number of updated asset objects reloaded before import = 0Number of asset objects unloaded after import = 0

========================================================================
Received Prepare
Refreshing native plugins compatible for Editor in 3.67 ms, found 4 plugins.
Preloading 0 native plugins for Editor in 0.00 ms.
Unloading 0 Unused Serialized files (Serialized files now loaded: 0)
Unloading 5091 unused Assets / (1.3 MB). Loaded Objects now: 5716.
Memory consumption went from 108.0 MB to 106.7 MB.
Total: 12.936400 ms (FindLiveObjects: 0.422400 ms CreateObjectMapping: 0.305500 ms MarkObjects: 11.154400 ms  DeleteObjects: 1.052800 ms)

Prepare: number of updated asset objects reloaded= 0
========================================================================
Received Import Request.
  Time since last request: 4.733894 seconds.
  path: Assets/Scripts/User.cs
  artifactKey: Guid(3cbbec9453601724fbd7db0bedc47dd8) Importer(2089858483,797179f86c6e516b54ff30bda720a719)
Start importing Assets/Scripts/User.cs using Guid(3cbbec9453601724fbd7db0bedc47dd8) Importer(2089858483,797179f86c6e516b54ff30bda720a719) (ScriptedImporter) -> (artifact id: '3cdc0605f2463bb7baab9f961f64fe4e') in 0.0334323 seconds
Number of updated asset objects reloaded before import = 0Number of asset objects unloaded after import = 0

========================================================================
Received Prepare
Begin MonoManager ReloadAssembly
[Licensing::Client] Successfully resolved entitlement details
[Licensing::Module] License group:
  Id: F4-AKY6-PKNA-WNG4-95XJ-XXXX
  Product: Unity Personal
  Type: ULF
  Expiration: Unlimited
[Licensing::Module] License group:
  Id: 623459-UnityPersXXXX
  Product: Unity Personal
  Type: Assigned
  Expiration: Unlimited
Symbol file LoadedFromMemory is not a mono symbol file
- Loaded All Assemblies, in  1.025 seconds
Refreshing native plugins compatible for Editor in 2.81 ms, found 4 plugins.
Native extension for Android target not found
Native extension for WindowsStandalone target not found
[Package Manager] Failed to launch server process. Reason: Unity was launched with the -noUpm command-line argument
[Package Manager] Unable to send message (not connected to server process).
[Package Manager] Cannot connect to Unity Package Manager local server
[Package Manager] Failed to launch server process. Reason: Unity was launched with the -noUpm command-line argument
[Package Manager] Unable to send message (not connected to server process).
[Package Manager] Cannot connect to Unity Package Manager local server
System.Exception: Error! Visual Scripting: couldn't find visual scripting package
  at Unity.VisualScripting.PackageVersionUtility.get_version () [0x00043] in .\Library\PackageCache\com.unity.visualscripting@eb6004dcc707\Editor\VisualScripting.Core\Utilities\PackageVersionUtility.cs:31 
  at Unity.VisualScripting.BoltCoreManifest.get_version () [0x00000] in .\Library\PackageCache\com.unity.visualscripting@eb6004dcc707\Editor\VisualScripting.Core\Plugin\BoltCoreManifest.cs:11 
  at Unity.VisualScripting.PluginManifest.get_currentVersion () [0x00000] in .\Library\PackageCache\com.unity.visualscripting@eb6004dcc707\Editor\VisualScripting.Core\Plugins\PluginManifest.cs:33 
  at Unity.VisualScripting.PluginManifest.get_versionMismatch () [0x00000] in .\Library\PackageCache\com.unity.visualscripting@eb6004dcc707\Editor\VisualScripting.Core\Plugins\PluginManifest.cs:48 
  at Unity.VisualScripting.PluginContainer.Initialize () [0x00525] in .\Library\PackageCache\com.unity.visualscripting@eb6004dcc707\Editor\VisualScripting.Core\Plugins\PluginContainer.cs:208 
  at Unity.VisualScripting.PluginContainer.InitializeOnLoad () [0x00009] in .\Library\PackageCache\com.unity.visualscripting@eb6004dcc707\Editor\VisualScripting.Core\Plugins\PluginContainer.cs:32 
  at Unity.VisualScripting.VSUsageUtility.DoInitializeOnLoadCalls () [0x00034] in .\Library\PackageCache\com.unity.visualscripting@eb6004dcc707\Editor\VisualScripting.Core\Utilities\VSUsageUtility.cs:76 
  at Unity.VisualScripting.VSUsageUtility.set_isVisualScriptingUsed (System.Boolean value) [0x0002c] in .\Library\PackageCache\com.unity.visualscripting@eb6004dcc707\Editor\VisualScripting.Core\Utilities\VSUsageUtility.cs:114 
  at Unity.VisualScripting.VSUsageUtility.CheckAndSetIsVisualScriptingUsed () [0x0000d] in .\Library\PackageCache\com.unity.visualscripting@eb6004dcc707\Editor\VisualScripting.Core\Utilities\VSUsageUtility.cs:33 
  at Unity.VisualScripting.VSUsageUtility..cctor () [0x00000] in .\Library\PackageCache\com.unity.visualscripting@eb6004dcc707\Editor\VisualScripting.Core\Utilities\VSUsageUtility.cs:22 
UnityEngine.Debug:ExtractStackTraceNoAlloc (byte*,int,string)
UnityEngine.StackTraceUtility:ExtractStackTrace ()
UnityEngine.DebugLogHandler:Internal_Log (UnityEngine.LogType,UnityEngine.LogOption,string,UnityEngine.Object)
UnityEngine.DebugLogHandler:LogFormat (UnityEngine.LogType,UnityEngine.Object,string,object[])
UnityEngine.Logger:Log (UnityEngine.LogType,object)
UnityEngine.Debug:LogError (object)
UnityEditor.EditorAssemblies:ProcessInitializeOnLoadAttributes (System.Type[])

ScheduleIndexationOnStartup MainProcess:False IndexOnStartup:True
Mono: successfully reloaded assembly
- Finished resetting the current domain, in  0.887 seconds
Domain Reload Profiling: 1905ms
	BeginReloadAssembly (384ms)
		ExecutionOrderSort (0ms)
		DisableScriptedObjects (30ms)
		BackupInstance (0ms)
		ReleaseScriptingObjects (0ms)
		CreateAndSetChildDomain (101ms)
	RebuildCommonClasses (29ms)
	RebuildNativeTypeToScriptingClass (9ms)
	initialDomainReloadingComplete (32ms)
	LoadAllAssembliesAndSetupDomain (563ms)
		LoadAssemblies (546ms)
		RebuildTransferFunctionScriptingTraits (0ms)
		AnalyzeDomain (192ms)
			TypeCache.Refresh (77ms)
				TypeCache.ScanAssembly (61ms)
			BuildScriptInfoCaches (107ms)
			ResolveRequiredComponents (4ms)
	FinalizeReload (887ms)
		ReleaseScriptCaches (0ms)
		RebuildScriptCaches (0ms)
		SetupLoadedEditorAssemblies (562ms)
			LogAssemblyErrors (0ms)
			InitializePlatformSupportModulesInManaged (6ms)
			SetLoadedEditorAssemblies (4ms)
			BeforeProcessingInitializeOnLoad (142ms)
			ProcessInitializeOnLoadAttributes (357ms)
			ProcessInitializeOnLoadMethodAttributes (48ms)
			AfterProcessingInitializeOnLoad (5ms)
			EditorAssembliesLoaded (0ms)
		ExecutionOrderSort2 (0ms)
		AwakeInstancesAfterBackupRestoration (4ms)
Refreshing native plugins compatible for Editor in 2.03 ms, found 4 plugins.
Preloading 0 native plugins for Editor in 0.00 ms.
Unloading 0 Unused Serialized files (Serialized files now loaded: 0)
Unloading 5121 unused Assets / (1.3 MB). Loaded Objects now: 5721.
Memory consumption went from 108.3 MB to 107.1 MB.
Total: 11.542200 ms (FindLiveObjects: 0.430200 ms CreateObjectMapping: 0.310700 ms MarkObjects: 9.493100 ms  DeleteObjects: 1.306600 ms)

Prepare: number of updated asset objects reloaded= 0
========================================================================
Received Prepare
Begin MonoManager ReloadAssembly
[Licensing::Client] Successfully resolved entitlement details
[Licensing::Module] License group:
  Id: F4-AKY6-PKNA-WNG4-95XJ-XXXX
  Product: Unity Personal
  Type: ULF
  Expiration: Unlimited
[Licensing::Module] License group:
  Id: 623459-UnityPersXXXX
  Product: Unity Personal
  Type: Assigned
  Expiration: Unlimited
Symbol file LoadedFromMemory is not a mono symbol file
- Loaded All Assemblies, in  0.766 seconds
Refreshing native plugins compatible for Editor in 2.86 ms, found 4 plugins.
Native extension for Android target not found
Native extension for WindowsStandalone target not found
[Package Manager] Failed to launch server process. Reason: Unity was launched with the -noUpm command-line argument
[Package Manager] Unable to send message (not connected to server process).
[Package Manager] Cannot connect to Unity Package Manager local server
[Package Manager] Failed to launch server process. Reason: Unity was launched with the -noUpm command-line argument
[Package Manager] Unable to send message (not connected to server process).
[Package Manager] Cannot connect to Unity Package Manager local server
System.Exception: Error! Visual Scripting: couldn't find visual scripting package
  at Unity.VisualScripting.PackageVersionUtility.get_version () [0x00043] in .\Library\PackageCache\com.unity.visualscripting@eb6004dcc707\Editor\VisualScripting.Core\Utilities\PackageVersionUtility.cs:31 
  at Unity.VisualScripting.BoltCoreManifest.get_version () [0x00000] in .\Library\PackageCache\com.unity.visualscripting@eb6004dcc707\Editor\VisualScripting.Core\Plugin\BoltCoreManifest.cs:11 
  at Unity.VisualScripting.PluginManifest.get_currentVersion () [0x00000] in .\Library\PackageCache\com.unity.visualscripting@eb6004dcc707\Editor\VisualScripting.Core\Plugins\PluginManifest.cs:33 
  at Unity.VisualScripting.PluginManifest.get_versionMismatch () [0x00000] in .\Library\PackageCache\com.unity.visualscripting@eb6004dcc707\Editor\VisualScripting.Core\Plugins\PluginManifest.cs:48 
  at Unity.VisualScripting.PluginContainer.Initialize () [0x00525] in .\Library\PackageCache\com.unity.visualscripting@eb6004dcc707\Editor\VisualScripting.Core\Plugins\PluginContainer.cs:208 
  at Unity.VisualScripting.PluginContainer.InitializeOnLoad () [0x00009] in .\Library\PackageCache\com.unity.visualscripting@eb6004dcc707\Editor\VisualScripting.Core\Plugins\PluginContainer.cs:32 
  at Unity.VisualScripting.VSUsageUtility.DoInitializeOnLoadCalls () [0x00034] in .\Library\PackageCache\com.unity.visualscripting@eb6004dcc707\Editor\VisualScripting.Core\Utilities\VSUsageUtility.cs:76 
  at Unity.VisualScripting.VSUsageUtility.set_isVisualScriptingUsed (System.Boolean value) [0x0002c] in .\Library\PackageCache\com.unity.visualscripting@eb6004dcc707\Editor\VisualScripting.Core\Utilities\VSUsageUtility.cs:114 
  at Unity.VisualScripting.VSUsageUtility.CheckAndSetIsVisualScriptingUsed () [0x0000d] in .\Library\PackageCache\com.unity.visualscripting@eb6004dcc707\Editor\VisualScripting.Core\Utilities\VSUsageUtility.cs:33 
  at Unity.VisualScripting.VSUsageUtility..cctor () [0x00000] in .\Library\PackageCache\com.unity.visualscripting@eb6004dcc707\Editor\VisualScripting.Core\Utilities\VSUsageUtility.cs:22 
UnityEngine.Debug:ExtractStackTraceNoAlloc (byte*,int,string)
UnityEngine.StackTraceUtility:ExtractStackTrace ()
UnityEngine.DebugLogHandler:Internal_Log (UnityEngine.LogType,UnityEngine.LogOption,string,UnityEngine.Object)
UnityEngine.DebugLogHandler:LogFormat (UnityEngine.LogType,UnityEngine.Object,string,object[])
UnityEngine.Logger:Log (UnityEngine.LogType,object)
UnityEngine.Debug:LogError (object)
UnityEditor.EditorAssemblies:ProcessInitializeOnLoadAttributes (System.Type[])

ScheduleIndexationOnStartup MainProcess:False IndexOnStartup:True
Mono: successfully reloaded assembly
- Finished resetting the current domain, in  0.874 seconds
Domain Reload Profiling: 1641ms
	BeginReloadAssembly (261ms)
		ExecutionOrderSort (0ms)
		DisableScriptedObjects (14ms)
		BackupInstance (0ms)
		ReleaseScriptingObjects (0ms)
		CreateAndSetChildDomain (45ms)
	RebuildCommonClasses (27ms)
	RebuildNativeTypeToScriptingClass (10ms)
	initialDomainReloadingComplete (28ms)
	LoadAllAssembliesAndSetupDomain (441ms)
		LoadAssemblies (438ms)
		RebuildTransferFunctionScriptingTraits (0ms)
		AnalyzeDomain (149ms)
			TypeCache.Refresh (6ms)
				TypeCache.ScanAssembly (0ms)
			BuildScriptInfoCaches (134ms)
			ResolveRequiredComponents (4ms)
	FinalizeReload (874ms)
		ReleaseScriptCaches (0ms)
		RebuildScriptCaches (0ms)
		SetupLoadedEditorAssemblies (565ms)
			LogAssemblyErrors (0ms)
			InitializePlatformSupportModulesInManaged (6ms)
			SetLoadedEditorAssemblies (3ms)
			BeforeProcessingInitializeOnLoad (125ms)
			ProcessInitializeOnLoadAttributes (377ms)
			ProcessInitializeOnLoadMethodAttributes (42ms)
			AfterProcessingInitializeOnLoad (12ms)
			EditorAssembliesLoaded (0ms)
		ExecutionOrderSort2 (0ms)
		AwakeInstancesAfterBackupRestoration (5ms)
Refreshing native plugins compatible for Editor in 2.72 ms, found 4 plugins.
Preloading 0 native plugins for Editor in 0.00 ms.
Unloading 0 Unused Serialized files (Serialized files now loaded: 0)
Unloading 5121 unused Assets / (1.5 MB). Loaded Objects now: 5725.
Memory consumption went from 110.2 MB to 108.8 MB.
Total: 13.506000 ms (FindLiveObjects: 0.400000 ms CreateObjectMapping: 0.324400 ms MarkObjects: 11.494500 ms  DeleteObjects: 1.286000 ms)

Prepare: number of updated asset objects reloaded= 0
========================================================================
Received Prepare
Begin MonoManager ReloadAssembly
[Licensing::Client] Successfully resolved entitlement details
[Licensing::Module] License group:
  Id: F4-AKY6-PKNA-WNG4-95XJ-XXXX
  Product: Unity Personal
  Type: ULF
  Expiration: Unlimited
[Licensing::Module] License group:
  Id: 623459-UnityPersXXXX
  Product: Unity Personal
  Type: Assigned
  Expiration: Unlimited
Symbol file LoadedFromMemory is not a mono symbol file
- Loaded All Assemblies, in  0.755 seconds
Refreshing native plugins compatible for Editor in 3.60 ms, found 4 plugins.
Native extension for Android target not found
Native extension for WindowsStandalone target not found
[Package Manager] Failed to launch server process. Reason: Unity was launched with the -noUpm command-line argument
[Package Manager] Unable to send message (not connected to server process).
[Package Manager] Cannot connect to Unity Package Manager local server
[Package Manager] Failed to launch server process. Reason: Unity was launched with the -noUpm command-line argument
[Package Manager] Unable to send message (not connected to server process).
[Package Manager] Cannot connect to Unity Package Manager local server
System.Exception: Error! Visual Scripting: couldn't find visual scripting package
  at Unity.VisualScripting.PackageVersionUtility.get_version () [0x00043] in .\Library\PackageCache\com.unity.visualscripting@eb6004dcc707\Editor\VisualScripting.Core\Utilities\PackageVersionUtility.cs:31 
  at Unity.VisualScripting.BoltCoreManifest.get_version () [0x00000] in .\Library\PackageCache\com.unity.visualscripting@eb6004dcc707\Editor\VisualScripting.Core\Plugin\BoltCoreManifest.cs:11 
  at Unity.VisualScripting.PluginManifest.get_currentVersion () [0x00000] in .\Library\PackageCache\com.unity.visualscripting@eb6004dcc707\Editor\VisualScripting.Core\Plugins\PluginManifest.cs:33 
  at Unity.VisualScripting.PluginManifest.get_versionMismatch () [0x00000] in .\Library\PackageCache\com.unity.visualscripting@eb6004dcc707\Editor\VisualScripting.Core\Plugins\PluginManifest.cs:48 
  at Unity.VisualScripting.PluginContainer.Initialize () [0x00525] in .\Library\PackageCache\com.unity.visualscripting@eb6004dcc707\Editor\VisualScripting.Core\Plugins\PluginContainer.cs:208 
  at Unity.VisualScripting.PluginContainer.InitializeOnLoad () [0x00009] in .\Library\PackageCache\com.unity.visualscripting@eb6004dcc707\Editor\VisualScripting.Core\Plugins\PluginContainer.cs:32 
  at Unity.VisualScripting.VSUsageUtility.DoInitializeOnLoadCalls () [0x00034] in .\Library\PackageCache\com.unity.visualscripting@eb6004dcc707\Editor\VisualScripting.Core\Utilities\VSUsageUtility.cs:76 
  at Unity.VisualScripting.VSUsageUtility.set_isVisualScriptingUsed (System.Boolean value) [0x0002c] in .\Library\PackageCache\com.unity.visualscripting@eb6004dcc707\Editor\VisualScripting.Core\Utilities\VSUsageUtility.cs:114 
  at Unity.VisualScripting.VSUsageUtility.CheckAndSetIsVisualScriptingUsed () [0x0000d] in .\Library\PackageCache\com.unity.visualscripting@eb6004dcc707\Editor\VisualScripting.Core\Utilities\VSUsageUtility.cs:33 
  at Unity.VisualScripting.VSUsageUtility..cctor () [0x00000] in .\Library\PackageCache\com.unity.visualscripting@eb6004dcc707\Editor\VisualScripting.Core\Utilities\VSUsageUtility.cs:22 
UnityEngine.Debug:ExtractStackTraceNoAlloc (byte*,int,string)
UnityEngine.StackTraceUtility:ExtractStackTrace ()
UnityEngine.DebugLogHandler:Internal_Log (UnityEngine.LogType,UnityEngine.LogOption,string,UnityEngine.Object)
UnityEngine.DebugLogHandler:LogFormat (UnityEngine.LogType,UnityEngine.Object,string,object[])
UnityEngine.Logger:Log (UnityEngine.LogType,object)
UnityEngine.Debug:LogError (object)
UnityEditor.EditorAssemblies:ProcessInitializeOnLoadAttributes (System.Type[])

ScheduleIndexationOnStartup MainProcess:False IndexOnStartup:True
Mono: successfully reloaded assembly
- Finished resetting the current domain, in  0.879 seconds
Domain Reload Profiling: 1634ms
	BeginReloadAssembly (260ms)
		ExecutionOrderSort (0ms)
		DisableScriptedObjects (10ms)
		BackupInstance (0ms)
		ReleaseScriptingObjects (0ms)
		CreateAndSetChildDomain (42ms)
	RebuildCommonClasses (30ms)
	RebuildNativeTypeToScriptingClass (10ms)
	initialDomainReloadingComplete (26ms)
	LoadAllAssembliesAndSetupDomain (429ms)
		LoadAssemblies (440ms)
		RebuildTransferFunctionScriptingTraits (0ms)
		AnalyzeDomain (138ms)
			TypeCache.Refresh (6ms)
				TypeCache.ScanAssembly (0ms)
			BuildScriptInfoCaches (124ms)
			ResolveRequiredComponents (5ms)
	FinalizeReload (879ms)
		ReleaseScriptCaches (0ms)
		RebuildScriptCaches (0ms)
		SetupLoadedEditorAssemblies (562ms)
			LogAssemblyErrors (0ms)
			InitializePlatformSupportModulesInManaged (6ms)
			SetLoadedEditorAssemblies (4ms)
			BeforeProcessingInitializeOnLoad (129ms)
			ProcessInitializeOnLoadAttributes (363ms)
			ProcessInitializeOnLoadMethodAttributes (49ms)
			AfterProcessingInitializeOnLoad (11ms)
			EditorAssembliesLoaded (0ms)
		ExecutionOrderSort2 (0ms)
		AwakeInstancesAfterBackupRestoration (4ms)
Refreshing native plugins compatible for Editor in 4.58 ms, found 4 plugins.
Preloading 0 native plugins for Editor in 0.00 ms.
Unloading 0 Unused Serialized files (Serialized files now loaded: 0)
Unloading 5121 unused Assets / (1.4 MB). Loaded Objects now: 5729.
Memory consumption went from 110.2 MB to 108.9 MB.
Total: 11.811700 ms (FindLiveObjects: 0.446800 ms CreateObjectMapping: 0.375300 ms MarkObjects: 9.839800 ms  DeleteObjects: 1.148800 ms)

Prepare: number of updated asset objects reloaded= 0
========================================================================
Received Import Request.
  Time since last request: 1859.859786 seconds.
  path: Assets/Resources/Fonts
  artifactKey: Guid(49859ad24971f1f4f8112a75a3c8c294) Importer(815301076,1909f56bfc062723c751e8b465ee728b)
Start importing Assets/Resources/Fonts using Guid(49859ad24971f1f4f8112a75a3c8c294) Importer(815301076,1909f56bfc062723c751e8b465ee728b) (PreviewImporter) -> (artifact id: '469807f03b2536c0201ee21e101b0ce2') in 0.0054336 seconds
Number of updated asset objects reloaded before import = 0Number of asset objects unloaded after import = 0

========================================================================
Received Import Request.
  Time since last request: 5.493925 seconds.
  path: Assets/Resources/Fonts/NanumGothic-Regular SDF.asset
  artifactKey: Guid(7233a660509ab9c449b7384b13c91d53) Importer(815301076,1909f56bfc062723c751e8b465ee728b)
Start importing Assets/Resources/Fonts/NanumGothic-Regular SDF.asset using Guid(7233a660509ab9c449b7384b13c91d53) Importer(815301076,1909f56bfc062723c751e8b465ee728b) (PreviewImporter) -> (artifact id: '675b9d3fbb95e46d7bfa25c268202823') in 0.6217885 seconds
Number of updated asset objects reloaded before import = 0Number of asset objects unloaded after import = 4

========================================================================
Received Import Request.
  Time since last request: 45.976098 seconds.
  path: Assets/Resources/Fonts/NanumGothic-Bold.ttf
  artifactKey: Guid(69d6e97525adf1e4b987e22f85dec309) Importer(815301076,1909f56bfc062723c751e8b465ee728b)
Start importing Assets/Resources/Fonts/NanumGothic-Bold.ttf using Guid(69d6e97525adf1e4b987e22f85dec309) Importer(815301076,1909f56bfc062723c751e8b465ee728b) (PreviewImporter) -> (artifact id: 'cc3ce66b313bd08ff5031beee7aa9b03') in 0.0246939 seconds
Number of updated asset objects reloaded before import = 0Number of asset objects unloaded after import = 4

========================================================================
Received Import Request.
  Time since last request: 1.865739 seconds.
  path: Assets/Resources/Fonts/NanumGothic-ExtraBold.ttf
  artifactKey: Guid(cabe87cd4ed768f40aadee32b845dbfc) Importer(815301076,1909f56bfc062723c751e8b465ee728b)
Start importing Assets/Resources/Fonts/NanumGothic-ExtraBold.ttf using Guid(cabe87cd4ed768f40aadee32b845dbfc) Importer(815301076,1909f56bfc062723c751e8b465ee728b) (PreviewImporter) -> (artifact id: 'c90a8c472740dd00f5f461fa60285119') in 0.0178063 seconds
Number of updated asset objects reloaded before import = 0Number of asset objects unloaded after import = 4

========================================================================
Received Import Request.
  Time since last request: 0.703556 seconds.
  path: Assets/Resources/Fonts/NanumGothic-Regular.ttf
  artifactKey: Guid(3411d9bfed2875f429ecbd88a5ec3c6a) Importer(815301076,1909f56bfc062723c751e8b465ee728b)
Start importing Assets/Resources/Fonts/NanumGothic-Regular.ttf using Guid(3411d9bfed2875f429ecbd88a5ec3c6a) Importer(815301076,1909f56bfc062723c751e8b465ee728b) (PreviewImporter) -> (artifact id: '3b18176a0b0226573df68fff32e37058') in 0.0181695 seconds
Number of updated asset objects reloaded before import = 0Number of asset objects unloaded after import = 4

========================================================================
Received Prepare
Begin MonoManager ReloadAssembly
[Licensing::Client] Successfully resolved entitlement details
[Licensing::Module] License group:
  Id: F4-AKY6-PKNA-WNG4-95XJ-XXXX
  Product: Unity Personal
  Type: ULF
  Expiration: Unlimited
[Licensing::Module] License group:
  Id: 623459-UnityPersXXXX
  Product: Unity Personal
  Type: Assigned
  Expiration: Unlimited
Symbol file LoadedFromMemory is not a mono symbol file
- Loaded All Assemblies, in  0.778 seconds
Refreshing native plugins compatible for Editor in 3.01 ms, found 4 plugins.
Native extension for Android target not found
Native extension for WindowsStandalone target not found
[Package Manager] Failed to launch server process. Reason: Unity was launched with the -noUpm command-line argument
[Package Manager] Unable to send message (not connected to server process).
[Package Manager] Cannot connect to Unity Package Manager local server
[Package Manager] Failed to launch server process. Reason: Unity was launched with the -noUpm command-line argument
[Package Manager] Unable to send message (not connected to server process).
[Package Manager] Cannot connect to Unity Package Manager local server
System.Exception: Error! Visual Scripting: couldn't find visual scripting package
  at Unity.VisualScripting.PackageVersionUtility.get_version () [0x00043] in .\Library\PackageCache\com.unity.visualscripting@eb6004dcc707\Editor\VisualScripting.Core\Utilities\PackageVersionUtility.cs:31 
  at Unity.VisualScripting.BoltCoreManifest.get_version () [0x00000] in .\Library\PackageCache\com.unity.visualscripting@eb6004dcc707\Editor\VisualScripting.Core\Plugin\BoltCoreManifest.cs:11 
  at Unity.VisualScripting.PluginManifest.get_currentVersion () [0x00000] in .\Library\PackageCache\com.unity.visualscripting@eb6004dcc707\Editor\VisualScripting.Core\Plugins\PluginManifest.cs:33 
  at Unity.VisualScripting.PluginManifest.get_versionMismatch () [0x00000] in .\Library\PackageCache\com.unity.visualscripting@eb6004dcc707\Editor\VisualScripting.Core\Plugins\PluginManifest.cs:48 
  at Unity.VisualScripting.PluginContainer.Initialize () [0x00525] in .\Library\PackageCache\com.unity.visualscripting@eb6004dcc707\Editor\VisualScripting.Core\Plugins\PluginContainer.cs:208 
  at Unity.VisualScripting.PluginContainer.InitializeOnLoad () [0x00009] in .\Library\PackageCache\com.unity.visualscripting@eb6004dcc707\Editor\VisualScripting.Core\Plugins\PluginContainer.cs:32 
  at Unity.VisualScripting.VSUsageUtility.DoInitializeOnLoadCalls () [0x00034] in .\Library\PackageCache\com.unity.visualscripting@eb6004dcc707\Editor\VisualScripting.Core\Utilities\VSUsageUtility.cs:76 
  at Unity.VisualScripting.VSUsageUtility.set_isVisualScriptingUsed (System.Boolean value) [0x0002c] in .\Library\PackageCache\com.unity.visualscripting@eb6004dcc707\Editor\VisualScripting.Core\Utilities\VSUsageUtility.cs:114 
  at Unity.VisualScripting.VSUsageUtility.CheckAndSetIsVisualScriptingUsed () [0x0000d] in .\Library\PackageCache\com.unity.visualscripting@eb6004dcc707\Editor\VisualScripting.Core\Utilities\VSUsageUtility.cs:33 
  at Unity.VisualScripting.VSUsageUtility..cctor () [0x00000] in .\Library\PackageCache\com.unity.visualscripting@eb6004dcc707\Editor\VisualScripting.Core\Utilities\VSUsageUtility.cs:22 
UnityEngine.Debug:ExtractStackTraceNoAlloc (byte*,int,string)
UnityEngine.StackTraceUtility:ExtractStackTrace ()
UnityEngine.DebugLogHandler:Internal_Log (UnityEngine.LogType,UnityEngine.LogOption,string,UnityEngine.Object)
UnityEngine.DebugLogHandler:LogFormat (UnityEngine.LogType,UnityEngine.Object,string,object[])
UnityEngine.Logger:Log (UnityEngine.LogType,object)
UnityEngine.Debug:LogError (object)
UnityEditor.EditorAssemblies:ProcessInitializeOnLoadAttributes (System.Type[])

ScheduleIndexationOnStartup MainProcess:False IndexOnStartup:True
Mono: successfully reloaded assembly
- Finished resetting the current domain, in  0.876 seconds
Domain Reload Profiling: 1652ms
	BeginReloadAssembly (260ms)
		ExecutionOrderSort (0ms)
		DisableScriptedObjects (11ms)
		BackupInstance (0ms)
		ReleaseScriptingObjects (0ms)
		CreateAndSetChildDomain (44ms)
	RebuildCommonClasses (28ms)
	RebuildNativeTypeToScriptingClass (9ms)
	initialDomainReloadingComplete (24ms)
	LoadAllAssembliesAndSetupDomain (455ms)
		LoadAssemblies (459ms)
		RebuildTransferFunctionScriptingTraits (0ms)
		AnalyzeDomain (149ms)
			TypeCache.Refresh (7ms)
				TypeCache.ScanAssembly (0ms)
			BuildScriptInfoCaches (134ms)
			ResolveRequiredComponents (4ms)
	FinalizeReload (876ms)
		ReleaseScriptCaches (0ms)
		RebuildScriptCaches (0ms)
		SetupLoadedEditorAssemblies (553ms)
			LogAssemblyErrors (0ms)
			InitializePlatformSupportModulesInManaged (6ms)
			SetLoadedEditorAssemblies (4ms)
			BeforeProcessingInitializeOnLoad (126ms)
			ProcessInitializeOnLoadAttributes (361ms)
			ProcessInitializeOnLoadMethodAttributes (49ms)
			AfterProcessingInitializeOnLoad (6ms)
			EditorAssembliesLoaded (0ms)
		ExecutionOrderSort2 (0ms)
		AwakeInstancesAfterBackupRestoration (5ms)
Refreshing native plugins compatible for Editor in 2.49 ms, found 4 plugins.
Preloading 0 native plugins for Editor in 0.00 ms.
Unloading 0 Unused Serialized files (Serialized files now loaded: 0)
Unloading 5121 unused Assets / (1.4 MB). Loaded Objects now: 5776.
Memory consumption went from 110.8 MB to 109.5 MB.
Total: 11.937900 ms (FindLiveObjects: 0.584800 ms CreateObjectMapping: 0.314800 ms MarkObjects: 9.887100 ms  DeleteObjects: 1.150000 ms)

Prepare: number of updated asset objects reloaded= 0
========================================================================
Received Import Request.
  Time since last request: 2044.050959 seconds.
  path: Assets/Prefabs
  artifactKey: Guid(62c3c6d9d6bf8c94fac6abbdbba72c95) Importer(815301076,1909f56bfc062723c751e8b465ee728b)
Start importing Assets/Prefabs using Guid(62c3c6d9d6bf8c94fac6abbdbba72c95) Importer(815301076,1909f56bfc062723c751e8b465ee728b) (PreviewImporter) -> (artifact id: '9298526147b86d7f125fe53c8901b9ec') in 0.0027324 seconds
Number of updated asset objects reloaded before import = 0Number of asset objects unloaded after import = 0

========================================================================
Received Import Request.
  Time since last request: 0.839658 seconds.
  path: Assets/Prefabs/UserConnection.prefab
  artifactKey: Guid(f03a5d2cca32bec4894b106fe0fd9efe) Importer(815301076,1909f56bfc062723c751e8b465ee728b)
Start importing Assets/Prefabs/UserConnection.prefab using Guid(f03a5d2cca32bec4894b106fe0fd9efe) Importer(815301076,1909f56bfc062723c751e8b465ee728b) (PreviewImporter) -> (artifact id: '831401da62762dea83643947c629518b') in 0.0220223 seconds
Number of updated asset objects reloaded before import = 0Number of asset objects unloaded after import = 6

========================================================================
Received Prepare
Begin MonoManager ReloadAssembly
[Licensing::Client] Successfully resolved entitlement details
[Licensing::Module] License group:
  Id: F4-AKY6-PKNA-WNG4-95XJ-XXXX
  Product: Unity Personal
  Type: ULF
  Expiration: Unlimited
[Licensing::Module] License group:
  Id: 623459-UnityPersXXXX
  Product: Unity Personal
  Type: Assigned
  Expiration: Unlimited
Symbol file LoadedFromMemory is not a mono symbol file
- Loaded All Assemblies, in  0.765 seconds
Refreshing native plugins compatible for Editor in 2.76 ms, found 4 plugins.
Native extension for Android target not found
Native extension for WindowsStandalone target not found
[Package Manager] Failed to launch server process. Reason: Unity was launched with the -noUpm command-line argument
[Package Manager] Unable to send message (not connected to server process).
[Package Manager] Cannot connect to Unity Package Manager local server
[Package Manager] Failed to launch server process. Reason: Unity was launched with the -noUpm command-line argument
[Package Manager] Unable to send message (not connected to server process).
[Package Manager] Cannot connect to Unity Package Manager local server
System.Exception: Error! Visual Scripting: couldn't find visual scripting package
  at Unity.VisualScripting.PackageVersionUtility.get_version () [0x00043] in .\Library\PackageCache\com.unity.visualscripting@eb6004dcc707\Editor\VisualScripting.Core\Utilities\PackageVersionUtility.cs:31 
  at Unity.VisualScripting.BoltCoreManifest.get_version () [0x00000] in .\Library\PackageCache\com.unity.visualscripting@eb6004dcc707\Editor\VisualScripting.Core\Plugin\BoltCoreManifest.cs:11 
  at Unity.VisualScripting.PluginManifest.get_currentVersion () [0x00000] in .\Library\PackageCache\com.unity.visualscripting@eb6004dcc707\Editor\VisualScripting.Core\Plugins\PluginManifest.cs:33 
  at Unity.VisualScripting.PluginManifest.get_versionMismatch () [0x00000] in .\Library\PackageCache\com.unity.visualscripting@eb6004dcc707\Editor\VisualScripting.Core\Plugins\PluginManifest.cs:48 
  at Unity.VisualScripting.PluginContainer.Initialize () [0x00525] in .\Library\PackageCache\com.unity.visualscripting@eb6004dcc707\Editor\VisualScripting.Core\Plugins\PluginContainer.cs:208 
  at Unity.VisualScripting.PluginContainer.InitializeOnLoad () [0x00009] in .\Library\PackageCache\com.unity.visualscripting@eb6004dcc707\Editor\VisualScripting.Core\Plugins\PluginContainer.cs:32 
  at Unity.VisualScripting.VSUsageUtility.DoInitializeOnLoadCalls () [0x00034] in .\Library\PackageCache\com.unity.visualscripting@eb6004dcc707\Editor\VisualScripting.Core\Utilities\VSUsageUtility.cs:76 
  at Unity.VisualScripting.VSUsageUtility.set_isVisualScriptingUsed (System.Boolean value) [0x0002c] in .\Library\PackageCache\com.unity.visualscripting@eb6004dcc707\Editor\VisualScripting.Core\Utilities\VSUsageUtility.cs:114 
  at Unity.VisualScripting.VSUsageUtility.CheckAndSetIsVisualScriptingUsed () [0x0000d] in .\Library\PackageCache\com.unity.visualscripting@eb6004dcc707\Editor\VisualScripting.Core\Utilities\VSUsageUtility.cs:33 
  at Unity.VisualScripting.VSUsageUtility..cctor () [0x00000] in .\Library\PackageCache\com.unity.visualscripting@eb6004dcc707\Editor\VisualScripting.Core\Utilities\VSUsageUtility.cs:22 
UnityEngine.Debug:ExtractStackTraceNoAlloc (byte*,int,string)
UnityEngine.StackTraceUtility:ExtractStackTrace ()
UnityEngine.DebugLogHandler:Internal_Log (UnityEngine.LogType,UnityEngine.LogOption,string,UnityEngine.Object)
UnityEngine.DebugLogHandler:LogFormat (UnityEngine.LogType,UnityEngine.Object,string,object[])
UnityEngine.Logger:Log (UnityEngine.LogType,object)
UnityEngine.Debug:LogError (object)
UnityEditor.EditorAssemblies:ProcessInitializeOnLoadAttributes (System.Type[])

ScheduleIndexationOnStartup MainProcess:False IndexOnStartup:True
Mono: successfully reloaded assembly
- Finished resetting the current domain, in  0.934 seconds
Domain Reload Profiling: 1699ms
	BeginReloadAssembly (257ms)
		ExecutionOrderSort (0ms)
		DisableScriptedObjects (10ms)
		BackupInstance (0ms)
		ReleaseScriptingObjects (0ms)
		CreateAndSetChildDomain (40ms)
	RebuildCommonClasses (28ms)
	RebuildNativeTypeToScriptingClass (10ms)
	initialDomainReloadingComplete (33ms)
	LoadAllAssembliesAndSetupDomain (437ms)
		LoadAssemblies (451ms)
		RebuildTransferFunctionScriptingTraits (0ms)
		AnalyzeDomain (138ms)
			TypeCache.Refresh (6ms)
				TypeCache.ScanAssembly (0ms)
			BuildScriptInfoCaches (125ms)
			ResolveRequiredComponents (4ms)
	FinalizeReload (934ms)
		ReleaseScriptCaches (0ms)
		RebuildScriptCaches (0ms)
		SetupLoadedEditorAssemblies (586ms)
			LogAssemblyErrors (0ms)
			InitializePlatformSupportModulesInManaged (7ms)
			SetLoadedEditorAssemblies (3ms)
			BeforeProcessingInitializeOnLoad (131ms)
			ProcessInitializeOnLoadAttributes (387ms)
			ProcessInitializeOnLoadMethodAttributes (52ms)
			AfterProcessingInitializeOnLoad (7ms)
			EditorAssembliesLoaded (0ms)
		ExecutionOrderSort2 (0ms)
		AwakeInstancesAfterBackupRestoration (5ms)
Refreshing native plugins compatible for Editor in 2.56 ms, found 4 plugins.
Preloading 0 native plugins for Editor in 0.00 ms.
Unloading 0 Unused Serialized files (Serialized files now loaded: 0)
Unloading 5121 unused Assets / (1.4 MB). Loaded Objects now: 5780.
Memory consumption went from 110.8 MB to 109.4 MB.
Total: 13.344700 ms (FindLiveObjects: 0.392100 ms CreateObjectMapping: 0.380200 ms MarkObjects: 11.404700 ms  DeleteObjects: 1.166600 ms)

Prepare: number of updated asset objects reloaded= 0
